07/11-12:20:05.307047 ,1,368,6,"ICMP PING BSDtype",ICMP,192.168.137.170,,192.168.137.180,,00:24:2C:58:5B:F8,2C:81:58:F5:37:8E,0x62,,,,,,64,0,0,84,86016,8,0,8111,1
07/11-12:20:05.307047 ,1,366,7,"ICMP PING *NIX",ICMP,192.168.137.170,,192.168.137.180,,00:24:2C:58:5B:F8,2C:81:58:F5:37:8E,0x62,,,,,,64,0,0,84,86016,8,0,8111,1
07/11-12:20:05.307047 ,1,50002,0,"PACKET SENT",ICMP,192.168.137.170,,192.168.137.180,,00:24:2C:58:5B:F8,2C:81:58:F5:37:8E,0x62,,,,,,64,0,0,84,86016,8,0,8111,1
07/11-12:20:05.307047 ,1,384,5,"ICMP PING",ICMP,192.168.137.170,,192.168.137.180,,00:24:2C:58:5B:F8,2C:81:58:F5:37:8E,0x62,,,,,,64,0,0,84,86016,8,0,8111,1
07/11-12:20:05.316687 ,1,408,5,"ICMP Echo Reply",ICMP,192.168.137.180,,192.168.137.170,,2C:81:58:F5:37:8E,00:24:2C:58:5B:F8,0x62,,,,,,64,0,35868,84,86016,0,0,8111,1
07/11-12:20:05.607908 ,1,368,6,"ICMP PING BSDtype",ICMP,192.168.137.170,,192.168.137.180,,00:24:2C:58:5B:F8,2C:81:58:F5:37:8E,0x62,,,,,,64,0,0,84,86016,8,0,8111,2
07/11-12:20:05.607908 ,1,366,7,"ICMP PING *NIX",ICMP,192.168.137.170,,192.168.137.180,,00:24:2C:58:5B:F8,2C:81:58:F5:37:8E,0x62,,,,,,64,0,0,84,86016,8,0,8111,2
07/11-12:20:05.607908 ,1,50002,0,"PACKET SENT",ICMP,192.168.137.170,,192.168.137.180,,00:24:2C:58:5B:F8,2C:81:58:F5:37:8E,0x62,,,,,,64,0,0,84,86016,8,0,8111,2
07/11-12:20:05.607908 ,1,384,5,"ICMP PING",ICMP,192.168.137.170,,192.168.137.180,,00:24:2C:58:5B:F8,2C:81:58:F5:37:8E,0x62,,,,,,64,0,0,84,86016,8,0,8111,2
07/11-12:20:05.615502 ,1,408,5,"ICMP Echo Reply",ICMP,192.168.137.180,,192.168.137.170,,2C:81:58:F5:37:8E,00:24:2C:58:5B:F8,0x62,,,,,,64,0,35869,84,86016,0,0,8111,2
07/11-12:20:05.909161 ,1,368,6,"ICMP PING BSDtype",ICMP,192.168.137.170,,192.168.137.180,,00:24:2C:58:5B:F8,2C:81:58:F5:37:8E,0x62,,,,,,64,0,0,84,86016,8,0,8111,3
07/11-12:20:05.909161 ,1,366,7,"ICMP PING *NIX",ICMP,192.168.137.170,,192.168.137.180,,00:24:2C:58:5B:F8,2C:81:58:F5:37:8E,0x62,,,,,,64,0,0,84,86016,8,0,8111,3
07/11-12:20:05.909161 ,1,50002,0,"PACKET SENT",ICMP,192.168.137.170,,192.168.137.180,,00:24:2C:58:5B:F8,2C:81:58:F5:37:8E,0x62,,,,,,64,0,0,84,86016,8,0,8111,3
07/11-12:20:05.909161 ,1,384,5,"ICMP PING",ICMP,192.168.137.170,,192.168.137.180,,00:24:2C:58:5B:F8,2C:81:58:F5:37:8E,0x62,,,,,,64,0,0,84,86016,8,0,8111,3
07/11-12:20:05.916364 ,1,408,5,"ICMP Echo Reply",ICMP,192.168.137.180,,192.168.137.170,,2C:81:58:F5:37:8E,00:24:2C:58:5B:F8,0x62,,,,,,64,0,35870,84,86016,0,0,8111,3
07/11-12:20:06.209956 ,1,368,6,"ICMP PING BSDtype",ICMP,192.168.137.170,,192.168.137.180,,00:24:2C:58:5B:F8,2C:81:58:F5:37:8E,0x62,,,,,,64,0,0,84,86016,8,0,8111,4
07/11-12:20:06.209956 ,1,366,7,"ICMP PING *NIX",ICMP,192.168.137.170,,192.168.137.180,,00:24:2C:58:5B:F8,2C:81:58:F5:37:8E,0x62,,,,,,64,0,0,84,86016,8,0,8111,4
07/11-12:20:06.209956 ,1,50002,0,"PACKET SENT",ICMP,192.168.137.170,,192.168.137.180,,00:24:2C:58:5B:F8,2C:81:58:F5:37:8E,0x62,,,,,,64,0,0,84,86016,8,0,8111,4
07/11-12:20:06.209956 ,1,384,5,"ICMP PING",ICMP,192.168.137.170,,192.168.137.180,,00:24:2C:58:5B:F8,2C:81:58:F5:37:8E,0x62,,,,,,64,0,0,84,86016,8,0,8111,4
07/11-12:20:06.214213 ,1,408,5,"ICMP Echo Reply",ICMP,192.168.137.180,,192.168.137.170,,2C:81:58:F5:37:8E,00:24:2C:58:5B:F8,0x62,,,,,,64,0,35871,84,86016,0,0,8111,4
07/11-12:20:06.510828 ,1,368,6,"ICMP PING BSDtype",ICMP,192.168.137.170,,192.168.137.180,,00:24:2C:58:5B:F8,2C:81:58:F5:37:8E,0x62,,,,,,64,0,0,84,86016,8,0,8111,5
07/11-12:20:06.510828 ,1,366,7,"ICMP PING *NIX",ICMP,192.168.137.170,,192.168.137.180,,00:24:2C:58:5B:F8,2C:81:58:F5:37:8E,0x62,,,,,,64,0,0,84,86016,8,0,8111,5
07/11-12:20:06.510828 ,1,50002,0,"PACKET SENT",ICMP,192.168.137.170,,192.168.137.180,,00:24:2C:58:5B:F8,2C:81:58:F5:37:8E,0x62,,,,,,64,0,0,84,86016,8,0,8111,5
07/11-12:20:06.510828 ,1,384,5,"ICMP PING",ICMP,192.168.137.170,,192.168.137.180,,00:24:2C:58:5B:F8,2C:81:58:F5:37:8E,0x62,,,,,,64,0,0,84,86016,8,0,8111,5
07/11-12:20:06.519001 ,1,408,5,"ICMP Echo Reply",ICMP,192.168.137.180,,192.168.137.170,,2C:81:58:F5:37:8E,00:24:2C:58:5B:F8,0x62,,,,,,64,0,35872,84,86016,0,0,8111,5
07/11-12:20:06.811689 ,1,368,6,"ICMP PING BSDtype",ICMP,192.168.137.170,,192.168.137.180,,00:24:2C:58:5B:F8,2C:81:58:F5:37:8E,0x62,,,,,,64,0,0,84,86016,8,0,8111,6
07/11-12:20:06.811689 ,1,366,7,"ICMP PING *NIX",ICMP,192.168.137.170,,192.168.137.180,,00:24:2C:58:5B:F8,2C:81:58:F5:37:8E,0x62,,,,,,64,0,0,84,86016,8,0,8111,6
07/11-12:20:06.811689 ,1,50002,0,"PACKET SENT",ICMP,192.168.137.170,,192.168.137.180,,00:24:2C:58:5B:F8,2C:81:58:F5:37:8E,0x62,,,,,,64,0,0,84,86016,8,0,8111,6
07/11-12:20:06.811689 ,1,384,5,"ICMP PING",ICMP,192.168.137.170,,192.168.137.180,,00:24:2C:58:5B:F8,2C:81:58:F5:37:8E,0x62,,,,,,64,0,0,84,86016,8,0,8111,6
07/11-12:20:06.822802 ,1,408,5,"ICMP Echo Reply",ICMP,192.168.137.180,,192.168.137.170,,2C:81:58:F5:37:8E,00:24:2C:58:5B:F8,0x62,,,,,,64,0,35873,84,86016,0,0,8111,6
07/11-12:20:07.112283 ,1,368,6,"ICMP PING BSDtype",ICMP,192.168.137.170,,192.168.137.180,,00:24:2C:58:5B:F8,2C:81:58:F5:37:8E,0x62,,,,,,64,0,0,84,86016,8,0,8111,7
07/11-12:20:07.112283 ,1,366,7,"ICMP PING *NIX",ICMP,192.168.137.170,,192.168.137.180,,00:24:2C:58:5B:F8,2C:81:58:F5:37:8E,0x62,,,,,,64,0,0,84,86016,8,0,8111,7
07/11-12:20:07.112283 ,1,50002,0,"PACKET SENT",ICMP,192.168.137.170,,192.168.137.180,,00:24:2C:58:5B:F8,2C:81:58:F5:37:8E,0x62,,,,,,64,0,0,84,86016,8,0,8111,7
07/11-12:20:07.112283 ,1,384,5,"ICMP PING",ICMP,192.168.137.170,,192.168.137.180,,00:24:2C:58:5B:F8,2C:81:58:F5:37:8E,0x62,,,,,,64,0,0,84,86016,8,0,8111,7
07/11-12:20:07.119456 ,1,408,5,"ICMP Echo Reply",ICMP,192.168.137.180,,192.168.137.170,,2C:81:58:F5:37:8E,00:24:2C:58:5B:F8,0x62,,,,,,64,0,35874,84,86016,0,0,8111,7
07/11-12:20:07.413092 ,1,368,6,"ICMP PING BSDtype",ICMP,192.168.137.170,,192.168.137.180,,00:24:2C:58:5B:F8,2C:81:58:F5:37:8E,0x62,,,,,,64,0,0,84,86016,8,0,8111,8
07/11-12:20:07.413092 ,1,366,7,"ICMP PING *NIX",ICMP,192.168.137.170,,192.168.137.180,,00:24:2C:58:5B:F8,2C:81:58:F5:37:8E,0x62,,,,,,64,0,0,84,86016,8,0,8111,8
07/11-12:20:07.413092 ,1,50002,0,"PACKET SENT",ICMP,192.168.137.170,,192.168.137.180,,00:24:2C:58:5B:F8,2C:81:58:F5:37:8E,0x62,,,,,,64,0,0,84,86016,8,0,8111,8
07/11-12:20:07.413092 ,1,384,5,"ICMP PING",ICMP,192.168.137.170,,192.168.137.180,,00:24:2C:58:5B:F8,2C:81:58:F5:37:8E,0x62,,,,,,64,0,0,84,86016,8,0,8111,8
07/11-12:20:07.420310 ,1,408,5,"ICMP Echo Reply",ICMP,192.168.137.180,,192.168.137.170,,2C:81:58:F5:37:8E,00:24:2C:58:5B:F8,0x62,,,,,,64,0,35875,84,86016,0,0,8111,8
07/11-12:20:07.713958 ,1,368,6,"ICMP PING BSDtype",ICMP,192.168.137.170,,192.168.137.180,,00:24:2C:58:5B:F8,2C:81:58:F5:37:8E,0x62,,,,,,64,0,0,84,86016,8,0,8111,9
07/11-12:20:07.713958 ,1,366,7,"ICMP PING *NIX",ICMP,192.168.137.170,,192.168.137.180,,00:24:2C:58:5B:F8,2C:81:58:F5:37:8E,0x62,,,,,,64,0,0,84,86016,8,0,8111,9
07/11-12:20:07.713958 ,1,50002,0,"PACKET SENT",ICMP,192.168.137.170,,192.168.137.180,,00:24:2C:58:5B:F8,2C:81:58:F5:37:8E,0x62,,,,,,64,0,0,84,86016,8,0,8111,9
07/11-12:20:07.713958 ,1,384,5,"ICMP PING",ICMP,192.168.137.170,,192.168.137.180,,00:24:2C:58:5B:F8,2C:81:58:F5:37:8E,0x62,,,,,,64,0,0,84,86016,8,0,8111,9
07/11-12:20:07.721126 ,1,408,5,"ICMP Echo Reply",ICMP,192.168.137.180,,192.168.137.170,,2C:81:58:F5:37:8E,00:24:2C:58:5B:F8,0x62,,,,,,64,0,35876,84,86016,0,0,8111,9
07/11-12:20:08.014756 ,1,368,6,"ICMP PING BSDtype",ICMP,192.168.137.170,,192.168.137.180,,00:24:2C:58:5B:F8,2C:81:58:F5:37:8E,0x62,,,,,,64,0,0,84,86016,8,0,8111,10
07/11-12:20:08.014756 ,1,366,7,"ICMP PING *NIX",ICMP,192.168.137.170,,192.168.137.180,,00:24:2C:58:5B:F8,2C:81:58:F5:37:8E,0x62,,,,,,64,0,0,84,86016,8,0,8111,10
07/11-12:20:08.014756 ,1,50002,0,"PACKET SENT",ICMP,192.168.137.170,,192.168.137.180,,00:24:2C:58:5B:F8,2C:81:58:F5:37:8E,0x62,,,,,,64,0,0,84,86016,8,0,8111,10
07/11-12:20:08.014756 ,1,384,5,"ICMP PING",ICMP,192.168.137.170,,192.168.137.180,,00:24:2C:58:5B:F8,2C:81:58:F5:37:8E,0x62,,,,,,64,0,0,84,86016,8,0,8111,10
07/11-12:20:08.021904 ,1,408,5,"ICMP Echo Reply",ICMP,192.168.137.180,,192.168.137.170,,2C:81:58:F5:37:8E,00:24:2C:58:5B:F8,0x62,,,,,,64,0,35877,84,86016,0,0,8111,10
07/11-12:20:08.315504 ,1,368,6,"ICMP PING BSDtype",ICMP,192.168.137.170,,192.168.137.180,,00:24:2C:58:5B:F8,2C:81:58:F5:37:8E,0x62,,,,,,64,0,0,84,86016,8,0,8111,11
07/11-12:20:08.315504 ,1,366,7,"ICMP PING *NIX",ICMP,192.168.137.170,,192.168.137.180,,00:24:2C:58:5B:F8,2C:81:58:F5:37:8E,0x62,,,,,,64,0,0,84,86016,8,0,8111,11
07/11-12:20:08.315504 ,1,50002,0,"PACKET SENT",ICMP,192.168.137.170,,192.168.137.180,,00:24:2C:58:5B:F8,2C:81:58:F5:37:8E,0x62,,,,,,64,0,0,84,86016,8,0,8111,11
07/11-12:20:08.315504 ,1,384,5,"ICMP PING",ICMP,192.168.137.170,,192.168.137.180,,00:24:2C:58:5B:F8,2C:81:58:F5:37:8E,0x62,,,,,,64,0,0,84,86016,8,0,8111,11
07/11-12:20:08.321252 ,1,408,5,"ICMP Echo Reply",ICMP,192.168.137.180,,192.168.137.170,,2C:81:58:F5:37:8E,00:24:2C:58:5B:F8,0x62,,,,,,64,0,35878,84,86016,0,0,8111,11
07/11-12:20:08.616899 ,1,368,6,"ICMP PING BSDtype",ICMP,192.168.137.170,,192.168.137.180,,00:24:2C:58:5B:F8,2C:81:58:F5:37:8E,0x62,,,,,,64,0,0,84,86016,8,0,8111,12
07/11-12:20:08.616899 ,1,366,7,"ICMP PING *NIX",ICMP,192.168.137.170,,192.168.137.180,,00:24:2C:58:5B:F8,2C:81:58:F5:37:8E,0x62,,,,,,64,0,0,84,86016,8,0,8111,12
07/11-12:20:08.616899 ,1,50002,0,"PACKET SENT",ICMP,192.168.137.170,,192.168.137.180,,00:24:2C:58:5B:F8,2C:81:58:F5:37:8E,0x62,,,,,,64,0,0,84,86016,8,0,8111,12
07/11-12:20:08.616899 ,1,384,5,"ICMP PING",ICMP,192.168.137.170,,192.168.137.180,,00:24:2C:58:5B:F8,2C:81:58:F5:37:8E,0x62,,,,,,64,0,0,84,86016,8,0,8111,12
07/11-12:20:08.622839 ,1,408,5,"ICMP Echo Reply",ICMP,192.168.137.180,,192.168.137.170,,2C:81:58:F5:37:8E,00:24:2C:58:5B:F8,0x62,,,,,,64,0,35879,84,86016,0,0,8111,12
07/11-12:20:08.917481 ,1,368,6,"ICMP PING BSDtype",ICMP,192.168.137.170,,192.168.137.180,,00:24:2C:58:5B:F8,2C:81:58:F5:37:8E,0x62,,,,,,64,0,0,84,86016,8,0,8111,13
07/11-12:20:08.917481 ,1,366,7,"ICMP PING *NIX",ICMP,192.168.137.170,,192.168.137.180,,00:24:2C:58:5B:F8,2C:81:58:F5:37:8E,0x62,,,,,,64,0,0,84,86016,8,0,8111,13
07/11-12:20:08.917481 ,1,50002,0,"PACKET SENT",ICMP,192.168.137.170,,192.168.137.180,,00:24:2C:58:5B:F8,2C:81:58:F5:37:8E,0x62,,,,,,64,0,0,84,86016,8,0,8111,13
07/11-12:20:08.917481 ,1,384,5,"ICMP PING",ICMP,192.168.137.170,,192.168.137.180,,00:24:2C:58:5B:F8,2C:81:58:F5:37:8E,0x62,,,,,,64,0,0,84,86016,8,0,8111,13
07/11-12:20:08.924687 ,1,408,5,"ICMP Echo Reply",ICMP,192.168.137.180,,192.168.137.170,,2C:81:58:F5:37:8E,00:24:2C:58:5B:F8,0x62,,,,,,64,0,35880,84,86016,0,0,8111,13
07/11-12:20:09.218366 ,1,368,6,"ICMP PING BSDtype",ICMP,192.168.137.170,,192.168.137.180,,00:24:2C:58:5B:F8,2C:81:58:F5:37:8E,0x62,,,,,,64,0,0,84,86016,8,0,8111,14
07/11-12:20:09.218366 ,1,366,7,"ICMP PING *NIX",ICMP,192.168.137.170,,192.168.137.180,,00:24:2C:58:5B:F8,2C:81:58:F5:37:8E,0x62,,,,,,64,0,0,84,86016,8,0,8111,14
07/11-12:20:09.218366 ,1,50002,0,"PACKET SENT",ICMP,192.168.137.170,,192.168.137.180,,00:24:2C:58:5B:F8,2C:81:58:F5:37:8E,0x62,,,,,,64,0,0,84,86016,8,0,8111,14
07/11-12:20:09.218366 ,1,384,5,"ICMP PING",ICMP,192.168.137.170,,192.168.137.180,,00:24:2C:58:5B:F8,2C:81:58:F5:37:8E,0x62,,,,,,64,0,0,84,86016,8,0,8111,14
07/11-12:20:09.225847 ,1,408,5,"ICMP Echo Reply",ICMP,192.168.137.180,,192.168.137.170,,2C:81:58:F5:37:8E,00:24:2C:58:5B:F8,0x62,,,,,,64,0,35881,84,86016,0,0,8111,14
07/11-12:20:09.519502 ,1,368,6,"ICMP PING BSDtype",ICMP,192.168.137.170,,192.168.137.180,,00:24:2C:58:5B:F8,2C:81:58:F5:37:8E,0x62,,,,,,64,0,0,84,86016,8,0,8111,15
07/11-12:20:09.519502 ,1,366,7,"ICMP PING *NIX",ICMP,192.168.137.170,,192.168.137.180,,00:24:2C:58:5B:F8,2C:81:58:F5:37:8E,0x62,,,,,,64,0,0,84,86016,8,0,8111,15
07/11-12:20:09.519502 ,1,50002,0,"PACKET SENT",ICMP,192.168.137.170,,192.168.137.180,,00:24:2C:58:5B:F8,2C:81:58:F5:37:8E,0x62,,,,,,64,0,0,84,86016,8,0,8111,15
07/11-12:20:09.519502 ,1,384,5,"ICMP PING",ICMP,192.168.137.170,,192.168.137.180,,00:24:2C:58:5B:F8,2C:81:58:F5:37:8E,0x62,,,,,,64,0,0,84,86016,8,0,8111,15
07/11-12:20:09.526667 ,1,408,5,"ICMP Echo Reply",ICMP,192.168.137.180,,192.168.137.170,,2C:81:58:F5:37:8E,00:24:2C:58:5B:F8,0x62,,,,,,64,0,35882,84,86016,0,0,8111,15
07/11-12:20:09.820294 ,1,368,6,"ICMP PING BSDtype",ICMP,192.168.137.170,,192.168.137.180,,00:24:2C:58:5B:F8,2C:81:58:F5:37:8E,0x62,,,,,,64,0,0,84,86016,8,0,8111,16
07/11-12:20:09.820294 ,1,366,7,"ICMP PING *NIX",ICMP,192.168.137.170,,192.168.137.180,,00:24:2C:58:5B:F8,2C:81:58:F5:37:8E,0x62,,,,,,64,0,0,84,86016,8,0,8111,16
07/11-12:20:09.820294 ,1,50002,0,"PACKET SENT",ICMP,192.168.137.170,,192.168.137.180,,00:24:2C:58:5B:F8,2C:81:58:F5:37:8E,0x62,,,,,,64,0,0,84,86016,8,0,8111,16
07/11-12:20:09.820294 ,1,384,5,"ICMP PING",ICMP,192.168.137.170,,192.168.137.180,,00:24:2C:58:5B:F8,2C:81:58:F5:37:8E,0x62,,,,,,64,0,0,84,86016,8,0,8111,16
07/11-12:20:09.828273 ,1,408,5,"ICMP Echo Reply",ICMP,192.168.137.180,,192.168.137.170,,2C:81:58:F5:37:8E,00:24:2C:58:5B:F8,0x62,,,,,,64,0,35883,84,86016,0,0,8111,16
07/11-12:20:10.120951 ,1,368,6,"ICMP PING BSDtype",ICMP,192.168.137.170,,192.168.137.180,,00:24:2C:58:5B:F8,2C:81:58:F5:37:8E,0x62,,,,,,64,0,0,84,86016,8,0,8111,17
07/11-12:20:10.120951 ,1,366,7,"ICMP PING *NIX",ICMP,192.168.137.170,,192.168.137.180,,00:24:2C:58:5B:F8,2C:81:58:F5:37:8E,0x62,,,,,,64,0,0,84,86016,8,0,8111,17
07/11-12:20:10.120951 ,1,50002,0,"PACKET SENT",ICMP,192.168.137.170,,192.168.137.180,,00:24:2C:58:5B:F8,2C:81:58:F5:37:8E,0x62,,,,,,64,0,0,84,86016,8,0,8111,17
07/11-12:20:10.120951 ,1,384,5,"ICMP PING",ICMP,192.168.137.170,,192.168.137.180,,00:24:2C:58:5B:F8,2C:81:58:F5:37:8E,0x62,,,,,,64,0,0,84,86016,8,0,8111,17
07/11-12:20:10.128858 ,1,408,5,"ICMP Echo Reply",ICMP,192.168.137.180,,192.168.137.170,,2C:81:58:F5:37:8E,00:24:2C:58:5B:F8,0x62,,,,,,64,0,35884,84,86016,0,0,8111,17
07/11-12:20:10.421504 ,1,368,6,"ICMP PING BSDtype",ICMP,192.168.137.170,,192.168.137.180,,00:24:2C:58:5B:F8,2C:81:58:F5:37:8E,0x62,,,,,,64,0,0,84,86016,8,0,8111,18
07/11-12:20:10.421504 ,1,366,7,"ICMP PING *NIX",ICMP,192.168.137.170,,192.168.137.180,,00:24:2C:58:5B:F8,2C:81:58:F5:37:8E,0x62,,,,,,64,0,0,84,86016,8,0,8111,18
07/11-12:20:10.421504 ,1,50002,0,"PACKET SENT",ICMP,192.168.137.170,,192.168.137.180,,00:24:2C:58:5B:F8,2C:81:58:F5:37:8E,0x62,,,,,,64,0,0,84,86016,8,0,8111,18
07/11-12:20:10.421504 ,1,384,5,"ICMP PING",ICMP,192.168.137.170,,192.168.137.180,,00:24:2C:58:5B:F8,2C:81:58:F5:37:8E,0x62,,,,,,64,0,0,84,86016,8,0,8111,18
07/11-12:20:10.429430 ,1,408,5,"ICMP Echo Reply",ICMP,192.168.137.180,,192.168.137.170,,2C:81:58:F5:37:8E,00:24:2C:58:5B:F8,0x62,,,,,,64,0,35885,84,86016,0,0,8111,18
07/11-12:20:10.722059 ,1,368,6,"ICMP PING BSDtype",ICMP,192.168.137.170,,192.168.137.180,,00:24:2C:58:5B:F8,2C:81:58:F5:37:8E,0x62,,,,,,64,0,0,84,86016,8,0,8111,19
07/11-12:20:10.722059 ,1,366,7,"ICMP PING *NIX",ICMP,192.168.137.170,,192.168.137.180,,00:24:2C:58:5B:F8,2C:81:58:F5:37:8E,0x62,,,,,,64,0,0,84,86016,8,0,8111,19
07/11-12:20:10.722059 ,1,50002,0,"PACKET SENT",ICMP,192.168.137.170,,192.168.137.180,,00:24:2C:58:5B:F8,2C:81:58:F5:37:8E,0x62,,,,,,64,0,0,84,86016,8,0,8111,19
07/11-12:20:10.722059 ,1,384,5,"ICMP PING",ICMP,192.168.137.170,,192.168.137.180,,00:24:2C:58:5B:F8,2C:81:58:F5:37:8E,0x62,,,,,,64,0,0,84,86016,8,0,8111,19
07/11-12:20:10.730047 ,1,408,5,"ICMP Echo Reply",ICMP,192.168.137.180,,192.168.137.170,,2C:81:58:F5:37:8E,00:24:2C:58:5B:F8,0x62,,,,,,64,0,35886,84,86016,0,0,8111,19
07/11-12:20:11.022761 ,1,368,6,"ICMP PING BSDtype",ICMP,192.168.137.170,,192.168.137.180,,00:24:2C:58:5B:F8,2C:81:58:F5:37:8E,0x62,,,,,,64,0,0,84,86016,8,0,8111,20
07/11-12:20:11.022761 ,1,366,7,"ICMP PING *NIX",ICMP,192.168.137.170,,192.168.137.180,,00:24:2C:58:5B:F8,2C:81:58:F5:37:8E,0x62,,,,,,64,0,0,84,86016,8,0,8111,20
07/11-12:20:11.022761 ,1,50002,0,"PACKET SENT",ICMP,192.168.137.170,,192.168.137.180,,00:24:2C:58:5B:F8,2C:81:58:F5:37:8E,0x62,,,,,,64,0,0,84,86016,8,0,8111,20
07/11-12:20:11.022761 ,1,384,5,"ICMP PING",ICMP,192.168.137.170,,192.168.137.180,,00:24:2C:58:5B:F8,2C:81:58:F5:37:8E,0x62,,,,,,64,0,0,84,86016,8,0,8111,20
07/11-12:20:11.029339 ,1,408,5,"ICMP Echo Reply",ICMP,192.168.137.180,,192.168.137.170,,2C:81:58:F5:37:8E,00:24:2C:58:5B:F8,0x62,,,,,,64,0,35887,84,86016,0,0,8111,20
07/11-12:20:11.168227 ,1,50002,0,"PACKET SENT",UDP,192.168.137.170,123,193.204.114.232,123,00:24:2C:58:5B:F8,BC:C6:DB:0C:D2:32,0x5A,,,,,,64,192,0,76,77824,,,,
07/11-12:20:11.323986 ,1,368,6,"ICMP PING BSDtype",ICMP,192.168.137.170,,192.168.137.180,,00:24:2C:58:5B:F8,2C:81:58:F5:37:8E,0x62,,,,,,64,0,0,84,86016,8,0,8111,21
07/11-12:20:11.323986 ,1,366,7,"ICMP PING *NIX",ICMP,192.168.137.170,,192.168.137.180,,00:24:2C:58:5B:F8,2C:81:58:F5:37:8E,0x62,,,,,,64,0,0,84,86016,8,0,8111,21
07/11-12:20:11.323986 ,1,50002,0,"PACKET SENT",ICMP,192.168.137.170,,192.168.137.180,,00:24:2C:58:5B:F8,2C:81:58:F5:37:8E,0x62,,,,,,64,0,0,84,86016,8,0,8111,21
07/11-12:20:11.323986 ,1,384,5,"ICMP PING",ICMP,192.168.137.170,,192.168.137.180,,00:24:2C:58:5B:F8,2C:81:58:F5:37:8E,0x62,,,,,,64,0,0,84,86016,8,0,8111,21
07/11-12:20:11.329929 ,1,408,5,"ICMP Echo Reply",ICMP,192.168.137.180,,192.168.137.170,,2C:81:58:F5:37:8E,00:24:2C:58:5B:F8,0x62,,,,,,64,0,35888,84,86016,0,0,8111,21
07/11-12:20:11.624690 ,1,368,6,"ICMP PING BSDtype",ICMP,192.168.137.170,,192.168.137.180,,00:24:2C:58:5B:F8,2C:81:58:F5:37:8E,0x62,,,,,,64,0,0,84,86016,8,0,8111,22
07/11-12:20:11.624690 ,1,366,7,"ICMP PING *NIX",ICMP,192.168.137.170,,192.168.137.180,,00:24:2C:58:5B:F8,2C:81:58:F5:37:8E,0x62,,,,,,64,0,0,84,86016,8,0,8111,22
07/11-12:20:11.624690 ,1,50002,0,"PACKET SENT",ICMP,192.168.137.170,,192.168.137.180,,00:24:2C:58:5B:F8,2C:81:58:F5:37:8E,0x62,,,,,,64,0,0,84,86016,8,0,8111,22
07/11-12:20:11.624690 ,1,384,5,"ICMP PING",ICMP,192.168.137.170,,192.168.137.180,,00:24:2C:58:5B:F8,2C:81:58:F5:37:8E,0x62,,,,,,64,0,0,84,86016,8,0,8111,22
07/11-12:20:11.632217 ,1,408,5,"ICMP Echo Reply",ICMP,192.168.137.180,,192.168.137.170,,2C:81:58:F5:37:8E,00:24:2C:58:5B:F8,0x62,,,,,,64,0,35889,84,86016,0,0,8111,22
07/11-12:20:11.925844 ,1,368,6,"ICMP PING BSDtype",ICMP,192.168.137.170,,192.168.137.180,,00:24:2C:58:5B:F8,2C:81:58:F5:37:8E,0x62,,,,,,64,0,0,84,86016,8,0,8111,23
07/11-12:20:11.925844 ,1,366,7,"ICMP PING *NIX",ICMP,192.168.137.170,,192.168.137.180,,00:24:2C:58:5B:F8,2C:81:58:F5:37:8E,0x62,,,,,,64,0,0,84,86016,8,0,8111,23
07/11-12:20:11.925844 ,1,50002,0,"PACKET SENT",ICMP,192.168.137.170,,192.168.137.180,,00:24:2C:58:5B:F8,2C:81:58:F5:37:8E,0x62,,,,,,64,0,0,84,86016,8,0,8111,23
07/11-12:20:11.925844 ,1,384,5,"ICMP PING",ICMP,192.168.137.170,,192.168.137.180,,00:24:2C:58:5B:F8,2C:81:58:F5:37:8E,0x62,,,,,,64,0,0,84,86016,8,0,8111,23
07/11-12:20:11.930400 ,1,408,5,"ICMP Echo Reply",ICMP,192.168.137.180,,192.168.137.170,,2C:81:58:F5:37:8E,00:24:2C:58:5B:F8,0x62,,,,,,64,0,35890,84,86016,0,0,8111,23
07/11-12:20:12.227112 ,1,368,6,"ICMP PING BSDtype",ICMP,192.168.137.170,,192.168.137.180,,00:24:2C:58:5B:F8,2C:81:58:F5:37:8E,0x62,,,,,,64,0,0,84,86016,8,0,8111,24
07/11-12:20:12.227112 ,1,366,7,"ICMP PING *NIX",ICMP,192.168.137.170,,192.168.137.180,,00:24:2C:58:5B:F8,2C:81:58:F5:37:8E,0x62,,,,,,64,0,0,84,86016,8,0,8111,24
07/11-12:20:12.227112 ,1,50002,0,"PACKET SENT",ICMP,192.168.137.170,,192.168.137.180,,00:24:2C:58:5B:F8,2C:81:58:F5:37:8E,0x62,,,,,,64,0,0,84,86016,8,0,8111,24
07/11-12:20:12.227112 ,1,384,5,"ICMP PING",ICMP,192.168.137.170,,192.168.137.180,,00:24:2C:58:5B:F8,2C:81:58:F5:37:8E,0x62,,,,,,64,0,0,84,86016,8,0,8111,24
07/11-12:20:12.234209 ,1,408,5,"ICMP Echo Reply",ICMP,192.168.137.180,,192.168.137.170,,2C:81:58:F5:37:8E,00:24:2C:58:5B:F8,0x62,,,,,,64,0,35891,84,86016,0,0,8111,24
07/11-12:20:12.527849 ,1,368,6,"ICMP PING BSDtype",ICMP,192.168.137.170,,192.168.137.180,,00:24:2C:58:5B:F8,2C:81:58:F5:37:8E,0x62,,,,,,64,0,0,84,86016,8,0,8111,25
07/11-12:20:12.527849 ,1,366,7,"ICMP PING *NIX",ICMP,192.168.137.170,,192.168.137.180,,00:24:2C:58:5B:F8,2C:81:58:F5:37:8E,0x62,,,,,,64,0,0,84,86016,8,0,8111,25
07/11-12:20:12.527849 ,1,50002,0,"PACKET SENT",ICMP,192.168.137.170,,192.168.137.180,,00:24:2C:58:5B:F8,2C:81:58:F5:37:8E,0x62,,,,,,64,0,0,84,86016,8,0,8111,25
07/11-12:20:12.527849 ,1,384,5,"ICMP PING",ICMP,192.168.137.170,,192.168.137.180,,00:24:2C:58:5B:F8,2C:81:58:F5:37:8E,0x62,,,,,,64,0,0,84,86016,8,0,8111,25
07/11-12:20:12.535065 ,1,408,5,"ICMP Echo Reply",ICMP,192.168.137.180,,192.168.137.170,,2C:81:58:F5:37:8E,00:24:2C:58:5B:F8,0x62,,,,,,64,0,35892,84,86016,0,0,8111,25
07/11-12:20:12.828714 ,1,368,6,"ICMP PING BSDtype",ICMP,192.168.137.170,,192.168.137.180,,00:24:2C:58:5B:F8,2C:81:58:F5:37:8E,0x62,,,,,,64,0,0,84,86016,8,0,8111,26
07/11-12:20:12.828714 ,1,366,7,"ICMP PING *NIX",ICMP,192.168.137.170,,192.168.137.180,,00:24:2C:58:5B:F8,2C:81:58:F5:37:8E,0x62,,,,,,64,0,0,84,86016,8,0,8111,26
07/11-12:20:12.828714 ,1,50002,0,"PACKET SENT",ICMP,192.168.137.170,,192.168.137.180,,00:24:2C:58:5B:F8,2C:81:58:F5:37:8E,0x62,,,,,,64,0,0,84,86016,8,0,8111,26
07/11-12:20:12.828714 ,1,384,5,"ICMP PING",ICMP,192.168.137.170,,192.168.137.180,,00:24:2C:58:5B:F8,2C:81:58:F5:37:8E,0x62,,,,,,64,0,0,84,86016,8,0,8111,26
07/11-12:20:12.836305 ,1,408,5,"ICMP Echo Reply",ICMP,192.168.137.180,,192.168.137.170,,2C:81:58:F5:37:8E,00:24:2C:58:5B:F8,0x62,,,,,,64,0,35893,84,86016,0,0,8111,26
07/11-12:20:13.129943 ,1,368,6,"ICMP PING BSDtype",ICMP,192.168.137.170,,192.168.137.180,,00:24:2C:58:5B:F8,2C:81:58:F5:37:8E,0x62,,,,,,64,0,0,84,86016,8,0,8111,27
07/11-12:20:13.129943 ,1,366,7,"ICMP PING *NIX",ICMP,192.168.137.170,,192.168.137.180,,00:24:2C:58:5B:F8,2C:81:58:F5:37:8E,0x62,,,,,,64,0,0,84,86016,8,0,8111,27
07/11-12:20:13.129943 ,1,50002,0,"PACKET SENT",ICMP,192.168.137.170,,192.168.137.180,,00:24:2C:58:5B:F8,2C:81:58:F5:37:8E,0x62,,,,,,64,0,0,84,86016,8,0,8111,27
07/11-12:20:13.129943 ,1,384,5,"ICMP PING",ICMP,192.168.137.170,,192.168.137.180,,00:24:2C:58:5B:F8,2C:81:58:F5:37:8E,0x62,,,,,,64,0,0,84,86016,8,0,8111,27
07/11-12:20:13.137158 ,1,408,5,"ICMP Echo Reply",ICMP,192.168.137.180,,192.168.137.170,,2C:81:58:F5:37:8E,00:24:2C:58:5B:F8,0x62,,,,,,64,0,35894,84,86016,0,0,8111,27
07/11-12:20:13.430800 ,1,368,6,"ICMP PING BSDtype",ICMP,192.168.137.170,,192.168.137.180,,00:24:2C:58:5B:F8,2C:81:58:F5:37:8E,0x62,,,,,,64,0,0,84,86016,8,0,8111,28
07/11-12:20:13.430800 ,1,366,7,"ICMP PING *NIX",ICMP,192.168.137.170,,192.168.137.180,,00:24:2C:58:5B:F8,2C:81:58:F5:37:8E,0x62,,,,,,64,0,0,84,86016,8,0,8111,28
07/11-12:20:13.430800 ,1,50002,0,"PACKET SENT",ICMP,192.168.137.170,,192.168.137.180,,00:24:2C:58:5B:F8,2C:81:58:F5:37:8E,0x62,,,,,,64,0,0,84,86016,8,0,8111,28
07/11-12:20:13.430800 ,1,384,5,"ICMP PING",ICMP,192.168.137.170,,192.168.137.180,,00:24:2C:58:5B:F8,2C:81:58:F5:37:8E,0x62,,,,,,64,0,0,84,86016,8,0,8111,28
07/11-12:20:13.438471 ,1,408,5,"ICMP Echo Reply",ICMP,192.168.137.180,,192.168.137.170,,2C:81:58:F5:37:8E,00:24:2C:58:5B:F8,0x62,,,,,,64,0,35895,84,86016,0,0,8111,28
07/11-12:20:13.732100 ,1,368,6,"ICMP PING BSDtype",ICMP,192.168.137.170,,192.168.137.180,,00:24:2C:58:5B:F8,2C:81:58:F5:37:8E,0x62,,,,,,64,0,0,84,86016,8,0,8111,29
07/11-12:20:13.732100 ,1,366,7,"ICMP PING *NIX",ICMP,192.168.137.170,,192.168.137.180,,00:24:2C:58:5B:F8,2C:81:58:F5:37:8E,0x62,,,,,,64,0,0,84,86016,8,0,8111,29
07/11-12:20:13.732100 ,1,50002,0,"PACKET SENT",ICMP,192.168.137.170,,192.168.137.180,,00:24:2C:58:5B:F8,2C:81:58:F5:37:8E,0x62,,,,,,64,0,0,84,86016,8,0,8111,29
07/11-12:20:13.732100 ,1,384,5,"ICMP PING",ICMP,192.168.137.170,,192.168.137.180,,00:24:2C:58:5B:F8,2C:81:58:F5:37:8E,0x62,,,,,,64,0,0,84,86016,8,0,8111,29
07/11-12:20:13.739297 ,1,408,5,"ICMP Echo Reply",ICMP,192.168.137.180,,192.168.137.170,,2C:81:58:F5:37:8E,00:24:2C:58:5B:F8,0x62,,,,,,64,0,35896,84,86016,0,0,8111,29
07/11-12:20:14.032930 ,1,368,6,"ICMP PING BSDtype",ICMP,192.168.137.170,,192.168.137.180,,00:24:2C:58:5B:F8,2C:81:58:F5:37:8E,0x62,,,,,,64,0,0,84,86016,8,0,8111,30
07/11-12:20:14.032930 ,1,366,7,"ICMP PING *NIX",ICMP,192.168.137.170,,192.168.137.180,,00:24:2C:58:5B:F8,2C:81:58:F5:37:8E,0x62,,,,,,64,0,0,84,86016,8,0,8111,30
07/11-12:20:14.032930 ,1,50002,0,"PACKET SENT",ICMP,192.168.137.170,,192.168.137.180,,00:24:2C:58:5B:F8,2C:81:58:F5:37:8E,0x62,,,,,,64,0,0,84,86016,8,0,8111,30
07/11-12:20:14.032930 ,1,384,5,"ICMP PING",ICMP,192.168.137.170,,192.168.137.180,,00:24:2C:58:5B:F8,2C:81:58:F5:37:8E,0x62,,,,,,64,0,0,84,86016,8,0,8111,30
07/11-12:20:14.040141 ,1,408,5,"ICMP Echo Reply",ICMP,192.168.137.180,,192.168.137.170,,2C:81:58:F5:37:8E,00:24:2C:58:5B:F8,0x62,,,,,,64,0,35897,84,86016,0,0,8111,30
07/11-12:20:14.333777 ,1,368,6,"ICMP PING BSDtype",ICMP,192.168.137.170,,192.168.137.180,,00:24:2C:58:5B:F8,2C:81:58:F5:37:8E,0x62,,,,,,64,0,0,84,86016,8,0,8111,31
07/11-12:20:14.333777 ,1,366,7,"ICMP PING *NIX",ICMP,192.168.137.170,,192.168.137.180,,00:24:2C:58:5B:F8,2C:81:58:F5:37:8E,0x62,,,,,,64,0,0,84,86016,8,0,8111,31
07/11-12:20:14.333777 ,1,50002,0,"PACKET SENT",ICMP,192.168.137.170,,192.168.137.180,,00:24:2C:58:5B:F8,2C:81:58:F5:37:8E,0x62,,,,,,64,0,0,84,86016,8,0,8111,31
07/11-12:20:14.333777 ,1,384,5,"ICMP PING",ICMP,192.168.137.170,,192.168.137.180,,00:24:2C:58:5B:F8,2C:81:58:F5:37:8E,0x62,,,,,,64,0,0,84,86016,8,0,8111,31
07/11-12:20:14.340848 ,1,408,5,"ICMP Echo Reply",ICMP,192.168.137.180,,192.168.137.170,,2C:81:58:F5:37:8E,00:24:2C:58:5B:F8,0x62,,,,,,64,0,35898,84,86016,0,0,8111,31
07/11-12:20:14.634917 ,1,368,6,"ICMP PING BSDtype",ICMP,192.168.137.170,,192.168.137.180,,00:24:2C:58:5B:F8,2C:81:58:F5:37:8E,0x62,,,,,,64,0,0,84,86016,8,0,8111,32
07/11-12:20:14.634917 ,1,366,7,"ICMP PING *NIX",ICMP,192.168.137.170,,192.168.137.180,,00:24:2C:58:5B:F8,2C:81:58:F5:37:8E,0x62,,,,,,64,0,0,84,86016,8,0,8111,32
07/11-12:20:14.634917 ,1,50002,0,"PACKET SENT",ICMP,192.168.137.170,,192.168.137.180,,00:24:2C:58:5B:F8,2C:81:58:F5:37:8E,0x62,,,,,,64,0,0,84,86016,8,0,8111,32
07/11-12:20:14.634917 ,1,384,5,"ICMP PING",ICMP,192.168.137.170,,192.168.137.180,,00:24:2C:58:5B:F8,2C:81:58:F5:37:8E,0x62,,,,,,64,0,0,84,86016,8,0,8111,32
07/11-12:20:14.642138 ,1,408,5,"ICMP Echo Reply",ICMP,192.168.137.180,,192.168.137.170,,2C:81:58:F5:37:8E,00:24:2C:58:5B:F8,0x62,,,,,,64,0,35899,84,86016,0,0,8111,32
07/11-12:20:14.935816 ,1,368,6,"ICMP PING BSDtype",ICMP,192.168.137.170,,192.168.137.180,,00:24:2C:58:5B:F8,2C:81:58:F5:37:8E,0x62,,,,,,64,0,0,84,86016,8,0,8111,33
07/11-12:20:14.935816 ,1,366,7,"ICMP PING *NIX",ICMP,192.168.137.170,,192.168.137.180,,00:24:2C:58:5B:F8,2C:81:58:F5:37:8E,0x62,,,,,,64,0,0,84,86016,8,0,8111,33
07/11-12:20:14.935816 ,1,50002,0,"PACKET SENT",ICMP,192.168.137.170,,192.168.137.180,,00:24:2C:58:5B:F8,2C:81:58:F5:37:8E,0x62,,,,,,64,0,0,84,86016,8,0,8111,33
07/11-12:20:14.935816 ,1,384,5,"ICMP PING",ICMP,192.168.137.170,,192.168.137.180,,00:24:2C:58:5B:F8,2C:81:58:F5:37:8E,0x62,,,,,,64,0,0,84,86016,8,0,8111,33
07/11-12:20:14.942979 ,1,408,5,"ICMP Echo Reply",ICMP,192.168.137.180,,192.168.137.170,,2C:81:58:F5:37:8E,00:24:2C:58:5B:F8,0x62,,,,,,64,0,35900,84,86016,0,0,8111,33
07/11-12:20:15.168221 ,1,50002,0,"PACKET SENT",UDP,192.168.137.170,123,193.204.114.233,123,00:24:2C:58:5B:F8,BC:C6:DB:0C:D2:32,0x5A,,,,,,64,192,0,76,77824,,,,
07/11-12:20:15.236623 ,1,368,6,"ICMP PING BSDtype",ICMP,192.168.137.170,,192.168.137.180,,00:24:2C:58:5B:F8,2C:81:58:F5:37:8E,0x62,,,,,,64,0,0,84,86016,8,0,8111,34
07/11-12:20:15.236623 ,1,366,7,"ICMP PING *NIX",ICMP,192.168.137.170,,192.168.137.180,,00:24:2C:58:5B:F8,2C:81:58:F5:37:8E,0x62,,,,,,64,0,0,84,86016,8,0,8111,34
07/11-12:20:15.236623 ,1,50002,0,"PACKET SENT",ICMP,192.168.137.170,,192.168.137.180,,00:24:2C:58:5B:F8,2C:81:58:F5:37:8E,0x62,,,,,,64,0,0,84,86016,8,0,8111,34
07/11-12:20:15.236623 ,1,384,5,"ICMP PING",ICMP,192.168.137.170,,192.168.137.180,,00:24:2C:58:5B:F8,2C:81:58:F5:37:8E,0x62,,,,,,64,0,0,84,86016,8,0,8111,34
07/11-12:20:15.243760 ,1,408,5,"ICMP Echo Reply",ICMP,192.168.137.180,,192.168.137.170,,2C:81:58:F5:37:8E,00:24:2C:58:5B:F8,0x62,,,,,,64,0,35901,84,86016,0,0,8111,34
07/11-12:20:15.537388 ,1,368,6,"ICMP PING BSDtype",ICMP,192.168.137.170,,192.168.137.180,,00:24:2C:58:5B:F8,2C:81:58:F5:37:8E,0x62,,,,,,64,0,0,84,86016,8,0,8111,35
07/11-12:20:15.537388 ,1,366,7,"ICMP PING *NIX",ICMP,192.168.137.170,,192.168.137.180,,00:24:2C:58:5B:F8,2C:81:58:F5:37:8E,0x62,,,,,,64,0,0,84,86016,8,0,8111,35
07/11-12:20:15.537388 ,1,50002,0,"PACKET SENT",ICMP,192.168.137.170,,192.168.137.180,,00:24:2C:58:5B:F8,2C:81:58:F5:37:8E,0x62,,,,,,64,0,0,84,86016,8,0,8111,35
07/11-12:20:15.537388 ,1,384,5,"ICMP PING",ICMP,192.168.137.170,,192.168.137.180,,00:24:2C:58:5B:F8,2C:81:58:F5:37:8E,0x62,,,,,,64,0,0,84,86016,8,0,8111,35
07/11-12:20:15.544542 ,1,408,5,"ICMP Echo Reply",ICMP,192.168.137.180,,192.168.137.170,,2C:81:58:F5:37:8E,00:24:2C:58:5B:F8,0x62,,,,,,64,0,35902,84,86016,0,0,8111,35
07/11-12:20:15.838191 ,1,368,6,"ICMP PING BSDtype",ICMP,192.168.137.170,,192.168.137.180,,00:24:2C:58:5B:F8,2C:81:58:F5:37:8E,0x62,,,,,,64,0,0,84,86016,8,0,8111,36
07/11-12:20:15.838191 ,1,366,7,"ICMP PING *NIX",ICMP,192.168.137.170,,192.168.137.180,,00:24:2C:58:5B:F8,2C:81:58:F5:37:8E,0x62,,,,,,64,0,0,84,86016,8,0,8111,36
07/11-12:20:15.838191 ,1,50002,0,"PACKET SENT",ICMP,192.168.137.170,,192.168.137.180,,00:24:2C:58:5B:F8,2C:81:58:F5:37:8E,0x62,,,,,,64,0,0,84,86016,8,0,8111,36
07/11-12:20:15.838191 ,1,384,5,"ICMP PING",ICMP,192.168.137.170,,192.168.137.180,,00:24:2C:58:5B:F8,2C:81:58:F5:37:8E,0x62,,,,,,64,0,0,84,86016,8,0,8111,36
07/11-12:20:15.845359 ,1,408,5,"ICMP Echo Reply",ICMP,192.168.137.180,,192.168.137.170,,2C:81:58:F5:37:8E,00:24:2C:58:5B:F8,0x62,,,,,,64,0,35903,84,86016,0,0,8111,36
07/11-12:20:16.139029 ,1,368,6,"ICMP PING BSDtype",ICMP,192.168.137.170,,192.168.137.180,,00:24:2C:58:5B:F8,2C:81:58:F5:37:8E,0x62,,,,,,64,0,0,84,86016,8,0,8111,37
07/11-12:20:16.139029 ,1,366,7,"ICMP PING *NIX",ICMP,192.168.137.170,,192.168.137.180,,00:24:2C:58:5B:F8,2C:81:58:F5:37:8E,0x62,,,,,,64,0,0,84,86016,8,0,8111,37
07/11-12:20:16.139029 ,1,50002,0,"PACKET SENT",ICMP,192.168.137.170,,192.168.137.180,,00:24:2C:58:5B:F8,2C:81:58:F5:37:8E,0x62,,,,,,64,0,0,84,86016,8,0,8111,37
07/11-12:20:16.139029 ,1,384,5,"ICMP PING",ICMP,192.168.137.170,,192.168.137.180,,00:24:2C:58:5B:F8,2C:81:58:F5:37:8E,0x62,,,,,,64,0,0,84,86016,8,0,8111,37
07/11-12:20:16.146196 ,1,408,5,"ICMP Echo Reply",ICMP,192.168.137.180,,192.168.137.170,,2C:81:58:F5:37:8E,00:24:2C:58:5B:F8,0x62,,,,,,64,0,35904,84,86016,0,0,8111,37
07/11-12:20:16.439846 ,1,368,6,"ICMP PING BSDtype",ICMP,192.168.137.170,,192.168.137.180,,00:24:2C:58:5B:F8,2C:81:58:F5:37:8E,0x62,,,,,,64,0,0,84,86016,8,0,8111,38
07/11-12:20:16.439846 ,1,366,7,"ICMP PING *NIX",ICMP,192.168.137.170,,192.168.137.180,,00:24:2C:58:5B:F8,2C:81:58:F5:37:8E,0x62,,,,,,64,0,0,84,86016,8,0,8111,38
07/11-12:20:16.439846 ,1,50002,0,"PACKET SENT",ICMP,192.168.137.170,,192.168.137.180,,00:24:2C:58:5B:F8,2C:81:58:F5:37:8E,0x62,,,,,,64,0,0,84,86016,8,0,8111,38
07/11-12:20:16.439846 ,1,384,5,"ICMP PING",ICMP,192.168.137.170,,192.168.137.180,,00:24:2C:58:5B:F8,2C:81:58:F5:37:8E,0x62,,,,,,64,0,0,84,86016,8,0,8111,38
07/11-12:20:16.447049 ,1,408,5,"ICMP Echo Reply",ICMP,192.168.137.180,,192.168.137.170,,2C:81:58:F5:37:8E,00:24:2C:58:5B:F8,0x62,,,,,,64,0,35905,84,86016,0,0,8111,38
07/11-12:20:16.740692 ,1,368,6,"ICMP PING BSDtype",ICMP,192.168.137.170,,192.168.137.180,,00:24:2C:58:5B:F8,2C:81:58:F5:37:8E,0x62,,,,,,64,0,0,84,86016,8,0,8111,39
07/11-12:20:16.740692 ,1,366,7,"ICMP PING *NIX",ICMP,192.168.137.170,,192.168.137.180,,00:24:2C:58:5B:F8,2C:81:58:F5:37:8E,0x62,,,,,,64,0,0,84,86016,8,0,8111,39
07/11-12:20:16.740692 ,1,50002,0,"PACKET SENT",ICMP,192.168.137.170,,192.168.137.180,,00:24:2C:58:5B:F8,2C:81:58:F5:37:8E,0x62,,,,,,64,0,0,84,86016,8,0,8111,39
07/11-12:20:16.740692 ,1,384,5,"ICMP PING",ICMP,192.168.137.170,,192.168.137.180,,00:24:2C:58:5B:F8,2C:81:58:F5:37:8E,0x62,,,,,,64,0,0,84,86016,8,0,8111,39
07/11-12:20:16.750615 ,1,408,5,"ICMP Echo Reply",ICMP,192.168.137.180,,192.168.137.170,,2C:81:58:F5:37:8E,00:24:2C:58:5B:F8,0x62,,,,,,64,0,35906,84,86016,0,0,8111,39
07/11-12:20:17.041256 ,1,368,6,"ICMP PING BSDtype",ICMP,192.168.137.170,,192.168.137.180,,00:24:2C:58:5B:F8,2C:81:58:F5:37:8E,0x62,,,,,,64,0,0,84,86016,8,0,8111,40
07/11-12:20:17.041256 ,1,366,7,"ICMP PING *NIX",ICMP,192.168.137.170,,192.168.137.180,,00:24:2C:58:5B:F8,2C:81:58:F5:37:8E,0x62,,,,,,64,0,0,84,86016,8,0,8111,40
07/11-12:20:17.041256 ,1,50002,0,"PACKET SENT",ICMP,192.168.137.170,,192.168.137.180,,00:24:2C:58:5B:F8,2C:81:58:F5:37:8E,0x62,,,,,,64,0,0,84,86016,8,0,8111,40
07/11-12:20:17.041256 ,1,384,5,"ICMP PING",ICMP,192.168.137.170,,192.168.137.180,,00:24:2C:58:5B:F8,2C:81:58:F5:37:8E,0x62,,,,,,64,0,0,84,86016,8,0,8111,40
07/11-12:20:17.048458 ,1,408,5,"ICMP Echo Reply",ICMP,192.168.137.180,,192.168.137.170,,2C:81:58:F5:37:8E,00:24:2C:58:5B:F8,0x62,,,,,,64,0,35907,84,86016,0,0,8111,40
07/11-12:20:17.342099 ,1,368,6,"ICMP PING BSDtype",ICMP,192.168.137.170,,192.168.137.180,,00:24:2C:58:5B:F8,2C:81:58:F5:37:8E,0x62,,,,,,64,0,0,84,86016,8,0,8111,41
07/11-12:20:17.342099 ,1,366,7,"ICMP PING *NIX",ICMP,192.168.137.170,,192.168.137.180,,00:24:2C:58:5B:F8,2C:81:58:F5:37:8E,0x62,,,,,,64,0,0,84,86016,8,0,8111,41
07/11-12:20:17.342099 ,1,50002,0,"PACKET SENT",ICMP,192.168.137.170,,192.168.137.180,,00:24:2C:58:5B:F8,2C:81:58:F5:37:8E,0x62,,,,,,64,0,0,84,86016,8,0,8111,41
07/11-12:20:17.342099 ,1,384,5,"ICMP PING",ICMP,192.168.137.170,,192.168.137.180,,00:24:2C:58:5B:F8,2C:81:58:F5:37:8E,0x62,,,,,,64,0,0,84,86016,8,0,8111,41
07/11-12:20:17.346674 ,1,408,5,"ICMP Echo Reply",ICMP,192.168.137.180,,192.168.137.170,,2C:81:58:F5:37:8E,00:24:2C:58:5B:F8,0x62,,,,,,64,0,35908,84,86016,0,0,8111,41
07/11-12:20:17.643321 ,1,368,6,"ICMP PING BSDtype",ICMP,192.168.137.170,,192.168.137.180,,00:24:2C:58:5B:F8,2C:81:58:F5:37:8E,0x62,,,,,,64,0,0,84,86016,8,0,8111,42
07/11-12:20:17.643321 ,1,366,7,"ICMP PING *NIX",ICMP,192.168.137.170,,192.168.137.180,,00:24:2C:58:5B:F8,2C:81:58:F5:37:8E,0x62,,,,,,64,0,0,84,86016,8,0,8111,42
07/11-12:20:17.643321 ,1,50002,0,"PACKET SENT",ICMP,192.168.137.170,,192.168.137.180,,00:24:2C:58:5B:F8,2C:81:58:F5:37:8E,0x62,,,,,,64,0,0,84,86016,8,0,8111,42
07/11-12:20:17.643321 ,1,384,5,"ICMP PING",ICMP,192.168.137.170,,192.168.137.180,,00:24:2C:58:5B:F8,2C:81:58:F5:37:8E,0x62,,,,,,64,0,0,84,86016,8,0,8111,42
07/11-12:20:17.647928 ,1,408,5,"ICMP Echo Reply",ICMP,192.168.137.180,,192.168.137.170,,2C:81:58:F5:37:8E,00:24:2C:58:5B:F8,0x62,,,,,,64,0,35909,84,86016,0,0,8111,42
07/11-12:20:17.944570 ,1,368,6,"ICMP PING BSDtype",ICMP,192.168.137.170,,192.168.137.180,,00:24:2C:58:5B:F8,2C:81:58:F5:37:8E,0x62,,,,,,64,0,0,84,86016,8,0,8111,43
07/11-12:20:17.944570 ,1,366,7,"ICMP PING *NIX",ICMP,192.168.137.170,,192.168.137.180,,00:24:2C:58:5B:F8,2C:81:58:F5:37:8E,0x62,,,,,,64,0,0,84,86016,8,0,8111,43
07/11-12:20:17.944570 ,1,50002,0,"PACKET SENT",ICMP,192.168.137.170,,192.168.137.180,,00:24:2C:58:5B:F8,2C:81:58:F5:37:8E,0x62,,,,,,64,0,0,84,86016,8,0,8111,43
07/11-12:20:17.944570 ,1,384,5,"ICMP PING",ICMP,192.168.137.170,,192.168.137.180,,00:24:2C:58:5B:F8,2C:81:58:F5:37:8E,0x62,,,,,,64,0,0,84,86016,8,0,8111,43
07/11-12:20:17.951707 ,1,408,5,"ICMP Echo Reply",ICMP,192.168.137.180,,192.168.137.170,,2C:81:58:F5:37:8E,00:24:2C:58:5B:F8,0x62,,,,,,64,0,35910,84,86016,0,0,8111,43
07/11-12:20:18.245364 ,1,368,6,"ICMP PING BSDtype",ICMP,192.168.137.170,,192.168.137.180,,00:24:2C:58:5B:F8,2C:81:58:F5:37:8E,0x62,,,,,,64,0,0,84,86016,8,0,8111,44
07/11-12:20:18.245364 ,1,366,7,"ICMP PING *NIX",ICMP,192.168.137.170,,192.168.137.180,,00:24:2C:58:5B:F8,2C:81:58:F5:37:8E,0x62,,,,,,64,0,0,84,86016,8,0,8111,44
07/11-12:20:18.245364 ,1,50002,0,"PACKET SENT",ICMP,192.168.137.170,,192.168.137.180,,00:24:2C:58:5B:F8,2C:81:58:F5:37:8E,0x62,,,,,,64,0,0,84,86016,8,0,8111,44
07/11-12:20:18.245364 ,1,384,5,"ICMP PING",ICMP,192.168.137.170,,192.168.137.180,,00:24:2C:58:5B:F8,2C:81:58:F5:37:8E,0x62,,,,,,64,0,0,84,86016,8,0,8111,44
07/11-12:20:18.252486 ,1,408,5,"ICMP Echo Reply",ICMP,192.168.137.180,,192.168.137.170,,2C:81:58:F5:37:8E,00:24:2C:58:5B:F8,0x62,,,,,,64,0,35911,84,86016,0,0,8111,44
07/11-12:20:18.546124 ,1,368,6,"ICMP PING BSDtype",ICMP,192.168.137.170,,192.168.137.180,,00:24:2C:58:5B:F8,2C:81:58:F5:37:8E,0x62,,,,,,64,0,0,84,86016,8,0,8111,45
07/11-12:20:18.546124 ,1,366,7,"ICMP PING *NIX",ICMP,192.168.137.170,,192.168.137.180,,00:24:2C:58:5B:F8,2C:81:58:F5:37:8E,0x62,,,,,,64,0,0,84,86016,8,0,8111,45
07/11-12:20:18.546124 ,1,50002,0,"PACKET SENT",ICMP,192.168.137.170,,192.168.137.180,,00:24:2C:58:5B:F8,2C:81:58:F5:37:8E,0x62,,,,,,64,0,0,84,86016,8,0,8111,45
07/11-12:20:18.546124 ,1,384,5,"ICMP PING",ICMP,192.168.137.170,,192.168.137.180,,00:24:2C:58:5B:F8,2C:81:58:F5:37:8E,0x62,,,,,,64,0,0,84,86016,8,0,8111,45
07/11-12:20:18.553368 ,1,408,5,"ICMP Echo Reply",ICMP,192.168.137.180,,192.168.137.170,,2C:81:58:F5:37:8E,00:24:2C:58:5B:F8,0x62,,,,,,64,0,35912,84,86016,0,0,8111,45
07/11-12:20:18.847007 ,1,368,6,"ICMP PING BSDtype",ICMP,192.168.137.170,,192.168.137.180,,00:24:2C:58:5B:F8,2C:81:58:F5:37:8E,0x62,,,,,,64,0,0,84,86016,8,0,8111,46
07/11-12:20:18.847007 ,1,366,7,"ICMP PING *NIX",ICMP,192.168.137.170,,192.168.137.180,,00:24:2C:58:5B:F8,2C:81:58:F5:37:8E,0x62,,,,,,64,0,0,84,86016,8,0,8111,46
07/11-12:20:18.847007 ,1,50002,0,"PACKET SENT",ICMP,192.168.137.170,,192.168.137.180,,00:24:2C:58:5B:F8,2C:81:58:F5:37:8E,0x62,,,,,,64,0,0,84,86016,8,0,8111,46
07/11-12:20:18.847007 ,1,384,5,"ICMP PING",ICMP,192.168.137.170,,192.168.137.180,,00:24:2C:58:5B:F8,2C:81:58:F5:37:8E,0x62,,,,,,64,0,0,84,86016,8,0,8111,46
07/11-12:20:18.854244 ,1,408,5,"ICMP Echo Reply",ICMP,192.168.137.180,,192.168.137.170,,2C:81:58:F5:37:8E,00:24:2C:58:5B:F8,0x62,,,,,,64,0,35913,84,86016,0,0,8111,46
07/11-12:20:19.147892 ,1,368,6,"ICMP PING BSDtype",ICMP,192.168.137.170,,192.168.137.180,,00:24:2C:58:5B:F8,2C:81:58:F5:37:8E,0x62,,,,,,64,0,0,84,86016,8,0,8111,47
07/11-12:20:19.147892 ,1,366,7,"ICMP PING *NIX",ICMP,192.168.137.170,,192.168.137.180,,00:24:2C:58:5B:F8,2C:81:58:F5:37:8E,0x62,,,,,,64,0,0,84,86016,8,0,8111,47
07/11-12:20:19.147892 ,1,50002,0,"PACKET SENT",ICMP,192.168.137.170,,192.168.137.180,,00:24:2C:58:5B:F8,2C:81:58:F5:37:8E,0x62,,,,,,64,0,0,84,86016,8,0,8111,47
07/11-12:20:19.147892 ,1,384,5,"ICMP PING",ICMP,192.168.137.170,,192.168.137.180,,00:24:2C:58:5B:F8,2C:81:58:F5:37:8E,0x62,,,,,,64,0,0,84,86016,8,0,8111,47
07/11-12:20:19.155059 ,1,408,5,"ICMP Echo Reply",ICMP,192.168.137.180,,192.168.137.170,,2C:81:58:F5:37:8E,00:24:2C:58:5B:F8,0x62,,,,,,64,0,35914,84,86016,0,0,8111,47
07/11-12:20:19.448718 ,1,368,6,"ICMP PING BSDtype",ICMP,192.168.137.170,,192.168.137.180,,00:24:2C:58:5B:F8,2C:81:58:F5:37:8E,0x62,,,,,,64,0,0,84,86016,8,0,8111,48
07/11-12:20:19.448718 ,1,366,7,"ICMP PING *NIX",ICMP,192.168.137.170,,192.168.137.180,,00:24:2C:58:5B:F8,2C:81:58:F5:37:8E,0x62,,,,,,64,0,0,84,86016,8,0,8111,48
07/11-12:20:19.448718 ,1,50002,0,"PACKET SENT",ICMP,192.168.137.170,,192.168.137.180,,00:24:2C:58:5B:F8,2C:81:58:F5:37:8E,0x62,,,,,,64,0,0,84,86016,8,0,8111,48
07/11-12:20:19.448718 ,1,384,5,"ICMP PING",ICMP,192.168.137.170,,192.168.137.180,,00:24:2C:58:5B:F8,2C:81:58:F5:37:8E,0x62,,,,,,64,0,0,84,86016,8,0,8111,48
07/11-12:20:19.454616 ,1,408,5,"ICMP Echo Reply",ICMP,192.168.137.180,,192.168.137.170,,2C:81:58:F5:37:8E,00:24:2C:58:5B:F8,0x62,,,,,,64,0,35915,84,86016,0,0,8111,48
07/11-12:20:19.749252 ,1,368,6,"ICMP PING BSDtype",ICMP,192.168.137.170,,192.168.137.180,,00:24:2C:58:5B:F8,2C:81:58:F5:37:8E,0x62,,,,,,64,0,0,84,86016,8,0,8111,49
07/11-12:20:19.749252 ,1,366,7,"ICMP PING *NIX",ICMP,192.168.137.170,,192.168.137.180,,00:24:2C:58:5B:F8,2C:81:58:F5:37:8E,0x62,,,,,,64,0,0,84,86016,8,0,8111,49
07/11-12:20:19.749252 ,1,50002,0,"PACKET SENT",ICMP,192.168.137.170,,192.168.137.180,,00:24:2C:58:5B:F8,2C:81:58:F5:37:8E,0x62,,,,,,64,0,0,84,86016,8,0,8111,49
07/11-12:20:19.749252 ,1,384,5,"ICMP PING",ICMP,192.168.137.170,,192.168.137.180,,00:24:2C:58:5B:F8,2C:81:58:F5:37:8E,0x62,,,,,,64,0,0,84,86016,8,0,8111,49
07/11-12:20:19.756427 ,1,408,5,"ICMP Echo Reply",ICMP,192.168.137.180,,192.168.137.170,,2C:81:58:F5:37:8E,00:24:2C:58:5B:F8,0x62,,,,,,64,0,35916,84,86016,0,0,8111,49
07/11-12:20:20.050079 ,1,368,6,"ICMP PING BSDtype",ICMP,192.168.137.170,,192.168.137.180,,00:24:2C:58:5B:F8,2C:81:58:F5:37:8E,0x62,,,,,,64,0,0,84,86016,8,0,8111,50
07/11-12:20:20.050079 ,1,366,7,"ICMP PING *NIX",ICMP,192.168.137.170,,192.168.137.180,,00:24:2C:58:5B:F8,2C:81:58:F5:37:8E,0x62,,,,,,64,0,0,84,86016,8,0,8111,50
07/11-12:20:20.050079 ,1,50002,0,"PACKET SENT",ICMP,192.168.137.170,,192.168.137.180,,00:24:2C:58:5B:F8,2C:81:58:F5:37:8E,0x62,,,,,,64,0,0,84,86016,8,0,8111,50
07/11-12:20:20.050079 ,1,384,5,"ICMP PING",ICMP,192.168.137.170,,192.168.137.180,,00:24:2C:58:5B:F8,2C:81:58:F5:37:8E,0x62,,,,,,64,0,0,84,86016,8,0,8111,50
07/11-12:20:20.054680 ,1,408,5,"ICMP Echo Reply",ICMP,192.168.137.180,,192.168.137.170,,2C:81:58:F5:37:8E,00:24:2C:58:5B:F8,0x62,,,,,,64,0,35917,84,86016,0,0,8111,50
07/11-12:20:20.351327 ,1,368,6,"ICMP PING BSDtype",ICMP,192.168.137.170,,192.168.137.180,,00:24:2C:58:5B:F8,2C:81:58:F5:37:8E,0x62,,,,,,64,0,0,84,86016,8,0,8111,51
07/11-12:20:20.351327 ,1,366,7,"ICMP PING *NIX",ICMP,192.168.137.170,,192.168.137.180,,00:24:2C:58:5B:F8,2C:81:58:F5:37:8E,0x62,,,,,,64,0,0,84,86016,8,0,8111,51
07/11-12:20:20.351327 ,1,50002,0,"PACKET SENT",ICMP,192.168.137.170,,192.168.137.180,,00:24:2C:58:5B:F8,2C:81:58:F5:37:8E,0x62,,,,,,64,0,0,84,86016,8,0,8111,51
07/11-12:20:20.351327 ,1,384,5,"ICMP PING",ICMP,192.168.137.170,,192.168.137.180,,00:24:2C:58:5B:F8,2C:81:58:F5:37:8E,0x62,,,,,,64,0,0,84,86016,8,0,8111,51
07/11-12:20:20.358514 ,1,408,5,"ICMP Echo Reply",ICMP,192.168.137.180,,192.168.137.170,,2C:81:58:F5:37:8E,00:24:2C:58:5B:F8,0x62,,,,,,64,0,35918,84,86016,0,0,8111,51
07/11-12:20:20.652143 ,1,368,6,"ICMP PING BSDtype",ICMP,192.168.137.170,,192.168.137.180,,00:24:2C:58:5B:F8,2C:81:58:F5:37:8E,0x62,,,,,,64,0,0,84,86016,8,0,8111,52
07/11-12:20:20.652143 ,1,366,7,"ICMP PING *NIX",ICMP,192.168.137.170,,192.168.137.180,,00:24:2C:58:5B:F8,2C:81:58:F5:37:8E,0x62,,,,,,64,0,0,84,86016,8,0,8111,52
07/11-12:20:20.652143 ,1,50002,0,"PACKET SENT",ICMP,192.168.137.170,,192.168.137.180,,00:24:2C:58:5B:F8,2C:81:58:F5:37:8E,0x62,,,,,,64,0,0,84,86016,8,0,8111,52
07/11-12:20:20.652143 ,1,384,5,"ICMP PING",ICMP,192.168.137.170,,192.168.137.180,,00:24:2C:58:5B:F8,2C:81:58:F5:37:8E,0x62,,,,,,64,0,0,84,86016,8,0,8111,52
07/11-12:20:20.659342 ,1,408,5,"ICMP Echo Reply",ICMP,192.168.137.180,,192.168.137.170,,2C:81:58:F5:37:8E,00:24:2C:58:5B:F8,0x62,,,,,,64,0,35919,84,86016,0,0,8111,52
07/11-12:20:20.952969 ,1,368,6,"ICMP PING BSDtype",ICMP,192.168.137.170,,192.168.137.180,,00:24:2C:58:5B:F8,2C:81:58:F5:37:8E,0x62,,,,,,64,0,0,84,86016,8,0,8111,53
07/11-12:20:20.952969 ,1,366,7,"ICMP PING *NIX",ICMP,192.168.137.170,,192.168.137.180,,00:24:2C:58:5B:F8,2C:81:58:F5:37:8E,0x62,,,,,,64,0,0,84,86016,8,0,8111,53
07/11-12:20:20.952969 ,1,50002,0,"PACKET SENT",ICMP,192.168.137.170,,192.168.137.180,,00:24:2C:58:5B:F8,2C:81:58:F5:37:8E,0x62,,,,,,64,0,0,84,86016,8,0,8111,53
07/11-12:20:20.952969 ,1,384,5,"ICMP PING",ICMP,192.168.137.170,,192.168.137.180,,00:24:2C:58:5B:F8,2C:81:58:F5:37:8E,0x62,,,,,,64,0,0,84,86016,8,0,8111,53
07/11-12:20:20.960211 ,1,408,5,"ICMP Echo Reply",ICMP,192.168.137.180,,192.168.137.170,,2C:81:58:F5:37:8E,00:24:2C:58:5B:F8,0x62,,,,,,64,0,35920,84,86016,0,0,8111,53
07/11-12:20:21.253858 ,1,368,6,"ICMP PING BSDtype",ICMP,192.168.137.170,,192.168.137.180,,00:24:2C:58:5B:F8,2C:81:58:F5:37:8E,0x62,,,,,,64,0,0,84,86016,8,0,8111,54
07/11-12:20:21.253858 ,1,366,7,"ICMP PING *NIX",ICMP,192.168.137.170,,192.168.137.180,,00:24:2C:58:5B:F8,2C:81:58:F5:37:8E,0x62,,,,,,64,0,0,84,86016,8,0,8111,54
07/11-12:20:21.253858 ,1,50002,0,"PACKET SENT",ICMP,192.168.137.170,,192.168.137.180,,00:24:2C:58:5B:F8,2C:81:58:F5:37:8E,0x62,,,,,,64,0,0,84,86016,8,0,8111,54
07/11-12:20:21.253858 ,1,384,5,"ICMP PING",ICMP,192.168.137.170,,192.168.137.180,,00:24:2C:58:5B:F8,2C:81:58:F5:37:8E,0x62,,,,,,64,0,0,84,86016,8,0,8111,54
07/11-12:20:21.261059 ,1,408,5,"ICMP Echo Reply",ICMP,192.168.137.180,,192.168.137.170,,2C:81:58:F5:37:8E,00:24:2C:58:5B:F8,0x62,,,,,,64,0,35921,84,86016,0,0,8111,54
07/11-12:20:21.554711 ,1,368,6,"ICMP PING BSDtype",ICMP,192.168.137.170,,192.168.137.180,,00:24:2C:58:5B:F8,2C:81:58:F5:37:8E,0x62,,,,,,64,0,0,84,86016,8,0,8111,55
07/11-12:20:21.554711 ,1,366,7,"ICMP PING *NIX",ICMP,192.168.137.170,,192.168.137.180,,00:24:2C:58:5B:F8,2C:81:58:F5:37:8E,0x62,,,,,,64,0,0,84,86016,8,0,8111,55
07/11-12:20:21.554711 ,1,50002,0,"PACKET SENT",ICMP,192.168.137.170,,192.168.137.180,,00:24:2C:58:5B:F8,2C:81:58:F5:37:8E,0x62,,,,,,64,0,0,84,86016,8,0,8111,55
07/11-12:20:21.554711 ,1,384,5,"ICMP PING",ICMP,192.168.137.170,,192.168.137.180,,00:24:2C:58:5B:F8,2C:81:58:F5:37:8E,0x62,,,,,,64,0,0,84,86016,8,0,8111,55
07/11-12:20:21.564163 ,1,408,5,"ICMP Echo Reply",ICMP,192.168.137.180,,192.168.137.170,,2C:81:58:F5:37:8E,00:24:2C:58:5B:F8,0x62,,,,,,64,0,35922,84,86016,0,0,8111,55
07/11-12:20:21.855858 ,1,368,6,"ICMP PING BSDtype",ICMP,192.168.137.170,,192.168.137.180,,00:24:2C:58:5B:F8,2C:81:58:F5:37:8E,0x62,,,,,,64,0,0,84,86016,8,0,8111,56
07/11-12:20:21.855858 ,1,366,7,"ICMP PING *NIX",ICMP,192.168.137.170,,192.168.137.180,,00:24:2C:58:5B:F8,2C:81:58:F5:37:8E,0x62,,,,,,64,0,0,84,86016,8,0,8111,56
07/11-12:20:21.855858 ,1,50002,0,"PACKET SENT",ICMP,192.168.137.170,,192.168.137.180,,00:24:2C:58:5B:F8,2C:81:58:F5:37:8E,0x62,,,,,,64,0,0,84,86016,8,0,8111,56
07/11-12:20:21.855858 ,1,384,5,"ICMP PING",ICMP,192.168.137.170,,192.168.137.180,,00:24:2C:58:5B:F8,2C:81:58:F5:37:8E,0x62,,,,,,64,0,0,84,86016,8,0,8111,56
07/11-12:20:21.863149 ,1,408,5,"ICMP Echo Reply",ICMP,192.168.137.180,,192.168.137.170,,2C:81:58:F5:37:8E,00:24:2C:58:5B:F8,0x62,,,,,,64,0,35923,84,86016,0,0,8111,56
07/11-12:20:22.156782 ,1,368,6,"ICMP PING BSDtype",ICMP,192.168.137.170,,192.168.137.180,,00:24:2C:58:5B:F8,2C:81:58:F5:37:8E,0x62,,,,,,64,0,0,84,86016,8,0,8111,57
07/11-12:20:22.156782 ,1,366,7,"ICMP PING *NIX",ICMP,192.168.137.170,,192.168.137.180,,00:24:2C:58:5B:F8,2C:81:58:F5:37:8E,0x62,,,,,,64,0,0,84,86016,8,0,8111,57
07/11-12:20:22.156782 ,1,50002,0,"PACKET SENT",ICMP,192.168.137.170,,192.168.137.180,,00:24:2C:58:5B:F8,2C:81:58:F5:37:8E,0x62,,,,,,64,0,0,84,86016,8,0,8111,57
07/11-12:20:22.156782 ,1,384,5,"ICMP PING",ICMP,192.168.137.170,,192.168.137.180,,00:24:2C:58:5B:F8,2C:81:58:F5:37:8E,0x62,,,,,,64,0,0,84,86016,8,0,8111,57
07/11-12:20:22.163952 ,1,408,5,"ICMP Echo Reply",ICMP,192.168.137.180,,192.168.137.170,,2C:81:58:F5:37:8E,00:24:2C:58:5B:F8,0x62,,,,,,64,0,35924,84,86016,0,0,8111,57
07/11-12:20:22.457586 ,1,368,6,"ICMP PING BSDtype",ICMP,192.168.137.170,,192.168.137.180,,00:24:2C:58:5B:F8,2C:81:58:F5:37:8E,0x62,,,,,,64,0,0,84,86016,8,0,8111,58
07/11-12:20:22.457586 ,1,366,7,"ICMP PING *NIX",ICMP,192.168.137.170,,192.168.137.180,,00:24:2C:58:5B:F8,2C:81:58:F5:37:8E,0x62,,,,,,64,0,0,84,86016,8,0,8111,58
07/11-12:20:22.457586 ,1,50002,0,"PACKET SENT",ICMP,192.168.137.170,,192.168.137.180,,00:24:2C:58:5B:F8,2C:81:58:F5:37:8E,0x62,,,,,,64,0,0,84,86016,8,0,8111,58
07/11-12:20:22.457586 ,1,384,5,"ICMP PING",ICMP,192.168.137.170,,192.168.137.180,,00:24:2C:58:5B:F8,2C:81:58:F5:37:8E,0x62,,,,,,64,0,0,84,86016,8,0,8111,58
07/11-12:20:22.464727 ,1,408,5,"ICMP Echo Reply",ICMP,192.168.137.180,,192.168.137.170,,2C:81:58:F5:37:8E,00:24:2C:58:5B:F8,0x62,,,,,,64,0,35925,84,86016,0,0,8111,58
07/11-12:20:22.758360 ,1,368,6,"ICMP PING BSDtype",ICMP,192.168.137.170,,192.168.137.180,,00:24:2C:58:5B:F8,2C:81:58:F5:37:8E,0x62,,,,,,64,0,0,84,86016,8,0,8111,59
07/11-12:20:22.758360 ,1,366,7,"ICMP PING *NIX",ICMP,192.168.137.170,,192.168.137.180,,00:24:2C:58:5B:F8,2C:81:58:F5:37:8E,0x62,,,,,,64,0,0,84,86016,8,0,8111,59
07/11-12:20:22.758360 ,1,50002,0,"PACKET SENT",ICMP,192.168.137.170,,192.168.137.180,,00:24:2C:58:5B:F8,2C:81:58:F5:37:8E,0x62,,,,,,64,0,0,84,86016,8,0,8111,59
07/11-12:20:22.758360 ,1,384,5,"ICMP PING",ICMP,192.168.137.170,,192.168.137.180,,00:24:2C:58:5B:F8,2C:81:58:F5:37:8E,0x62,,,,,,64,0,0,84,86016,8,0,8111,59
07/11-12:20:22.765568 ,1,408,5,"ICMP Echo Reply",ICMP,192.168.137.180,,192.168.137.170,,2C:81:58:F5:37:8E,00:24:2C:58:5B:F8,0x62,,,,,,64,0,35926,84,86016,0,0,8111,59
07/11-12:20:23.059192 ,1,368,6,"ICMP PING BSDtype",ICMP,192.168.137.170,,192.168.137.180,,00:24:2C:58:5B:F8,2C:81:58:F5:37:8E,0x62,,,,,,64,0,0,84,86016,8,0,8111,60
07/11-12:20:23.059192 ,1,366,7,"ICMP PING *NIX",ICMP,192.168.137.170,,192.168.137.180,,00:24:2C:58:5B:F8,2C:81:58:F5:37:8E,0x62,,,,,,64,0,0,84,86016,8,0,8111,60
07/11-12:20:23.059192 ,1,50002,0,"PACKET SENT",ICMP,192.168.137.170,,192.168.137.180,,00:24:2C:58:5B:F8,2C:81:58:F5:37:8E,0x62,,,,,,64,0,0,84,86016,8,0,8111,60
07/11-12:20:23.059192 ,1,384,5,"ICMP PING",ICMP,192.168.137.170,,192.168.137.180,,00:24:2C:58:5B:F8,2C:81:58:F5:37:8E,0x62,,,,,,64,0,0,84,86016,8,0,8111,60
07/11-12:20:23.062714 ,1,408,5,"ICMP Echo Reply",ICMP,192.168.137.180,,192.168.137.170,,2C:81:58:F5:37:8E,00:24:2C:58:5B:F8,0x62,,,,,,64,0,35927,84,86016,0,0,8111,60
07/11-12:20:23.360345 ,1,368,6,"ICMP PING BSDtype",ICMP,192.168.137.170,,192.168.137.180,,00:24:2C:58:5B:F8,2C:81:58:F5:37:8E,0x62,,,,,,64,0,0,84,86016,8,0,8111,61
07/11-12:20:23.360345 ,1,366,7,"ICMP PING *NIX",ICMP,192.168.137.170,,192.168.137.180,,00:24:2C:58:5B:F8,2C:81:58:F5:37:8E,0x62,,,,,,64,0,0,84,86016,8,0,8111,61
07/11-12:20:23.360345 ,1,50002,0,"PACKET SENT",ICMP,192.168.137.170,,192.168.137.180,,00:24:2C:58:5B:F8,2C:81:58:F5:37:8E,0x62,,,,,,64,0,0,84,86016,8,0,8111,61
07/11-12:20:23.360345 ,1,384,5,"ICMP PING",ICMP,192.168.137.170,,192.168.137.180,,00:24:2C:58:5B:F8,2C:81:58:F5:37:8E,0x62,,,,,,64,0,0,84,86016,8,0,8111,61
07/11-12:20:23.367537 ,1,408,5,"ICMP Echo Reply",ICMP,192.168.137.180,,192.168.137.170,,2C:81:58:F5:37:8E,00:24:2C:58:5B:F8,0x62,,,,,,64,0,35928,84,86016,0,0,8111,61
07/11-12:20:23.661157 ,1,368,6,"ICMP PING BSDtype",ICMP,192.168.137.170,,192.168.137.180,,00:24:2C:58:5B:F8,2C:81:58:F5:37:8E,0x62,,,,,,64,0,0,84,86016,8,0,8111,62
07/11-12:20:23.661157 ,1,366,7,"ICMP PING *NIX",ICMP,192.168.137.170,,192.168.137.180,,00:24:2C:58:5B:F8,2C:81:58:F5:37:8E,0x62,,,,,,64,0,0,84,86016,8,0,8111,62
07/11-12:20:23.661157 ,1,50002,0,"PACKET SENT",ICMP,192.168.137.170,,192.168.137.180,,00:24:2C:58:5B:F8,2C:81:58:F5:37:8E,0x62,,,,,,64,0,0,84,86016,8,0,8111,62
07/11-12:20:23.661157 ,1,384,5,"ICMP PING",ICMP,192.168.137.170,,192.168.137.180,,00:24:2C:58:5B:F8,2C:81:58:F5:37:8E,0x62,,,,,,64,0,0,84,86016,8,0,8111,62
07/11-12:20:23.668344 ,1,408,5,"ICMP Echo Reply",ICMP,192.168.137.180,,192.168.137.170,,2C:81:58:F5:37:8E,00:24:2C:58:5B:F8,0x62,,,,,,64,0,35929,84,86016,0,0,8111,62
07/11-12:20:23.961980 ,1,368,6,"ICMP PING BSDtype",ICMP,192.168.137.170,,192.168.137.180,,00:24:2C:58:5B:F8,2C:81:58:F5:37:8E,0x62,,,,,,64,0,0,84,86016,8,0,8111,63
07/11-12:20:23.961980 ,1,366,7,"ICMP PING *NIX",ICMP,192.168.137.170,,192.168.137.180,,00:24:2C:58:5B:F8,2C:81:58:F5:37:8E,0x62,,,,,,64,0,0,84,86016,8,0,8111,63
07/11-12:20:23.961980 ,1,50002,0,"PACKET SENT",ICMP,192.168.137.170,,192.168.137.180,,00:24:2C:58:5B:F8,2C:81:58:F5:37:8E,0x62,,,,,,64,0,0,84,86016,8,0,8111,63
07/11-12:20:23.961980 ,1,384,5,"ICMP PING",ICMP,192.168.137.170,,192.168.137.180,,00:24:2C:58:5B:F8,2C:81:58:F5:37:8E,0x62,,,,,,64,0,0,84,86016,8,0,8111,63
07/11-12:20:23.969120 ,1,408,5,"ICMP Echo Reply",ICMP,192.168.137.180,,192.168.137.170,,2C:81:58:F5:37:8E,00:24:2C:58:5B:F8,0x62,,,,,,64,0,35930,84,86016,0,0,8111,63
07/11-12:20:24.262747 ,1,368,6,"ICMP PING BSDtype",ICMP,192.168.137.170,,192.168.137.180,,00:24:2C:58:5B:F8,2C:81:58:F5:37:8E,0x62,,,,,,64,0,0,84,86016,8,0,8111,64
07/11-12:20:24.262747 ,1,366,7,"ICMP PING *NIX",ICMP,192.168.137.170,,192.168.137.180,,00:24:2C:58:5B:F8,2C:81:58:F5:37:8E,0x62,,,,,,64,0,0,84,86016,8,0,8111,64
07/11-12:20:24.262747 ,1,50002,0,"PACKET SENT",ICMP,192.168.137.170,,192.168.137.180,,00:24:2C:58:5B:F8,2C:81:58:F5:37:8E,0x62,,,,,,64,0,0,84,86016,8,0,8111,64
07/11-12:20:24.262747 ,1,384,5,"ICMP PING",ICMP,192.168.137.170,,192.168.137.180,,00:24:2C:58:5B:F8,2C:81:58:F5:37:8E,0x62,,,,,,64,0,0,84,86016,8,0,8111,64
07/11-12:20:24.268669 ,1,408,5,"ICMP Echo Reply",ICMP,192.168.137.180,,192.168.137.170,,2C:81:58:F5:37:8E,00:24:2C:58:5B:F8,0x62,,,,,,64,0,35931,84,86016,0,0,8111,64
07/11-12:20:24.563295 ,1,368,6,"ICMP PING BSDtype",ICMP,192.168.137.170,,192.168.137.180,,00:24:2C:58:5B:F8,2C:81:58:F5:37:8E,0x62,,,,,,64,0,0,84,86016,8,0,8111,65
07/11-12:20:24.563295 ,1,366,7,"ICMP PING *NIX",ICMP,192.168.137.170,,192.168.137.180,,00:24:2C:58:5B:F8,2C:81:58:F5:37:8E,0x62,,,,,,64,0,0,84,86016,8,0,8111,65
07/11-12:20:24.563295 ,1,50002,0,"PACKET SENT",ICMP,192.168.137.170,,192.168.137.180,,00:24:2C:58:5B:F8,2C:81:58:F5:37:8E,0x62,,,,,,64,0,0,84,86016,8,0,8111,65
07/11-12:20:24.563295 ,1,384,5,"ICMP PING",ICMP,192.168.137.170,,192.168.137.180,,00:24:2C:58:5B:F8,2C:81:58:F5:37:8E,0x62,,,,,,64,0,0,84,86016,8,0,8111,65
07/11-12:20:24.568510 ,1,408,5,"ICMP Echo Reply",ICMP,192.168.137.180,,192.168.137.170,,2C:81:58:F5:37:8E,00:24:2C:58:5B:F8,0x62,,,,,,64,0,35932,84,86016,0,0,8111,65
07/11-12:20:24.864133 ,1,368,6,"ICMP PING BSDtype",ICMP,192.168.137.170,,192.168.137.180,,00:24:2C:58:5B:F8,2C:81:58:F5:37:8E,0x62,,,,,,64,0,0,84,86016,8,0,8111,66
07/11-12:20:24.864133 ,1,366,7,"ICMP PING *NIX",ICMP,192.168.137.170,,192.168.137.180,,00:24:2C:58:5B:F8,2C:81:58:F5:37:8E,0x62,,,,,,64,0,0,84,86016,8,0,8111,66
07/11-12:20:24.864133 ,1,50002,0,"PACKET SENT",ICMP,192.168.137.170,,192.168.137.180,,00:24:2C:58:5B:F8,2C:81:58:F5:37:8E,0x62,,,,,,64,0,0,84,86016,8,0,8111,66
07/11-12:20:24.864133 ,1,384,5,"ICMP PING",ICMP,192.168.137.170,,192.168.137.180,,00:24:2C:58:5B:F8,2C:81:58:F5:37:8E,0x62,,,,,,64,0,0,84,86016,8,0,8111,66
07/11-12:20:24.870320 ,1,408,5,"ICMP Echo Reply",ICMP,192.168.137.180,,192.168.137.170,,2C:81:58:F5:37:8E,00:24:2C:58:5B:F8,0x62,,,,,,64,0,35933,84,86016,0,0,8111,66
07/11-12:20:25.164944 ,1,368,6,"ICMP PING BSDtype",ICMP,192.168.137.170,,192.168.137.180,,00:24:2C:58:5B:F8,2C:81:58:F5:37:8E,0x62,,,,,,64,0,0,84,86016,8,0,8111,67
07/11-12:20:25.164944 ,1,366,7,"ICMP PING *NIX",ICMP,192.168.137.170,,192.168.137.180,,00:24:2C:58:5B:F8,2C:81:58:F5:37:8E,0x62,,,,,,64,0,0,84,86016,8,0,8111,67
07/11-12:20:25.164944 ,1,50002,0,"PACKET SENT",ICMP,192.168.137.170,,192.168.137.180,,00:24:2C:58:5B:F8,2C:81:58:F5:37:8E,0x62,,,,,,64,0,0,84,86016,8,0,8111,67
07/11-12:20:25.164944 ,1,384,5,"ICMP PING",ICMP,192.168.137.170,,192.168.137.180,,00:24:2C:58:5B:F8,2C:81:58:F5:37:8E,0x62,,,,,,64,0,0,84,86016,8,0,8111,67
07/11-12:20:25.172169 ,1,408,5,"ICMP Echo Reply",ICMP,192.168.137.180,,192.168.137.170,,2C:81:58:F5:37:8E,00:24:2C:58:5B:F8,0x62,,,,,,64,0,35934,84,86016,0,0,8111,67
07/11-12:20:25.465829 ,1,368,6,"ICMP PING BSDtype",ICMP,192.168.137.170,,192.168.137.180,,00:24:2C:58:5B:F8,2C:81:58:F5:37:8E,0x62,,,,,,64,0,0,84,86016,8,0,8111,68
07/11-12:20:25.465829 ,1,366,7,"ICMP PING *NIX",ICMP,192.168.137.170,,192.168.137.180,,00:24:2C:58:5B:F8,2C:81:58:F5:37:8E,0x62,,,,,,64,0,0,84,86016,8,0,8111,68
07/11-12:20:25.465829 ,1,50002,0,"PACKET SENT",ICMP,192.168.137.170,,192.168.137.180,,00:24:2C:58:5B:F8,2C:81:58:F5:37:8E,0x62,,,,,,64,0,0,84,86016,8,0,8111,68
07/11-12:20:25.465829 ,1,384,5,"ICMP PING",ICMP,192.168.137.170,,192.168.137.180,,00:24:2C:58:5B:F8,2C:81:58:F5:37:8E,0x62,,,,,,64,0,0,84,86016,8,0,8111,68
07/11-12:20:25.473064 ,1,408,5,"ICMP Echo Reply",ICMP,192.168.137.180,,192.168.137.170,,2C:81:58:F5:37:8E,00:24:2C:58:5B:F8,0x62,,,,,,64,0,35935,84,86016,0,0,8111,68
07/11-12:20:25.766697 ,1,368,6,"ICMP PING BSDtype",ICMP,192.168.137.170,,192.168.137.180,,00:24:2C:58:5B:F8,2C:81:58:F5:37:8E,0x62,,,,,,64,0,0,84,86016,8,0,8111,69
07/11-12:20:25.766697 ,1,366,7,"ICMP PING *NIX",ICMP,192.168.137.170,,192.168.137.180,,00:24:2C:58:5B:F8,2C:81:58:F5:37:8E,0x62,,,,,,64,0,0,84,86016,8,0,8111,69
07/11-12:20:25.766697 ,1,50002,0,"PACKET SENT",ICMP,192.168.137.170,,192.168.137.180,,00:24:2C:58:5B:F8,2C:81:58:F5:37:8E,0x62,,,,,,64,0,0,84,86016,8,0,8111,69
07/11-12:20:25.766697 ,1,384,5,"ICMP PING",ICMP,192.168.137.170,,192.168.137.180,,00:24:2C:58:5B:F8,2C:81:58:F5:37:8E,0x62,,,,,,64,0,0,84,86016,8,0,8111,69
07/11-12:20:25.773889 ,1,408,5,"ICMP Echo Reply",ICMP,192.168.137.180,,192.168.137.170,,2C:81:58:F5:37:8E,00:24:2C:58:5B:F8,0x62,,,,,,64,0,35936,84,86016,0,0,8111,69
07/11-12:20:26.067507 ,1,368,6,"ICMP PING BSDtype",ICMP,192.168.137.170,,192.168.137.180,,00:24:2C:58:5B:F8,2C:81:58:F5:37:8E,0x62,,,,,,64,0,0,84,86016,8,0,8111,70
07/11-12:20:26.067507 ,1,366,7,"ICMP PING *NIX",ICMP,192.168.137.170,,192.168.137.180,,00:24:2C:58:5B:F8,2C:81:58:F5:37:8E,0x62,,,,,,64,0,0,84,86016,8,0,8111,70
07/11-12:20:26.067507 ,1,50002,0,"PACKET SENT",ICMP,192.168.137.170,,192.168.137.180,,00:24:2C:58:5B:F8,2C:81:58:F5:37:8E,0x62,,,,,,64,0,0,84,86016,8,0,8111,70
07/11-12:20:26.067507 ,1,384,5,"ICMP PING",ICMP,192.168.137.170,,192.168.137.180,,00:24:2C:58:5B:F8,2C:81:58:F5:37:8E,0x62,,,,,,64,0,0,84,86016,8,0,8111,70
07/11-12:20:26.072532 ,1,408,5,"ICMP Echo Reply",ICMP,192.168.137.180,,192.168.137.170,,2C:81:58:F5:37:8E,00:24:2C:58:5B:F8,0x62,,,,,,64,0,35937,84,86016,0,0,8111,70
07/11-12:20:26.376286 ,1,368,6,"ICMP PING BSDtype",ICMP,192.168.137.170,,192.168.137.180,,00:24:2C:58:5B:F8,2C:81:58:F5:37:8E,0x62,,,,,,64,0,0,84,86016,8,0,8111,71
07/11-12:20:26.376286 ,1,366,7,"ICMP PING *NIX",ICMP,192.168.137.170,,192.168.137.180,,00:24:2C:58:5B:F8,2C:81:58:F5:37:8E,0x62,,,,,,64,0,0,84,86016,8,0,8111,71
07/11-12:20:26.376286 ,1,50002,0,"PACKET SENT",ICMP,192.168.137.170,,192.168.137.180,,00:24:2C:58:5B:F8,2C:81:58:F5:37:8E,0x62,,,,,,64,0,0,84,86016,8,0,8111,71
07/11-12:20:26.376286 ,1,384,5,"ICMP PING",ICMP,192.168.137.170,,192.168.137.180,,00:24:2C:58:5B:F8,2C:81:58:F5:37:8E,0x62,,,,,,64,0,0,84,86016,8,0,8111,71
07/11-12:20:26.383497 ,1,408,5,"ICMP Echo Reply",ICMP,192.168.137.180,,192.168.137.170,,2C:81:58:F5:37:8E,00:24:2C:58:5B:F8,0x62,,,,,,64,0,35938,84,86016,0,0,8111,71
07/11-12:20:26.740324 ,1,368,6,"ICMP PING BSDtype",ICMP,192.168.137.170,,192.168.137.180,,00:24:2C:58:5B:F8,2C:81:58:F5:37:8E,0x62,,,,,,64,0,0,84,86016,8,0,8111,72
07/11-12:20:26.740324 ,1,366,7,"ICMP PING *NIX",ICMP,192.168.137.170,,192.168.137.180,,00:24:2C:58:5B:F8,2C:81:58:F5:37:8E,0x62,,,,,,64,0,0,84,86016,8,0,8111,72
07/11-12:20:26.740324 ,1,50002,0,"PACKET SENT",ICMP,192.168.137.170,,192.168.137.180,,00:24:2C:58:5B:F8,2C:81:58:F5:37:8E,0x62,,,,,,64,0,0,84,86016,8,0,8111,72
07/11-12:20:26.740324 ,1,384,5,"ICMP PING",ICMP,192.168.137.170,,192.168.137.180,,00:24:2C:58:5B:F8,2C:81:58:F5:37:8E,0x62,,,,,,64,0,0,84,86016,8,0,8111,72
07/11-12:20:26.747522 ,1,408,5,"ICMP Echo Reply",ICMP,192.168.137.180,,192.168.137.170,,2C:81:58:F5:37:8E,00:24:2C:58:5B:F8,0x62,,,,,,64,0,35939,84,86016,0,0,8111,72
07/11-12:20:27.104224 ,1,368,6,"ICMP PING BSDtype",ICMP,192.168.137.170,,192.168.137.180,,00:24:2C:58:5B:F8,2C:81:58:F5:37:8E,0x62,,,,,,64,0,0,84,86016,8,0,8111,73
07/11-12:20:27.104224 ,1,366,7,"ICMP PING *NIX",ICMP,192.168.137.170,,192.168.137.180,,00:24:2C:58:5B:F8,2C:81:58:F5:37:8E,0x62,,,,,,64,0,0,84,86016,8,0,8111,73
07/11-12:20:27.104224 ,1,50002,0,"PACKET SENT",ICMP,192.168.137.170,,192.168.137.180,,00:24:2C:58:5B:F8,2C:81:58:F5:37:8E,0x62,,,,,,64,0,0,84,86016,8,0,8111,73
07/11-12:20:27.104224 ,1,384,5,"ICMP PING",ICMP,192.168.137.170,,192.168.137.180,,00:24:2C:58:5B:F8,2C:81:58:F5:37:8E,0x62,,,,,,64,0,0,84,86016,8,0,8111,73
07/11-12:20:27.111995 ,1,408,5,"ICMP Echo Reply",ICMP,192.168.137.180,,192.168.137.170,,2C:81:58:F5:37:8E,00:24:2C:58:5B:F8,0x62,,,,,,64,0,35940,84,86016,0,0,8111,73
07/11-12:20:27.269501 ,1,368,6,"ICMP PING BSDtype",ICMP,192.168.137.170,,192.168.137.180,,00:24:2C:58:5B:F8,2C:81:58:F5:37:8E,0x62,,,,,,64,0,0,84,86016,8,0,8111,74
07/11-12:20:27.269501 ,1,366,7,"ICMP PING *NIX",ICMP,192.168.137.170,,192.168.137.180,,00:24:2C:58:5B:F8,2C:81:58:F5:37:8E,0x62,,,,,,64,0,0,84,86016,8,0,8111,74
07/11-12:20:27.269501 ,1,50002,0,"PACKET SENT",ICMP,192.168.137.170,,192.168.137.180,,00:24:2C:58:5B:F8,2C:81:58:F5:37:8E,0x62,,,,,,64,0,0,84,86016,8,0,8111,74
07/11-12:20:27.269501 ,1,384,5,"ICMP PING",ICMP,192.168.137.170,,192.168.137.180,,00:24:2C:58:5B:F8,2C:81:58:F5:37:8E,0x62,,,,,,64,0,0,84,86016,8,0,8111,74
07/11-12:20:27.276677 ,1,408,5,"ICMP Echo Reply",ICMP,192.168.137.180,,192.168.137.170,,2C:81:58:F5:37:8E,00:24:2C:58:5B:F8,0x62,,,,,,64,0,35941,84,86016,0,0,8111,74
07/11-12:20:27.588250 ,1,368,6,"ICMP PING BSDtype",ICMP,192.168.137.170,,192.168.137.180,,00:24:2C:58:5B:F8,2C:81:58:F5:37:8E,0x62,,,,,,64,0,0,84,86016,8,0,8111,75
07/11-12:20:27.588250 ,1,366,7,"ICMP PING *NIX",ICMP,192.168.137.170,,192.168.137.180,,00:24:2C:58:5B:F8,2C:81:58:F5:37:8E,0x62,,,,,,64,0,0,84,86016,8,0,8111,75
07/11-12:20:27.588250 ,1,50002,0,"PACKET SENT",ICMP,192.168.137.170,,192.168.137.180,,00:24:2C:58:5B:F8,2C:81:58:F5:37:8E,0x62,,,,,,64,0,0,84,86016,8,0,8111,75
07/11-12:20:27.588250 ,1,384,5,"ICMP PING",ICMP,192.168.137.170,,192.168.137.180,,00:24:2C:58:5B:F8,2C:81:58:F5:37:8E,0x62,,,,,,64,0,0,84,86016,8,0,8111,75
07/11-12:20:27.595382 ,1,408,5,"ICMP Echo Reply",ICMP,192.168.137.180,,192.168.137.170,,2C:81:58:F5:37:8E,00:24:2C:58:5B:F8,0x62,,,,,,64,0,35942,84,86016,0,0,8111,75
07/11-12:20:27.952304 ,1,368,6,"ICMP PING BSDtype",ICMP,192.168.137.170,,192.168.137.180,,00:24:2C:58:5B:F8,2C:81:58:F5:37:8E,0x62,,,,,,64,0,0,84,86016,8,0,8111,76
07/11-12:20:27.952304 ,1,366,7,"ICMP PING *NIX",ICMP,192.168.137.170,,192.168.137.180,,00:24:2C:58:5B:F8,2C:81:58:F5:37:8E,0x62,,,,,,64,0,0,84,86016,8,0,8111,76
07/11-12:20:27.952304 ,1,50002,0,"PACKET SENT",ICMP,192.168.137.170,,192.168.137.180,,00:24:2C:58:5B:F8,2C:81:58:F5:37:8E,0x62,,,,,,64,0,0,84,86016,8,0,8111,76
07/11-12:20:27.952304 ,1,384,5,"ICMP PING",ICMP,192.168.137.170,,192.168.137.180,,00:24:2C:58:5B:F8,2C:81:58:F5:37:8E,0x62,,,,,,64,0,0,84,86016,8,0,8111,76
07/11-12:20:27.959505 ,1,408,5,"ICMP Echo Reply",ICMP,192.168.137.180,,192.168.137.170,,2C:81:58:F5:37:8E,00:24:2C:58:5B:F8,0x62,,,,,,64,0,35943,84,86016,0,0,8111,76
07/11-12:20:28.316239 ,1,368,6,"ICMP PING BSDtype",ICMP,192.168.137.170,,192.168.137.180,,00:24:2C:58:5B:F8,2C:81:58:F5:37:8E,0x62,,,,,,64,0,0,84,86016,8,0,8111,77
07/11-12:20:28.316239 ,1,366,7,"ICMP PING *NIX",ICMP,192.168.137.170,,192.168.137.180,,00:24:2C:58:5B:F8,2C:81:58:F5:37:8E,0x62,,,,,,64,0,0,84,86016,8,0,8111,77
07/11-12:20:28.316239 ,1,50002,0,"PACKET SENT",ICMP,192.168.137.170,,192.168.137.180,,00:24:2C:58:5B:F8,2C:81:58:F5:37:8E,0x62,,,,,,64,0,0,84,86016,8,0,8111,77
07/11-12:20:28.316239 ,1,384,5,"ICMP PING",ICMP,192.168.137.170,,192.168.137.180,,00:24:2C:58:5B:F8,2C:81:58:F5:37:8E,0x62,,,,,,64,0,0,84,86016,8,0,8111,77
07/11-12:20:28.321738 ,1,408,5,"ICMP Echo Reply",ICMP,192.168.137.180,,192.168.137.170,,2C:81:58:F5:37:8E,00:24:2C:58:5B:F8,0x62,,,,,,64,0,35944,84,86016,0,0,8111,77
07/11-12:20:28.473254 ,1,368,6,"ICMP PING BSDtype",ICMP,192.168.137.170,,192.168.137.180,,00:24:2C:58:5B:F8,2C:81:58:F5:37:8E,0x62,,,,,,64,0,0,84,86016,8,0,8111,78
07/11-12:20:28.473254 ,1,366,7,"ICMP PING *NIX",ICMP,192.168.137.170,,192.168.137.180,,00:24:2C:58:5B:F8,2C:81:58:F5:37:8E,0x62,,,,,,64,0,0,84,86016,8,0,8111,78
07/11-12:20:28.473254 ,1,50002,0,"PACKET SENT",ICMP,192.168.137.170,,192.168.137.180,,00:24:2C:58:5B:F8,2C:81:58:F5:37:8E,0x62,,,,,,64,0,0,84,86016,8,0,8111,78
07/11-12:20:28.473254 ,1,384,5,"ICMP PING",ICMP,192.168.137.170,,192.168.137.180,,00:24:2C:58:5B:F8,2C:81:58:F5:37:8E,0x62,,,,,,64,0,0,84,86016,8,0,8111,78
07/11-12:20:28.480842 ,1,408,5,"ICMP Echo Reply",ICMP,192.168.137.180,,192.168.137.170,,2C:81:58:F5:37:8E,00:24:2C:58:5B:F8,0x62,,,,,,64,0,35945,84,86016,0,0,8111,78
07/11-12:20:28.868339 ,1,368,6,"ICMP PING BSDtype",ICMP,192.168.137.170,,192.168.137.180,,00:24:2C:58:5B:F8,2C:81:58:F5:37:8E,0x62,,,,,,64,0,0,84,86016,8,0,8111,79
07/11-12:20:28.868339 ,1,366,7,"ICMP PING *NIX",ICMP,192.168.137.170,,192.168.137.180,,00:24:2C:58:5B:F8,2C:81:58:F5:37:8E,0x62,,,,,,64,0,0,84,86016,8,0,8111,79
07/11-12:20:28.868339 ,1,50002,0,"PACKET SENT",ICMP,192.168.137.170,,192.168.137.180,,00:24:2C:58:5B:F8,2C:81:58:F5:37:8E,0x62,,,,,,64,0,0,84,86016,8,0,8111,79
07/11-12:20:28.868339 ,1,384,5,"ICMP PING",ICMP,192.168.137.170,,192.168.137.180,,00:24:2C:58:5B:F8,2C:81:58:F5:37:8E,0x62,,,,,,64,0,0,84,86016,8,0,8111,79
07/11-12:20:28.875559 ,1,408,5,"ICMP Echo Reply",ICMP,192.168.137.180,,192.168.137.170,,2C:81:58:F5:37:8E,00:24:2C:58:5B:F8,0x62,,,,,,64,0,35946,84,86016,0,0,8111,79
07/11-12:20:29.305043 ,1,368,6,"ICMP PING BSDtype",ICMP,192.168.137.170,,192.168.137.180,,00:24:2C:58:5B:F8,2C:81:58:F5:37:8E,0x62,,,,,,64,0,0,84,86016,8,0,8111,80
07/11-12:20:29.305043 ,1,366,7,"ICMP PING *NIX",ICMP,192.168.137.170,,192.168.137.180,,00:24:2C:58:5B:F8,2C:81:58:F5:37:8E,0x62,,,,,,64,0,0,84,86016,8,0,8111,80
07/11-12:20:29.305043 ,1,50002,0,"PACKET SENT",ICMP,192.168.137.170,,192.168.137.180,,00:24:2C:58:5B:F8,2C:81:58:F5:37:8E,0x62,,,,,,64,0,0,84,86016,8,0,8111,80
07/11-12:20:29.305043 ,1,384,5,"ICMP PING",ICMP,192.168.137.170,,192.168.137.180,,00:24:2C:58:5B:F8,2C:81:58:F5:37:8E,0x62,,,,,,64,0,0,84,86016,8,0,8111,80
07/11-12:20:29.310938 ,1,408,5,"ICMP Echo Reply",ICMP,192.168.137.180,,192.168.137.170,,2C:81:58:F5:37:8E,00:24:2C:58:5B:F8,0x62,,,,,,64,0,35947,84,86016,0,0,8111,80
07/11-12:20:29.375836 ,1,368,6,"ICMP PING BSDtype",ICMP,192.168.137.170,,192.168.137.180,,00:24:2C:58:5B:F8,2C:81:58:F5:37:8E,0x62,,,,,,64,0,0,84,86016,8,0,8111,81
07/11-12:20:29.375836 ,1,366,7,"ICMP PING *NIX",ICMP,192.168.137.170,,192.168.137.180,,00:24:2C:58:5B:F8,2C:81:58:F5:37:8E,0x62,,,,,,64,0,0,84,86016,8,0,8111,81
07/11-12:20:29.375836 ,1,50002,0,"PACKET SENT",ICMP,192.168.137.170,,192.168.137.180,,00:24:2C:58:5B:F8,2C:81:58:F5:37:8E,0x62,,,,,,64,0,0,84,86016,8,0,8111,81
07/11-12:20:29.375836 ,1,384,5,"ICMP PING",ICMP,192.168.137.170,,192.168.137.180,,00:24:2C:58:5B:F8,2C:81:58:F5:37:8E,0x62,,,,,,64,0,0,84,86016,8,0,8111,81
07/11-12:20:29.382995 ,1,408,5,"ICMP Echo Reply",ICMP,192.168.137.180,,192.168.137.170,,2C:81:58:F5:37:8E,00:24:2C:58:5B:F8,0x62,,,,,,64,0,35948,84,86016,0,0,8111,81
07/11-12:20:29.676625 ,1,368,6,"ICMP PING BSDtype",ICMP,192.168.137.170,,192.168.137.180,,00:24:2C:58:5B:F8,2C:81:58:F5:37:8E,0x62,,,,,,64,0,0,84,86016,8,0,8111,82
07/11-12:20:29.676625 ,1,366,7,"ICMP PING *NIX",ICMP,192.168.137.170,,192.168.137.180,,00:24:2C:58:5B:F8,2C:81:58:F5:37:8E,0x62,,,,,,64,0,0,84,86016,8,0,8111,82
07/11-12:20:29.676625 ,1,50002,0,"PACKET SENT",ICMP,192.168.137.170,,192.168.137.180,,00:24:2C:58:5B:F8,2C:81:58:F5:37:8E,0x62,,,,,,64,0,0,84,86016,8,0,8111,82
07/11-12:20:29.676625 ,1,384,5,"ICMP PING",ICMP,192.168.137.170,,192.168.137.180,,00:24:2C:58:5B:F8,2C:81:58:F5:37:8E,0x62,,,,,,64,0,0,84,86016,8,0,8111,82
07/11-12:20:29.683781 ,1,408,5,"ICMP Echo Reply",ICMP,192.168.137.180,,192.168.137.170,,2C:81:58:F5:37:8E,00:24:2C:58:5B:F8,0x62,,,,,,64,0,35949,84,86016,0,0,8111,82
07/11-12:20:29.977423 ,1,368,6,"ICMP PING BSDtype",ICMP,192.168.137.170,,192.168.137.180,,00:24:2C:58:5B:F8,2C:81:58:F5:37:8E,0x62,,,,,,64,0,0,84,86016,8,0,8111,83
07/11-12:20:29.977423 ,1,366,7,"ICMP PING *NIX",ICMP,192.168.137.170,,192.168.137.180,,00:24:2C:58:5B:F8,2C:81:58:F5:37:8E,0x62,,,,,,64,0,0,84,86016,8,0,8111,83
07/11-12:20:29.977423 ,1,50002,0,"PACKET SENT",ICMP,192.168.137.170,,192.168.137.180,,00:24:2C:58:5B:F8,2C:81:58:F5:37:8E,0x62,,,,,,64,0,0,84,86016,8,0,8111,83
07/11-12:20:29.977423 ,1,384,5,"ICMP PING",ICMP,192.168.137.170,,192.168.137.180,,00:24:2C:58:5B:F8,2C:81:58:F5:37:8E,0x62,,,,,,64,0,0,84,86016,8,0,8111,83
07/11-12:20:29.983297 ,1,408,5,"ICMP Echo Reply",ICMP,192.168.137.180,,192.168.137.170,,2C:81:58:F5:37:8E,00:24:2C:58:5B:F8,0x62,,,,,,64,0,35950,84,86016,0,0,8111,83
07/11-12:20:30.277931 ,1,368,6,"ICMP PING BSDtype",ICMP,192.168.137.170,,192.168.137.180,,00:24:2C:58:5B:F8,2C:81:58:F5:37:8E,0x62,,,,,,64,0,0,84,86016,8,0,8111,84
07/11-12:20:30.277931 ,1,366,7,"ICMP PING *NIX",ICMP,192.168.137.170,,192.168.137.180,,00:24:2C:58:5B:F8,2C:81:58:F5:37:8E,0x62,,,,,,64,0,0,84,86016,8,0,8111,84
07/11-12:20:30.277931 ,1,50002,0,"PACKET SENT",ICMP,192.168.137.170,,192.168.137.180,,00:24:2C:58:5B:F8,2C:81:58:F5:37:8E,0x62,,,,,,64,0,0,84,86016,8,0,8111,84
07/11-12:20:30.277931 ,1,384,5,"ICMP PING",ICMP,192.168.137.170,,192.168.137.180,,00:24:2C:58:5B:F8,2C:81:58:F5:37:8E,0x62,,,,,,64,0,0,84,86016,8,0,8111,84
07/11-12:20:30.285086 ,1,408,5,"ICMP Echo Reply",ICMP,192.168.137.180,,192.168.137.170,,2C:81:58:F5:37:8E,00:24:2C:58:5B:F8,0x62,,,,,,64,0,35951,84,86016,0,0,8111,84
07/11-12:20:30.578735 ,1,368,6,"ICMP PING BSDtype",ICMP,192.168.137.170,,192.168.137.180,,00:24:2C:58:5B:F8,2C:81:58:F5:37:8E,0x62,,,,,,64,0,0,84,86016,8,0,8111,85
07/11-12:20:30.578735 ,1,366,7,"ICMP PING *NIX",ICMP,192.168.137.170,,192.168.137.180,,00:24:2C:58:5B:F8,2C:81:58:F5:37:8E,0x62,,,,,,64,0,0,84,86016,8,0,8111,85
07/11-12:20:30.578735 ,1,50002,0,"PACKET SENT",ICMP,192.168.137.170,,192.168.137.180,,00:24:2C:58:5B:F8,2C:81:58:F5:37:8E,0x62,,,,,,64,0,0,84,86016,8,0,8111,85
07/11-12:20:30.578735 ,1,384,5,"ICMP PING",ICMP,192.168.137.170,,192.168.137.180,,00:24:2C:58:5B:F8,2C:81:58:F5:37:8E,0x62,,,,,,64,0,0,84,86016,8,0,8111,85
07/11-12:20:30.585909 ,1,408,5,"ICMP Echo Reply",ICMP,192.168.137.180,,192.168.137.170,,2C:81:58:F5:37:8E,00:24:2C:58:5B:F8,0x62,,,,,,64,0,35952,84,86016,0,0,8111,85
07/11-12:20:30.879553 ,1,368,6,"ICMP PING BSDtype",ICMP,192.168.137.170,,192.168.137.180,,00:24:2C:58:5B:F8,2C:81:58:F5:37:8E,0x62,,,,,,64,0,0,84,86016,8,0,8111,86
07/11-12:20:30.879553 ,1,366,7,"ICMP PING *NIX",ICMP,192.168.137.170,,192.168.137.180,,00:24:2C:58:5B:F8,2C:81:58:F5:37:8E,0x62,,,,,,64,0,0,84,86016,8,0,8111,86
07/11-12:20:30.879553 ,1,50002,0,"PACKET SENT",ICMP,192.168.137.170,,192.168.137.180,,00:24:2C:58:5B:F8,2C:81:58:F5:37:8E,0x62,,,,,,64,0,0,84,86016,8,0,8111,86
07/11-12:20:30.879553 ,1,384,5,"ICMP PING",ICMP,192.168.137.170,,192.168.137.180,,00:24:2C:58:5B:F8,2C:81:58:F5:37:8E,0x62,,,,,,64,0,0,84,86016,8,0,8111,86
07/11-12:20:30.886811 ,1,408,5,"ICMP Echo Reply",ICMP,192.168.137.180,,192.168.137.170,,2C:81:58:F5:37:8E,00:24:2C:58:5B:F8,0x62,,,,,,64,0,35953,84,86016,0,0,8111,86
07/11-12:20:31.180456 ,1,368,6,"ICMP PING BSDtype",ICMP,192.168.137.170,,192.168.137.180,,00:24:2C:58:5B:F8,2C:81:58:F5:37:8E,0x62,,,,,,64,0,0,84,86016,8,0,8111,87
07/11-12:20:31.180456 ,1,366,7,"ICMP PING *NIX",ICMP,192.168.137.170,,192.168.137.180,,00:24:2C:58:5B:F8,2C:81:58:F5:37:8E,0x62,,,,,,64,0,0,84,86016,8,0,8111,87
07/11-12:20:31.180456 ,1,50002,0,"PACKET SENT",ICMP,192.168.137.170,,192.168.137.180,,00:24:2C:58:5B:F8,2C:81:58:F5:37:8E,0x62,,,,,,64,0,0,84,86016,8,0,8111,87
07/11-12:20:31.180456 ,1,384,5,"ICMP PING",ICMP,192.168.137.170,,192.168.137.180,,00:24:2C:58:5B:F8,2C:81:58:F5:37:8E,0x62,,,,,,64,0,0,84,86016,8,0,8111,87
07/11-12:20:31.188845 ,1,408,5,"ICMP Echo Reply",ICMP,192.168.137.180,,192.168.137.170,,2C:81:58:F5:37:8E,00:24:2C:58:5B:F8,0x62,,,,,,64,0,35954,84,86016,0,0,8111,87
07/11-12:20:31.481492 ,1,368,6,"ICMP PING BSDtype",ICMP,192.168.137.170,,192.168.137.180,,00:24:2C:58:5B:F8,2C:81:58:F5:37:8E,0x62,,,,,,64,0,0,84,86016,8,0,8111,88
07/11-12:20:31.481492 ,1,366,7,"ICMP PING *NIX",ICMP,192.168.137.170,,192.168.137.180,,00:24:2C:58:5B:F8,2C:81:58:F5:37:8E,0x62,,,,,,64,0,0,84,86016,8,0,8111,88
07/11-12:20:31.481492 ,1,50002,0,"PACKET SENT",ICMP,192.168.137.170,,192.168.137.180,,00:24:2C:58:5B:F8,2C:81:58:F5:37:8E,0x62,,,,,,64,0,0,84,86016,8,0,8111,88
07/11-12:20:31.481492 ,1,384,5,"ICMP PING",ICMP,192.168.137.170,,192.168.137.180,,00:24:2C:58:5B:F8,2C:81:58:F5:37:8E,0x62,,,,,,64,0,0,84,86016,8,0,8111,88
07/11-12:20:31.492826 ,1,408,5,"ICMP Echo Reply",ICMP,192.168.137.180,,192.168.137.170,,2C:81:58:F5:37:8E,00:24:2C:58:5B:F8,0x62,,,,,,64,0,35955,84,86016,0,0,8111,88
07/11-12:20:31.782454 ,1,368,6,"ICMP PING BSDtype",ICMP,192.168.137.170,,192.168.137.180,,00:24:2C:58:5B:F8,2C:81:58:F5:37:8E,0x62,,,,,,64,0,0,84,86016,8,0,8111,89
07/11-12:20:31.782454 ,1,366,7,"ICMP PING *NIX",ICMP,192.168.137.170,,192.168.137.180,,00:24:2C:58:5B:F8,2C:81:58:F5:37:8E,0x62,,,,,,64,0,0,84,86016,8,0,8111,89
07/11-12:20:31.782454 ,1,50002,0,"PACKET SENT",ICMP,192.168.137.170,,192.168.137.180,,00:24:2C:58:5B:F8,2C:81:58:F5:37:8E,0x62,,,,,,64,0,0,84,86016,8,0,8111,89
07/11-12:20:31.782454 ,1,384,5,"ICMP PING",ICMP,192.168.137.170,,192.168.137.180,,00:24:2C:58:5B:F8,2C:81:58:F5:37:8E,0x62,,,,,,64,0,0,84,86016,8,0,8111,89
07/11-12:20:31.789610 ,1,408,5,"ICMP Echo Reply",ICMP,192.168.137.180,,192.168.137.170,,2C:81:58:F5:37:8E,00:24:2C:58:5B:F8,0x62,,,,,,64,0,35956,84,86016,0,0,8111,89
07/11-12:20:32.083229 ,1,368,6,"ICMP PING BSDtype",ICMP,192.168.137.170,,192.168.137.180,,00:24:2C:58:5B:F8,2C:81:58:F5:37:8E,0x62,,,,,,64,0,0,84,86016,8,0,8111,90
07/11-12:20:32.083229 ,1,366,7,"ICMP PING *NIX",ICMP,192.168.137.170,,192.168.137.180,,00:24:2C:58:5B:F8,2C:81:58:F5:37:8E,0x62,,,,,,64,0,0,84,86016,8,0,8111,90
07/11-12:20:32.083229 ,1,50002,0,"PACKET SENT",ICMP,192.168.137.170,,192.168.137.180,,00:24:2C:58:5B:F8,2C:81:58:F5:37:8E,0x62,,,,,,64,0,0,84,86016,8,0,8111,90
07/11-12:20:32.083229 ,1,384,5,"ICMP PING",ICMP,192.168.137.170,,192.168.137.180,,00:24:2C:58:5B:F8,2C:81:58:F5:37:8E,0x62,,,,,,64,0,0,84,86016,8,0,8111,90
07/11-12:20:32.090407 ,1,408,5,"ICMP Echo Reply",ICMP,192.168.137.180,,192.168.137.170,,2C:81:58:F5:37:8E,00:24:2C:58:5B:F8,0x62,,,,,,64,0,35957,84,86016,0,0,8111,90
07/11-12:20:32.384055 ,1,368,6,"ICMP PING BSDtype",ICMP,192.168.137.170,,192.168.137.180,,00:24:2C:58:5B:F8,2C:81:58:F5:37:8E,0x62,,,,,,64,0,0,84,86016,8,0,8111,91
07/11-12:20:32.384055 ,1,366,7,"ICMP PING *NIX",ICMP,192.168.137.170,,192.168.137.180,,00:24:2C:58:5B:F8,2C:81:58:F5:37:8E,0x62,,,,,,64,0,0,84,86016,8,0,8111,91
07/11-12:20:32.384055 ,1,50002,0,"PACKET SENT",ICMP,192.168.137.170,,192.168.137.180,,00:24:2C:58:5B:F8,2C:81:58:F5:37:8E,0x62,,,,,,64,0,0,84,86016,8,0,8111,91
07/11-12:20:32.384055 ,1,384,5,"ICMP PING",ICMP,192.168.137.170,,192.168.137.180,,00:24:2C:58:5B:F8,2C:81:58:F5:37:8E,0x62,,,,,,64,0,0,84,86016,8,0,8111,91
07/11-12:20:32.391257 ,1,408,5,"ICMP Echo Reply",ICMP,192.168.137.180,,192.168.137.170,,2C:81:58:F5:37:8E,00:24:2C:58:5B:F8,0x62,,,,,,64,0,35958,84,86016,0,0,8111,91
07/11-12:20:32.684888 ,1,368,6,"ICMP PING BSDtype",ICMP,192.168.137.170,,192.168.137.180,,00:24:2C:58:5B:F8,2C:81:58:F5:37:8E,0x62,,,,,,64,0,0,84,86016,8,0,8111,92
07/11-12:20:32.684888 ,1,366,7,"ICMP PING *NIX",ICMP,192.168.137.170,,192.168.137.180,,00:24:2C:58:5B:F8,2C:81:58:F5:37:8E,0x62,,,,,,64,0,0,84,86016,8,0,8111,92
07/11-12:20:32.684888 ,1,50002,0,"PACKET SENT",ICMP,192.168.137.170,,192.168.137.180,,00:24:2C:58:5B:F8,2C:81:58:F5:37:8E,0x62,,,,,,64,0,0,84,86016,8,0,8111,92
07/11-12:20:32.684888 ,1,384,5,"ICMP PING",ICMP,192.168.137.170,,192.168.137.180,,00:24:2C:58:5B:F8,2C:81:58:F5:37:8E,0x62,,,,,,64,0,0,84,86016,8,0,8111,92
07/11-12:20:32.692046 ,1,408,5,"ICMP Echo Reply",ICMP,192.168.137.180,,192.168.137.170,,2C:81:58:F5:37:8E,00:24:2C:58:5B:F8,0x62,,,,,,64,0,35959,84,86016,0,0,8111,92
07/11-12:20:32.985681 ,1,368,6,"ICMP PING BSDtype",ICMP,192.168.137.170,,192.168.137.180,,00:24:2C:58:5B:F8,2C:81:58:F5:37:8E,0x62,,,,,,64,0,0,84,86016,8,0,8111,93
07/11-12:20:32.985681 ,1,366,7,"ICMP PING *NIX",ICMP,192.168.137.170,,192.168.137.180,,00:24:2C:58:5B:F8,2C:81:58:F5:37:8E,0x62,,,,,,64,0,0,84,86016,8,0,8111,93
07/11-12:20:32.985681 ,1,50002,0,"PACKET SENT",ICMP,192.168.137.170,,192.168.137.180,,00:24:2C:58:5B:F8,2C:81:58:F5:37:8E,0x62,,,,,,64,0,0,84,86016,8,0,8111,93
07/11-12:20:32.985681 ,1,384,5,"ICMP PING",ICMP,192.168.137.170,,192.168.137.180,,00:24:2C:58:5B:F8,2C:81:58:F5:37:8E,0x62,,,,,,64,0,0,84,86016,8,0,8111,93
07/11-12:20:32.992873 ,1,408,5,"ICMP Echo Reply",ICMP,192.168.137.180,,192.168.137.170,,2C:81:58:F5:37:8E,00:24:2C:58:5B:F8,0x62,,,,,,64,0,35960,84,86016,0,0,8111,93
07/11-12:20:33.286469 ,1,368,6,"ICMP PING BSDtype",ICMP,192.168.137.170,,192.168.137.180,,00:24:2C:58:5B:F8,2C:81:58:F5:37:8E,0x62,,,,,,64,0,0,84,86016,8,0,8111,94
07/11-12:20:33.286469 ,1,366,7,"ICMP PING *NIX",ICMP,192.168.137.170,,192.168.137.180,,00:24:2C:58:5B:F8,2C:81:58:F5:37:8E,0x62,,,,,,64,0,0,84,86016,8,0,8111,94
07/11-12:20:33.286469 ,1,50002,0,"PACKET SENT",ICMP,192.168.137.170,,192.168.137.180,,00:24:2C:58:5B:F8,2C:81:58:F5:37:8E,0x62,,,,,,64,0,0,84,86016,8,0,8111,94
07/11-12:20:33.286469 ,1,384,5,"ICMP PING",ICMP,192.168.137.170,,192.168.137.180,,00:24:2C:58:5B:F8,2C:81:58:F5:37:8E,0x62,,,,,,64,0,0,84,86016,8,0,8111,94
07/11-12:20:33.293671 ,1,408,5,"ICMP Echo Reply",ICMP,192.168.137.180,,192.168.137.170,,2C:81:58:F5:37:8E,00:24:2C:58:5B:F8,0x62,,,,,,64,0,35961,84,86016,0,0,8111,94
07/11-12:20:33.587318 ,1,368,6,"ICMP PING BSDtype",ICMP,192.168.137.170,,192.168.137.180,,00:24:2C:58:5B:F8,2C:81:58:F5:37:8E,0x62,,,,,,64,0,0,84,86016,8,0,8111,95
07/11-12:20:33.587318 ,1,366,7,"ICMP PING *NIX",ICMP,192.168.137.170,,192.168.137.180,,00:24:2C:58:5B:F8,2C:81:58:F5:37:8E,0x62,,,,,,64,0,0,84,86016,8,0,8111,95
07/11-12:20:33.587318 ,1,50002,0,"PACKET SENT",ICMP,192.168.137.170,,192.168.137.180,,00:24:2C:58:5B:F8,2C:81:58:F5:37:8E,0x62,,,,,,64,0,0,84,86016,8,0,8111,95
07/11-12:20:33.587318 ,1,384,5,"ICMP PING",ICMP,192.168.137.170,,192.168.137.180,,00:24:2C:58:5B:F8,2C:81:58:F5:37:8E,0x62,,,,,,64,0,0,84,86016,8,0,8111,95
07/11-12:20:33.594514 ,1,408,5,"ICMP Echo Reply",ICMP,192.168.137.180,,192.168.137.170,,2C:81:58:F5:37:8E,00:24:2C:58:5B:F8,0x62,,,,,,64,0,35962,84,86016,0,0,8111,95
07/11-12:20:33.888146 ,1,368,6,"ICMP PING BSDtype",ICMP,192.168.137.170,,192.168.137.180,,00:24:2C:58:5B:F8,2C:81:58:F5:37:8E,0x62,,,,,,64,0,0,84,86016,8,0,8111,96
07/11-12:20:33.888146 ,1,366,7,"ICMP PING *NIX",ICMP,192.168.137.170,,192.168.137.180,,00:24:2C:58:5B:F8,2C:81:58:F5:37:8E,0x62,,,,,,64,0,0,84,86016,8,0,8111,96
07/11-12:20:33.888146 ,1,50002,0,"PACKET SENT",ICMP,192.168.137.170,,192.168.137.180,,00:24:2C:58:5B:F8,2C:81:58:F5:37:8E,0x62,,,,,,64,0,0,84,86016,8,0,8111,96
07/11-12:20:33.888146 ,1,384,5,"ICMP PING",ICMP,192.168.137.170,,192.168.137.180,,00:24:2C:58:5B:F8,2C:81:58:F5:37:8E,0x62,,,,,,64,0,0,84,86016,8,0,8111,96
07/11-12:20:33.895287 ,1,408,5,"ICMP Echo Reply",ICMP,192.168.137.180,,192.168.137.170,,2C:81:58:F5:37:8E,00:24:2C:58:5B:F8,0x62,,,,,,64,0,35963,84,86016,0,0,8111,96
07/11-12:20:34.188924 ,1,368,6,"ICMP PING BSDtype",ICMP,192.168.137.170,,192.168.137.180,,00:24:2C:58:5B:F8,2C:81:58:F5:37:8E,0x62,,,,,,64,0,0,84,86016,8,0,8111,97
07/11-12:20:34.188924 ,1,366,7,"ICMP PING *NIX",ICMP,192.168.137.170,,192.168.137.180,,00:24:2C:58:5B:F8,2C:81:58:F5:37:8E,0x62,,,,,,64,0,0,84,86016,8,0,8111,97
07/11-12:20:34.188924 ,1,50002,0,"PACKET SENT",ICMP,192.168.137.170,,192.168.137.180,,00:24:2C:58:5B:F8,2C:81:58:F5:37:8E,0x62,,,,,,64,0,0,84,86016,8,0,8111,97
07/11-12:20:34.188924 ,1,384,5,"ICMP PING",ICMP,192.168.137.170,,192.168.137.180,,00:24:2C:58:5B:F8,2C:81:58:F5:37:8E,0x62,,,,,,64,0,0,84,86016,8,0,8111,97
07/11-12:20:34.196123 ,1,408,5,"ICMP Echo Reply",ICMP,192.168.137.180,,192.168.137.170,,2C:81:58:F5:37:8E,00:24:2C:58:5B:F8,0x62,,,,,,64,0,35964,84,86016,0,0,8111,97
07/11-12:20:34.489752 ,1,368,6,"ICMP PING BSDtype",ICMP,192.168.137.170,,192.168.137.180,,00:24:2C:58:5B:F8,2C:81:58:F5:37:8E,0x62,,,,,,64,0,0,84,86016,8,0,8111,98
07/11-12:20:34.489752 ,1,366,7,"ICMP PING *NIX",ICMP,192.168.137.170,,192.168.137.180,,00:24:2C:58:5B:F8,2C:81:58:F5:37:8E,0x62,,,,,,64,0,0,84,86016,8,0,8111,98
07/11-12:20:34.489752 ,1,50002,0,"PACKET SENT",ICMP,192.168.137.170,,192.168.137.180,,00:24:2C:58:5B:F8,2C:81:58:F5:37:8E,0x62,,,,,,64,0,0,84,86016,8,0,8111,98
07/11-12:20:34.489752 ,1,384,5,"ICMP PING",ICMP,192.168.137.170,,192.168.137.180,,00:24:2C:58:5B:F8,2C:81:58:F5:37:8E,0x62,,,,,,64,0,0,84,86016,8,0,8111,98
07/11-12:20:34.499580 ,1,408,5,"ICMP Echo Reply",ICMP,192.168.137.180,,192.168.137.170,,2C:81:58:F5:37:8E,00:24:2C:58:5B:F8,0x62,,,,,,64,0,35965,84,86016,0,0,8111,98
07/11-12:20:34.790195 ,1,368,6,"ICMP PING BSDtype",ICMP,192.168.137.170,,192.168.137.180,,00:24:2C:58:5B:F8,2C:81:58:F5:37:8E,0x62,,,,,,64,0,0,84,86016,8,0,8111,99
07/11-12:20:34.790195 ,1,366,7,"ICMP PING *NIX",ICMP,192.168.137.170,,192.168.137.180,,00:24:2C:58:5B:F8,2C:81:58:F5:37:8E,0x62,,,,,,64,0,0,84,86016,8,0,8111,99
07/11-12:20:34.790195 ,1,50002,0,"PACKET SENT",ICMP,192.168.137.170,,192.168.137.180,,00:24:2C:58:5B:F8,2C:81:58:F5:37:8E,0x62,,,,,,64,0,0,84,86016,8,0,8111,99
07/11-12:20:34.790195 ,1,384,5,"ICMP PING",ICMP,192.168.137.170,,192.168.137.180,,00:24:2C:58:5B:F8,2C:81:58:F5:37:8E,0x62,,,,,,64,0,0,84,86016,8,0,8111,99
07/11-12:20:34.797410 ,1,408,5,"ICMP Echo Reply",ICMP,192.168.137.180,,192.168.137.170,,2C:81:58:F5:37:8E,00:24:2C:58:5B:F8,0x62,,,,,,64,0,35966,84,86016,0,0,8111,99
07/11-12:20:35.091047 ,1,368,6,"ICMP PING BSDtype",ICMP,192.168.137.170,,192.168.137.180,,00:24:2C:58:5B:F8,2C:81:58:F5:37:8E,0x62,,,,,,64,0,0,84,86016,8,0,8111,100
07/11-12:20:35.091047 ,1,366,7,"ICMP PING *NIX",ICMP,192.168.137.170,,192.168.137.180,,00:24:2C:58:5B:F8,2C:81:58:F5:37:8E,0x62,,,,,,64,0,0,84,86016,8,0,8111,100
07/11-12:20:35.091047 ,1,50002,0,"PACKET SENT",ICMP,192.168.137.170,,192.168.137.180,,00:24:2C:58:5B:F8,2C:81:58:F5:37:8E,0x62,,,,,,64,0,0,84,86016,8,0,8111,100
07/11-12:20:35.091047 ,1,384,5,"ICMP PING",ICMP,192.168.137.170,,192.168.137.180,,00:24:2C:58:5B:F8,2C:81:58:F5:37:8E,0x62,,,,,,64,0,0,84,86016,8,0,8111,100
07/11-12:20:35.096965 ,1,408,5,"ICMP Echo Reply",ICMP,192.168.137.180,,192.168.137.170,,2C:81:58:F5:37:8E,00:24:2C:58:5B:F8,0x62,,,,,,64,0,35967,84,86016,0,0,8111,100
