07/11-14:17:26.276283 ,1,51004,2,"PACKET SENT",UDP,192.168.137.180,59964,192.168.137.1,53,2C:81:58:F5:37:8E,BC:C6:DB:0C:D2:32,0x4C,,,,,,64,0,0,62,63488,,,,
07/11-14:17:27.278018 ,1,51004,2,"PACKET SENT",UDP,192.168.137.180,13623,192.168.137.1,53,2C:81:58:F5:37:8E,BC:C6:DB:0C:D2:32,0x4C,,,,,,64,0,0,62,63488,,,,
07/11-14:17:46.232340 ,1,51004,2,"PACKET SENT",UDP,192.168.137.180,123,193.204.114.232,123,2C:81:58:F5:37:8E,BC:C6:DB:0C:D2:32,0x5A,,,,,,64,192,0,76,77824,,,,
07/11-14:17:46.561101 ,1,51004,2,"PACKET SENT",UDP,192.168.137.180,68,192.168.137.1,67,2C:81:58:F5:37:8E,BC:C6:DB:0C:D2:32,0x156,,,,,,64,0,0,328,73732,,,,
07/11-14:17:48.232315 ,1,51004,2,"PACKET SENT",UDP,192.168.137.180,123,193.204.114.233,123,2C:81:58:F5:37:8E,BC:C6:DB:0C:D2:32,0x5A,,,,,,64,192,0,76,77824,,,,
07/11-14:18:18.133157 ,1,51004,2,"PACKET SENT",UDP,192.168.137.180,59226,192.168.137.1,53,2C:81:58:F5:37:8E,BC:C6:DB:0C:D2:32,0x58,,,,,,64,0,0,74,75776,,,,
07/11-14:18:18.149139 ,1,51004,2,"PACKET SENT",TCP,192.168.137.180,54470,192.168.137.170,8888,2C:81:58:F5:37:8E,00:24:2C:58:5B:F8,0x3A,******S*,0x2292CF1F,0x0,,0x400,51,0,17010,44,45056,,,,
07/11-14:18:18.149407 ,1,51004,2,"PACKET SENT",TCP,192.168.137.180,54470,192.168.137.170,587,2C:81:58:F5:37:8E,00:24:2C:58:5B:F8,0x3A,******S*,0x2292CF1F,0x0,,0x400,41,0,32705,44,45056,,,,
07/11-14:18:18.149442 ,1,51004,2,"PACKET SENT",TCP,192.168.137.180,54470,192.168.137.170,23,2C:81:58:F5:37:8E,00:24:2C:58:5B:F8,0x3A,******S*,0x2292CF1F,0x0,,0x400,56,0,49558,44,45056,,,,
07/11-14:18:18.149476 ,1,51004,2,"PACKET SENT",TCP,192.168.137.180,54470,192.168.137.170,3389,2C:81:58:F5:37:8E,00:24:2C:58:5B:F8,0x3A,******S*,0x2292CF1F,0x0,,0x400,45,0,5767,44,45056,,,,
07/11-14:18:18.149508 ,1,51004,2,"PACKET SENT",TCP,192.168.137.180,54470,192.168.137.170,110,2C:81:58:F5:37:8E,00:24:2C:58:5B:F8,0x3A,******S*,0x2292CF1F,0x0,,0x400,45,0,8762,44,45056,,,,
07/11-14:18:18.149537 ,1,51004,2,"PACKET SENT",TCP,192.168.137.180,54470,192.168.137.170,80,2C:81:58:F5:37:8E,00:24:2C:58:5B:F8,0x3A,******S*,0x2292CF1F,0x0,,0x400,54,0,50935,44,45056,,,,
07/11-14:18:18.149568 ,1,51004,2,"PACKET SENT",TCP,192.168.137.180,54470,192.168.137.170,135,2C:81:58:F5:37:8E,00:24:2C:58:5B:F8,0x3A,******S*,0x2292CF1F,0x0,,0x400,59,0,23373,44,45056,,,,
07/11-14:18:18.149683 ,1,51004,2,"PACKET SENT",TCP,192.168.137.180,54470,192.168.137.170,443,2C:81:58:F5:37:8E,00:24:2C:58:5B:F8,0x3A,******S*,0x2292CF1F,0x0,,0x400,51,0,1388,44,45056,,,,
07/11-14:18:18.149715 ,1,51004,2,"PACKET SENT",TCP,192.168.137.180,54470,192.168.137.170,22,2C:81:58:F5:37:8E,00:24:2C:58:5B:F8,0x3A,******S*,0x2292CF1F,0x0,,0x400,50,0,41739,44,45056,,,,
07/11-14:18:18.149745 ,1,51004,2,"PACKET SENT",TCP,192.168.137.180,54470,192.168.137.170,993,2C:81:58:F5:37:8E,00:24:2C:58:5B:F8,0x3A,******S*,0x2292CF1F,0x0,,0x400,54,0,7777,44,45056,,,,
07/11-14:18:18.151950 ,1,51004,2,"PACKET SENT",TCP,192.168.137.180,54470,192.168.137.170,143,2C:81:58:F5:37:8E,00:24:2C:58:5B:F8,0x3A,******S*,0x2292CF1F,0x0,,0x400,53,0,1170,44,45056,,,,
07/11-14:18:18.154183 ,1,51004,2,"PACKET SENT",TCP,192.168.137.180,54470,192.168.137.170,1720,2C:81:58:F5:37:8E,00:24:2C:58:5B:F8,0x3A,******S*,0x2292CF1F,0x0,,0x400,47,0,1461,44,45056,,,,
07/11-14:18:18.158625 ,1,51004,2,"PACKET SENT",TCP,192.168.137.180,54470,192.168.137.170,5900,2C:81:58:F5:37:8E,00:24:2C:58:5B:F8,0x3A,******S*,0x2292CF1F,0x0,,0x400,57,0,11957,44,45056,,,,
07/11-14:18:18.158756 ,1,51004,2,"PACKET SENT",TCP,192.168.137.180,54470,192.168.137.170,111,2C:81:58:F5:37:8E,00:24:2C:58:5B:F8,0x3A,******S*,0x2292CF1F,0x0,,0x400,50,0,11307,44,45056,,,,
07/11-14:18:18.162246 ,1,51004,2,"PACKET SENT",TCP,192.168.137.180,54470,192.168.137.170,445,2C:81:58:F5:37:8E,00:24:2C:58:5B:F8,0x3A,******S*,0x2292CF1F,0x0,,0x400,45,0,1082,44,45056,,,,
07/11-14:18:18.162655 ,1,51004,2,"PACKET SENT",TCP,192.168.137.180,54470,192.168.137.170,554,2C:81:58:F5:37:8E,00:24:2C:58:5B:F8,0x3A,******S*,0x2292CF1F,0x0,,0x400,46,0,4961,44,45056,,,,
07/11-14:18:18.162956 ,1,51004,2,"PACKET SENT",TCP,192.168.137.180,54470,192.168.137.170,21,2C:81:58:F5:37:8E,00:24:2C:58:5B:F8,0x3A,******S*,0x2292CF1F,0x0,,0x400,58,0,14650,44,45056,,,,
07/11-14:18:18.163610 ,1,51004,2,"PACKET SENT",TCP,192.168.137.180,54470,192.168.137.170,139,2C:81:58:F5:37:8E,00:24:2C:58:5B:F8,0x3A,******S*,0x2292CF1F,0x0,,0x400,44,0,24989,44,45056,,,,
07/11-14:18:18.163923 ,1,51004,2,"PACKET SENT",TCP,192.168.137.180,54470,192.168.137.170,1723,2C:81:58:F5:37:8E,00:24:2C:58:5B:F8,0x3A,******S*,0x2292CF1F,0x0,,0x400,37,0,10814,44,45056,,,,
07/11-14:18:18.164310 ,1,51004,2,"PACKET SENT",TCP,192.168.137.180,54470,192.168.137.170,113,2C:81:58:F5:37:8E,00:24:2C:58:5B:F8,0x3A,******S*,0x2292CF1F,0x0,,0x400,56,0,61033,44,45056,,,,
07/11-14:18:18.164440 ,1,51004,2,"PACKET SENT",TCP,192.168.137.180,54470,192.168.137.170,80,2C:81:58:F5:37:8E,00:24:2C:58:5B:F8,0x36,*****R**,0x2292CF20,0x0,,0x0,64,0,0,40,40960,,,,
07/11-14:18:18.166745 ,1,51004,2,"PACKET SENT",TCP,192.168.137.180,54470,192.168.137.170,995,2C:81:58:F5:37:8E,00:24:2C:58:5B:F8,0x3A,******S*,0x2292CF1F,0x0,,0x400,56,0,43642,44,45056,,,,
07/11-14:18:18.173268 ,1,51004,2,"PACKET SENT",TCP,192.168.137.180,54470,192.168.137.170,8080,2C:81:58:F5:37:8E,00:24:2C:58:5B:F8,0x3A,******S*,0x2292CF1F,0x0,,0x400,40,0,37156,44,45056,,,,
07/11-14:18:18.173332 ,1,51004,2,"PACKET SENT",TCP,192.168.137.180,54470,192.168.137.170,3306,2C:81:58:F5:37:8E,00:24:2C:58:5B:F8,0x3A,******S*,0x2292CF1F,0x0,,0x400,56,0,63359,44,45056,,,,
07/11-14:18:18.173367 ,1,51004,2,"PACKET SENT",TCP,192.168.137.180,54470,192.168.137.170,53,2C:81:58:F5:37:8E,00:24:2C:58:5B:F8,0x3A,******S*,0x2292CF1F,0x0,,0x400,46,0,54122,44,45056,,,,
07/11-14:18:18.173398 ,1,51004,2,"PACKET SENT",TCP,192.168.137.180,54470,192.168.137.170,25,2C:81:58:F5:37:8E,00:24:2C:58:5B:F8,0x3A,******S*,0x2292CF1F,0x0,,0x400,51,0,33087,44,45056,,,,
07/11-14:18:18.173431 ,1,51004,2,"PACKET SENT",TCP,192.168.137.180,54470,192.168.137.170,19300,2C:81:58:F5:37:8E,00:24:2C:58:5B:F8,0x3A,******S*,0x2292CF1F,0x0,,0x400,39,0,25773,44,45056,,,,
07/11-14:18:18.173460 ,1,51004,2,"PACKET SENT",TCP,192.168.137.180,54470,192.168.137.170,20222,2C:81:58:F5:37:8E,00:24:2C:58:5B:F8,0x3A,******S*,0x2292CF1F,0x0,,0x400,56,0,35814,44,45056,,,,
07/11-14:18:18.173501 ,1,51004,2,"PACKET SENT",TCP,192.168.137.180,54470,192.168.137.170,3000,2C:81:58:F5:37:8E,00:24:2C:58:5B:F8,0x3A,******S*,0x2292CF1F,0x0,,0x400,55,0,51337,44,45056,,,,
07/11-14:18:18.173531 ,1,51004,2,"PACKET SENT",TCP,192.168.137.180,54470,192.168.137.170,264,2C:81:58:F5:37:8E,00:24:2C:58:5B:F8,0x3A,******S*,0x2292CF1F,0x0,,0x400,44,0,52372,44,45056,,,,
07/11-14:18:18.173560 ,1,51004,2,"PACKET SENT",TCP,192.168.137.180,54470,192.168.137.170,4659,2C:81:58:F5:37:8E,00:24:2C:58:5B:F8,0x3A,******S*,0x2292CF1F,0x0,,0x400,54,0,52099,44,45056,,,,
07/11-14:18:18.173589 ,1,51004,2,"PACKET SENT",TCP,192.168.137.180,54470,192.168.137.170,8834,2C:81:58:F5:37:8E,00:24:2C:58:5B:F8,0x3A,******S*,0x2292CF1F,0x0,,0x400,50,0,61692,44,45056,,,,
07/11-14:18:18.173620 ,1,51004,2,"PACKET SENT",TCP,192.168.137.180,54470,192.168.137.170,500,2C:81:58:F5:37:8E,00:24:2C:58:5B:F8,0x3A,******S*,0x2292CF1F,0x0,,0x400,50,0,58303,44,45056,,,,
07/11-14:18:18.173652 ,1,51004,2,"PACKET SENT",TCP,192.168.137.180,54470,192.168.137.170,5580,2C:81:58:F5:37:8E,00:24:2C:58:5B:F8,0x3A,******S*,0x2292CF1F,0x0,,0x400,55,0,5229,44,45056,,,,
07/11-14:18:18.173681 ,1,51004,2,"PACKET SENT",TCP,192.168.137.180,54470,192.168.137.170,1100,2C:81:58:F5:37:8E,00:24:2C:58:5B:F8,0x3A,******S*,0x2292CF1F,0x0,,0x400,38,0,12375,44,45056,,,,
07/11-14:18:18.173715 ,1,51004,2,"PACKET SENT",TCP,192.168.137.180,54470,192.168.137.170,50501,2C:81:58:F5:37:8E,00:24:2C:58:5B:F8,0x3A,******S*,0x2292CF1F,0x0,,0x400,54,0,51845,44,45056,,,,
07/11-14:18:18.173746 ,1,51004,2,"PACKET SENT",TCP,192.168.137.180,54470,192.168.137.170,34443,2C:81:58:F5:37:8E,00:24:2C:58:5B:F8,0x3A,******S*,0x2292CF1F,0x0,,0x400,54,0,32755,44,45056,,,,
07/11-14:18:18.173777 ,1,51004,2,"PACKET SENT",TCP,192.168.137.180,54470,192.168.137.170,2001,2C:81:58:F5:37:8E,00:24:2C:58:5B:F8,0x3A,******S*,0x2292CF1F,0x0,,0x400,46,0,51916,44,45056,,,,
07/11-14:18:18.173806 ,1,51004,2,"PACKET SENT",TCP,192.168.137.180,54470,192.168.137.170,79,2C:81:58:F5:37:8E,00:24:2C:58:5B:F8,0x3A,******S*,0x2292CF1F,0x0,,0x400,40,0,21066,44,45056,,,,
07/11-14:18:18.173836 ,1,51004,2,"PACKET SENT",TCP,192.168.137.180,54470,192.168.137.170,1900,2C:81:58:F5:37:8E,00:24:2C:58:5B:F8,0x3A,******S*,0x2292CF1F,0x0,,0x400,57,0,41341,44,45056,,,,
07/11-14:18:18.173873 ,1,51004,2,"PACKET SENT",TCP,192.168.137.180,54470,192.168.137.170,1604,2C:81:58:F5:37:8E,00:24:2C:58:5B:F8,0x3A,******S*,0x2292CF1F,0x0,,0x400,43,0,46426,44,45056,,,,
07/11-14:18:18.180640 ,1,51004,2,"PACKET SENT",TCP,192.168.137.180,54470,192.168.137.170,8161,2C:81:58:F5:37:8E,00:24:2C:58:5B:F8,0x3A,******S*,0x2292CF1F,0x0,,0x400,46,0,55569,44,45056,,,,
07/11-14:18:18.180715 ,1,51004,2,"PACKET SENT",TCP,192.168.137.180,54470,192.168.137.170,11333,2C:81:58:F5:37:8E,00:24:2C:58:5B:F8,0x3A,******S*,0x2292CF1F,0x0,,0x400,55,0,12599,44,45056,,,,
07/11-14:18:18.180780 ,1,51004,2,"PACKET SENT",TCP,192.168.137.180,54470,192.168.137.170,524,2C:81:58:F5:37:8E,00:24:2C:58:5B:F8,0x3A,******S*,0x2292CF1F,0x0,,0x400,37,0,5229,44,45056,,,,
07/11-14:18:18.180811 ,1,51004,2,"PACKET SENT",TCP,192.168.137.180,54470,192.168.137.170,6050,2C:81:58:F5:37:8E,00:24:2C:58:5B:F8,0x3A,******S*,0x2292CF1F,0x0,,0x400,46,0,3889,44,45056,,,,
07/11-14:18:18.180866 ,1,51004,2,"PACKET SENT",TCP,192.168.137.180,54470,192.168.137.170,48899,2C:81:58:F5:37:8E,00:24:2C:58:5B:F8,0x3A,******S*,0x2292CF1F,0x0,,0x400,52,0,64898,44,45056,,,,
07/11-14:18:18.180899 ,1,51004,2,"PACKET SENT",TCP,192.168.137.180,54470,192.168.137.170,3299,2C:81:58:F5:37:8E,00:24:2C:58:5B:F8,0x3A,******S*,0x2292CF1F,0x0,,0x400,58,0,46601,44,45056,,,,
07/11-14:18:18.180934 ,1,51004,2,"PACKET SENT",TCP,192.168.137.180,54470,192.168.137.170,1035,2C:81:58:F5:37:8E,00:24:2C:58:5B:F8,0x3A,******S*,0x2292CF1F,0x0,,0x400,42,0,58021,44,45056,,,,
07/11-14:18:18.180964 ,1,51004,2,"PACKET SENT",TCP,192.168.137.180,54470,192.168.137.170,2525,2C:81:58:F5:37:8E,00:24:2C:58:5B:F8,0x3A,******S*,0x2292CF1F,0x0,,0x400,38,0,2378,44,45056,,,,
07/11-14:18:18.180994 ,1,51004,2,"PACKET SENT",TCP,192.168.137.180,54470,192.168.137.170,9090,2C:81:58:F5:37:8E,00:24:2C:58:5B:F8,0x3A,******S*,0x2292CF1F,0x0,,0x400,59,0,4402,44,45056,,,,
07/11-14:18:18.181023 ,1,51004,2,"PACKET SENT",TCP,192.168.137.180,54470,192.168.137.170,47002,2C:81:58:F5:37:8E,00:24:2C:58:5B:F8,0x3A,******S*,0x2292CF1F,0x0,,0x400,58,0,52771,44,45056,,,,
07/11-14:18:18.181052 ,1,51004,2,"PACKET SENT",TCP,192.168.137.180,54470,192.168.137.170,1102,2C:81:58:F5:37:8E,00:24:2C:58:5B:F8,0x3A,******S*,0x2292CF1F,0x0,,0x400,40,0,7979,44,45056,,,,
07/11-14:18:18.181082 ,1,51004,2,"PACKET SENT",TCP,192.168.137.180,54470,192.168.137.170,9999,2C:81:58:F5:37:8E,00:24:2C:58:5B:F8,0x3A,******S*,0x2292CF1F,0x0,,0x400,57,0,22719,44,45056,,,,
07/11-14:18:18.183292 ,1,51004,2,"PACKET SENT",TCP,192.168.137.180,54470,192.168.137.170,5909,2C:81:58:F5:37:8E,00:24:2C:58:5B:F8,0x3A,******S*,0x2292CF1F,0x0,,0x400,57,0,20967,44,45056,,,,
07/11-14:18:18.185477 ,1,51004,2,"PACKET SENT",TCP,192.168.137.180,54470,192.168.137.170,10098,2C:81:58:F5:37:8E,00:24:2C:58:5B:F8,0x3A,******S*,0x2292CF1F,0x0,,0x400,40,0,39549,44,45056,,,,
07/11-14:18:18.187659 ,1,51004,2,"PACKET SENT",TCP,192.168.137.180,54470,192.168.137.170,13364,2C:81:58:F5:37:8E,00:24:2C:58:5B:F8,0x3A,******S*,0x2292CF1F,0x0,,0x400,57,0,5105,44,45056,,,,
07/11-14:18:18.192108 ,1,51004,2,"PACKET SENT",TCP,192.168.137.180,54470,192.168.137.170,8014,2C:81:58:F5:37:8E,00:24:2C:58:5B:F8,0x3A,******S*,0x2292CF1F,0x0,,0x400,40,0,37575,44,45056,,,,
07/11-14:18:18.192231 ,1,51004,2,"PACKET SENT",TCP,192.168.137.180,54470,192.168.137.170,5520,2C:81:58:F5:37:8E,00:24:2C:58:5B:F8,0x3A,******S*,0x2292CF1F,0x0,,0x400,52,0,30398,44,45056,,,,
07/11-14:18:18.194627 ,1,51004,2,"PACKET SENT",TCP,192.168.137.180,54470,192.168.137.170,179,2C:81:58:F5:37:8E,00:24:2C:58:5B:F8,0x3A,******S*,0x2292CF1F,0x0,,0x400,40,0,27204,44,45056,,,,
07/11-14:18:18.198260 ,1,51004,2,"PACKET SENT",TCP,192.168.137.180,54470,192.168.137.170,12203,2C:81:58:F5:37:8E,00:24:2C:58:5B:F8,0x3A,******S*,0x2292CF1F,0x0,,0x400,55,0,43215,44,45056,,,,
07/11-14:18:18.198298 ,1,51004,2,"PACKET SENT",TCP,192.168.137.180,54470,192.168.137.170,7579,2C:81:58:F5:37:8E,00:24:2C:58:5B:F8,0x3A,******S*,0x2292CF1F,0x0,,0x400,38,0,323,44,45056,,,,
07/11-14:18:18.198417 ,1,51004,2,"PACKET SENT",TCP,192.168.137.180,54470,192.168.137.170,5093,2C:81:58:F5:37:8E,00:24:2C:58:5B:F8,0x3A,******S*,0x2292CF1F,0x0,,0x400,54,0,35234,44,45056,,,,
07/11-14:18:18.198449 ,1,51004,2,"PACKET SENT",TCP,192.168.137.180,54470,192.168.137.170,5901,2C:81:58:F5:37:8E,00:24:2C:58:5B:F8,0x3A,******S*,0x2292CF1F,0x0,,0x400,53,0,52094,44,45056,,,,
07/11-14:18:18.198480 ,1,51004,2,"PACKET SENT",TCP,192.168.137.180,54470,192.168.137.170,50502,2C:81:58:F5:37:8E,00:24:2C:58:5B:F8,0x3A,******S*,0x2292CF1F,0x0,,0x400,41,0,35758,44,45056,,,,
07/11-14:18:18.198509 ,1,51004,2,"PACKET SENT",TCP,192.168.137.180,54470,192.168.137.170,65535,2C:81:58:F5:37:8E,00:24:2C:58:5B:F8,0x3A,******S*,0x2292CF1F,0x0,,0x400,49,0,44956,44,45056,,,,
07/11-14:18:18.198626 ,1,51004,2,"PACKET SENT",TCP,192.168.137.180,54470,192.168.137.170,6379,2C:81:58:F5:37:8E,00:24:2C:58:5B:F8,0x3A,******S*,0x2292CF1F,0x0,,0x400,48,0,49484,44,45056,,,,
07/11-14:18:18.198659 ,1,51004,2,"PACKET SENT",TCP,192.168.137.180,54470,192.168.137.170,3057,2C:81:58:F5:37:8E,00:24:2C:58:5B:F8,0x3A,******S*,0x2292CF1F,0x0,,0x400,57,0,64304,44,45056,,,,
07/11-14:18:18.203832 ,1,51004,2,"PACKET SENT",TCP,192.168.137.180,54470,192.168.137.170,32913,2C:81:58:F5:37:8E,00:24:2C:58:5B:F8,0x3A,******S*,0x2292CF1F,0x0,,0x400,47,0,3508,44,45056,,,,
07/11-14:18:18.204065 ,1,51004,2,"PACKET SENT",TCP,192.168.137.180,54470,192.168.137.170,7001,2C:81:58:F5:37:8E,00:24:2C:58:5B:F8,0x3A,******S*,0x2292CF1F,0x0,,0x400,54,0,16385,44,45056,,,,
07/11-14:18:18.204098 ,1,51004,2,"PACKET SENT",TCP,192.168.137.180,54470,192.168.137.170,1440,2C:81:58:F5:37:8E,00:24:2C:58:5B:F8,0x3A,******S*,0x2292CF1F,0x0,,0x400,39,0,16597,44,45056,,,,
07/11-14:18:18.204125 ,1,51004,2,"PACKET SENT",TCP,192.168.137.180,54470,192.168.137.170,3632,2C:81:58:F5:37:8E,00:24:2C:58:5B:F8,0x3A,******S*,0x2292CF1F,0x0,,0x400,50,0,63393,44,45056,,,,
07/11-14:18:18.204151 ,1,51004,2,"PACKET SENT",TCP,192.168.137.180,54470,192.168.137.170,17185,2C:81:58:F5:37:8E,00:24:2C:58:5B:F8,0x3A,******S*,0x2292CF1F,0x0,,0x400,52,0,34143,44,45056,,,,
07/11-14:18:18.204178 ,1,51004,2,"PACKET SENT",TCP,192.168.137.180,54470,192.168.137.170,9815,2C:81:58:F5:37:8E,00:24:2C:58:5B:F8,0x3A,******S*,0x2292CF1F,0x0,,0x400,55,0,45132,44,45056,,,,
07/11-14:18:18.204205 ,1,51004,2,"PACKET SENT",TCP,192.168.137.180,54470,192.168.137.170,25000,2C:81:58:F5:37:8E,00:24:2C:58:5B:F8,0x3A,******S*,0x2292CF1F,0x0,,0x400,42,0,13745,44,45056,,,,
07/11-14:18:18.204231 ,1,51004,2,"PACKET SENT",TCP,192.168.137.180,54470,192.168.137.170,38080,2C:81:58:F5:37:8E,00:24:2C:58:5B:F8,0x3A,******S*,0x2292CF1F,0x0,,0x400,37,0,17953,44,45056,,,,
07/11-14:18:18.204258 ,1,51004,2,"PACKET SENT",TCP,192.168.137.180,54470,192.168.137.170,7,2C:81:58:F5:37:8E,00:24:2C:58:5B:F8,0x3A,******S*,0x2292CF1F,0x0,,0x400,46,0,18620,44,45056,,,,
07/11-14:18:18.204284 ,1,51004,2,"PACKET SENT",TCP,192.168.137.180,54470,192.168.137.170,1581,2C:81:58:F5:37:8E,00:24:2C:58:5B:F8,0x3A,******S*,0x2292CF1F,0x0,,0x400,43,0,42012,44,45056,,,,
07/11-14:18:18.204310 ,1,51004,2,"PACKET SENT",TCP,192.168.137.180,54470,192.168.137.170,902,2C:81:58:F5:37:8E,00:24:2C:58:5B:F8,0x3A,******S*,0x2292CF1F,0x0,,0x400,55,0,29250,44,45056,,,,
07/11-14:18:18.204337 ,1,51004,2,"PACKET SENT",TCP,192.168.137.180,54470,192.168.137.170,3790,2C:81:58:F5:37:8E,00:24:2C:58:5B:F8,0x3A,******S*,0x2292CF1F,0x0,,0x400,50,0,44744,44,45056,,,,
07/11-14:18:18.204364 ,1,51004,2,"PACKET SENT",TCP,192.168.137.180,54470,192.168.137.170,6000,2C:81:58:F5:37:8E,00:24:2C:58:5B:F8,0x3A,******S*,0x2292CF1F,0x0,,0x400,50,0,33715,44,45056,,,,
07/11-14:18:18.204391 ,1,51004,2,"PACKET SENT",TCP,192.168.137.180,54470,192.168.137.170,3128,2C:81:58:F5:37:8E,00:24:2C:58:5B:F8,0x3A,******S*,0x2292CF1F,0x0,,0x400,55,0,46481,44,45056,,,,
07/11-14:18:18.204418 ,1,51004,2,"PACKET SENT",TCP,192.168.137.180,54470,192.168.137.170,62514,2C:81:58:F5:37:8E,00:24:2C:58:5B:F8,0x3A,******S*,0x2292CF1F,0x0,,0x400,51,0,56706,44,45056,,,,
07/11-14:18:18.204445 ,1,51004,2,"PACKET SENT",TCP,192.168.137.180,54470,192.168.137.170,8902,2C:81:58:F5:37:8E,00:24:2C:58:5B:F8,0x3A,******S*,0x2292CF1F,0x0,,0x400,40,0,61766,44,45056,,,,
07/11-14:18:18.204472 ,1,51004,2,"PACKET SENT",TCP,192.168.137.180,54470,192.168.137.170,6503,2C:81:58:F5:37:8E,00:24:2C:58:5B:F8,0x3A,******S*,0x2292CF1F,0x0,,0x400,53,0,45948,44,45056,,,,
07/11-14:18:18.204498 ,1,51004,2,"PACKET SENT",TCP,192.168.137.180,54470,192.168.137.170,10008,2C:81:58:F5:37:8E,00:24:2C:58:5B:F8,0x3A,******S*,0x2292CF1F,0x0,,0x400,48,0,32756,44,45056,,,,
07/11-14:18:18.204526 ,1,51004,2,"PACKET SENT",TCP,192.168.137.180,54470,192.168.137.170,6070,2C:81:58:F5:37:8E,00:24:2C:58:5B:F8,0x3A,******S*,0x2292CF1F,0x0,,0x400,55,0,51194,44,45056,,,,
07/11-14:18:18.204557 ,1,51004,2,"PACKET SENT",TCP,192.168.137.180,54470,192.168.137.170,44818,2C:81:58:F5:37:8E,00:24:2C:58:5B:F8,0x3A,******S*,0x2292CF1F,0x0,,0x400,48,0,32214,44,45056,,,,
07/11-14:18:18.204584 ,1,51004,2,"PACKET SENT",TCP,192.168.137.180,54470,192.168.137.170,2533,2C:81:58:F5:37:8E,00:24:2C:58:5B:F8,0x3A,******S*,0x2292CF1F,0x0,,0x400,49,0,53580,44,45056,,,,
07/11-14:18:18.204611 ,1,51004,2,"PACKET SENT",TCP,192.168.137.180,54470,192.168.137.170,5168,2C:81:58:F5:37:8E,00:24:2C:58:5B:F8,0x3A,******S*,0x2292CF1F,0x0,,0x400,37,0,17067,44,45056,,,,
07/11-14:18:18.204642 ,1,51004,2,"PACKET SENT",TCP,192.168.137.180,54470,192.168.137.170,7181,2C:81:58:F5:37:8E,00:24:2C:58:5B:F8,0x3A,******S*,0x2292CF1F,0x0,,0x400,43,0,8166,44,45056,,,,
07/11-14:18:18.204670 ,1,51004,2,"PACKET SENT",TCP,192.168.137.180,54470,192.168.137.170,7021,2C:81:58:F5:37:8E,00:24:2C:58:5B:F8,0x3A,******S*,0x2292CF1F,0x0,,0x400,59,0,3493,44,45056,,,,
07/11-14:18:18.204696 ,1,51004,2,"PACKET SENT",TCP,192.168.137.180,54470,192.168.137.170,12345,2C:81:58:F5:37:8E,00:24:2C:58:5B:F8,0x3A,******S*,0x2292CF1F,0x0,,0x400,46,0,38414,44,45056,,,,
07/11-14:18:18.204723 ,1,51004,2,"PACKET SENT",TCP,192.168.137.180,54470,192.168.137.170,22222,2C:81:58:F5:37:8E,00:24:2C:58:5B:F8,0x3A,******S*,0x2292CF1F,0x0,,0x400,41,0,52548,44,45056,,,,
07/11-14:18:18.204750 ,1,51004,2,"PACKET SENT",TCP,192.168.137.180,54470,192.168.137.170,41523,2C:81:58:F5:37:8E,00:24:2C:58:5B:F8,0x3A,******S*,0x2292CF1F,0x0,,0x400,41,0,52053,44,45056,,,,
07/11-14:18:18.204778 ,1,51004,2,"PACKET SENT",TCP,192.168.137.180,54470,192.168.137.170,57772,2C:81:58:F5:37:8E,00:24:2C:58:5B:F8,0x3A,******S*,0x2292CF1F,0x0,,0x400,42,0,45274,44,45056,,,,
07/11-14:18:18.204806 ,1,51004,2,"PACKET SENT",TCP,192.168.137.180,54470,192.168.137.170,5985,2C:81:58:F5:37:8E,00:24:2C:58:5B:F8,0x3A,******S*,0x2292CF1F,0x0,,0x400,44,0,35475,44,45056,,,,
07/11-14:18:18.204832 ,1,51004,2,"PACKET SENT",TCP,192.168.137.180,54470,192.168.137.170,8000,2C:81:58:F5:37:8E,00:24:2C:58:5B:F8,0x3A,******S*,0x2292CF1F,0x0,,0x400,43,0,10457,44,45056,,,,
07/11-14:18:18.204859 ,1,51004,2,"PACKET SENT",TCP,192.168.137.180,54470,192.168.137.170,1530,2C:81:58:F5:37:8E,00:24:2C:58:5B:F8,0x3A,******S*,0x2292CF1F,0x0,,0x400,57,0,2656,44,45056,,,,
07/11-14:18:18.204886 ,1,51004,2,"PACKET SENT",TCP,192.168.137.180,54470,192.168.137.170,384,2C:81:58:F5:37:8E,00:24:2C:58:5B:F8,0x3A,******S*,0x2292CF1F,0x0,,0x400,42,0,54995,44,45056,,,,
07/11-14:18:18.204913 ,1,51004,2,"PACKET SENT",TCP,192.168.137.180,54470,192.168.137.170,5405,2C:81:58:F5:37:8E,00:24:2C:58:5B:F8,0x3A,******S*,0x2292CF1F,0x0,,0x400,40,0,50084,44,45056,,,,
07/11-14:18:18.204941 ,1,51004,2,"PACKET SENT",TCP,192.168.137.180,54470,192.168.137.170,50503,2C:81:58:F5:37:8E,00:24:2C:58:5B:F8,0x3A,******S*,0x2292CF1F,0x0,,0x400,56,0,59276,44,45056,,,,
07/11-14:18:18.204968 ,1,51004,2,"PACKET SENT",TCP,192.168.137.180,54470,192.168.137.170,5051,2C:81:58:F5:37:8E,00:24:2C:58:5B:F8,0x3A,******S*,0x2292CF1F,0x0,,0x400,44,0,60280,44,45056,,,,
07/11-14:18:18.204995 ,1,51004,2,"PACKET SENT",TCP,192.168.137.180,54470,192.168.137.170,6101,2C:81:58:F5:37:8E,00:24:2C:58:5B:F8,0x3A,******S*,0x2292CF1F,0x0,,0x400,38,0,11658,44,45056,,,,
07/11-14:18:18.208726 ,1,51004,2,"PACKET SENT",TCP,192.168.137.180,54470,192.168.137.170,7801,2C:81:58:F5:37:8E,00:24:2C:58:5B:F8,0x3A,******S*,0x2292CF1F,0x0,,0x400,45,0,65076,44,45056,,,,
07/11-14:18:18.208785 ,1,51004,2,"PACKET SENT",TCP,192.168.137.180,54470,192.168.137.170,512,2C:81:58:F5:37:8E,00:24:2C:58:5B:F8,0x3A,******S*,0x2292CF1F,0x0,,0x400,58,0,57922,44,45056,,,,
07/11-14:18:18.208816 ,1,51004,2,"PACKET SENT",TCP,192.168.137.180,54470,192.168.137.170,11000,2C:81:58:F5:37:8E,00:24:2C:58:5B:F8,0x3A,******S*,0x2292CF1F,0x0,,0x400,54,0,41922,44,45056,,,,
07/11-14:18:18.208847 ,1,51004,2,"PACKET SENT",TCP,192.168.137.180,54470,192.168.137.170,3200,2C:81:58:F5:37:8E,00:24:2C:58:5B:F8,0x3A,******S*,0x2292CF1F,0x0,,0x400,46,0,63902,44,45056,,,,
07/11-14:18:18.208885 ,1,51004,2,"PACKET SENT",TCP,192.168.137.180,54470,192.168.137.170,3217,2C:81:58:F5:37:8E,00:24:2C:58:5B:F8,0x3A,******S*,0x2292CF1F,0x0,,0x400,56,0,43418,44,45056,,,,
07/11-14:18:18.208916 ,1,51004,2,"PACKET SENT",TCP,192.168.137.180,54470,192.168.137.170,5432,2C:81:58:F5:37:8E,00:24:2C:58:5B:F8,0x3A,******S*,0x2292CF1F,0x0,,0x400,40,0,1497,44,45056,,,,
07/11-14:18:18.208954 ,1,51004,2,"PACKET SENT",TCP,192.168.137.180,54470,192.168.137.170,50504,2C:81:58:F5:37:8E,00:24:2C:58:5B:F8,0x3A,******S*,0x2292CF1F,0x0,,0x400,39,0,34803,44,45056,,,,
07/11-14:18:18.208990 ,1,51004,2,"PACKET SENT",TCP,192.168.137.180,54470,192.168.137.170,1199,2C:81:58:F5:37:8E,00:24:2C:58:5B:F8,0x3A,******S*,0x2292CF1F,0x0,,0x400,42,0,39648,44,45056,,,,
07/11-14:18:18.209024 ,1,51004,2,"PACKET SENT",TCP,192.168.137.180,54470,192.168.137.170,4444,2C:81:58:F5:37:8E,00:24:2C:58:5B:F8,0x3A,******S*,0x2292CF1F,0x0,,0x400,55,0,17565,44,45056,,,,
07/11-14:18:18.209057 ,1,51004,2,"PACKET SENT",TCP,192.168.137.180,54470,192.168.137.170,7210,2C:81:58:F5:37:8E,00:24:2C:58:5B:F8,0x3A,******S*,0x2292CF1F,0x0,,0x400,39,0,25011,44,45056,,,,
07/11-14:18:18.209088 ,1,51004,2,"PACKET SENT",TCP,192.168.137.180,54470,192.168.137.170,9152,2C:81:58:F5:37:8E,00:24:2C:58:5B:F8,0x3A,******S*,0x2292CF1F,0x0,,0x400,55,0,41068,44,45056,,,,
07/11-14:18:18.209118 ,1,51004,2,"PACKET SENT",TCP,192.168.137.180,54470,192.168.137.170,2638,2C:81:58:F5:37:8E,00:24:2C:58:5B:F8,0x3A,******S*,0x2292CF1F,0x0,,0x400,59,0,34806,44,45056,,,,
07/11-14:18:18.211330 ,1,51004,2,"PACKET SENT",TCP,192.168.137.180,54470,192.168.137.170,5400,2C:81:58:F5:37:8E,00:24:2C:58:5B:F8,0x3A,******S*,0x2292CF1F,0x0,,0x400,55,0,29464,44,45056,,,,
07/11-14:18:18.213579 ,1,51004,2,"PACKET SENT",TCP,192.168.137.180,54470,192.168.137.170,14330,2C:81:58:F5:37:8E,00:24:2C:58:5B:F8,0x3A,******S*,0x2292CF1F,0x0,,0x400,50,0,32759,44,45056,,,,
07/11-14:18:18.215775 ,1,51004,2,"PACKET SENT",TCP,192.168.137.180,54470,192.168.137.170,515,2C:81:58:F5:37:8E,00:24:2C:58:5B:F8,0x3A,******S*,0x2292CF1F,0x0,,0x400,41,0,56064,44,45056,,,,
07/11-14:18:18.218190 ,1,51004,2,"PACKET SENT",TCP,192.168.137.180,54470,192.168.137.170,6405,2C:81:58:F5:37:8E,00:24:2C:58:5B:F8,0x3A,******S*,0x2292CF1F,0x0,,0x400,43,0,34704,44,45056,,,,
07/11-14:18:18.234653 ,1,51004,2,"PACKET SENT",TCP,192.168.137.180,54470,192.168.137.170,10050,2C:81:58:F5:37:8E,00:24:2C:58:5B:F8,0x3A,******S*,0x2292CF1F,0x0,,0x400,43,0,43685,44,45056,,,,
07/11-14:18:18.234699 ,1,51004,2,"PACKET SENT",TCP,192.168.137.180,54470,192.168.137.170,705,2C:81:58:F5:37:8E,00:24:2C:58:5B:F8,0x3A,******S*,0x2292CF1F,0x0,,0x400,53,0,25316,44,45056,,,,
07/11-14:18:18.234699 ,1,1421,11,"SNMP AgentX/tcp request",TCP,192.168.137.180,54470,192.168.137.170,705,2C:81:58:F5:37:8E,00:24:2C:58:5B:F8,0x3A,******S*,0x2292CF1F,0x0,,0x400,53,0,25316,44,45056,,,,
07/11-14:18:18.234762 ,1,51004,2,"PACKET SENT",TCP,192.168.137.180,54470,192.168.137.170,222,2C:81:58:F5:37:8E,00:24:2C:58:5B:F8,0x3A,******S*,0x2292CF1F,0x0,,0x400,56,0,56247,44,45056,,,,
07/11-14:18:18.234789 ,1,51004,2,"PACKET SENT",TCP,192.168.137.180,54470,192.168.137.170,2207,2C:81:58:F5:37:8E,00:24:2C:58:5B:F8,0x3A,******S*,0x2292CF1F,0x0,,0x400,43,0,58244,44,45056,,,,
07/11-14:18:18.234848 ,1,51004,2,"PACKET SENT",TCP,192.168.137.180,54470,192.168.137.170,13838,2C:81:58:F5:37:8E,00:24:2C:58:5B:F8,0x3A,******S*,0x2292CF1F,0x0,,0x400,53,0,8956,44,45056,,,,
07/11-14:18:18.234882 ,1,51004,2,"PACKET SENT",TCP,192.168.137.180,54470,192.168.137.170,8090,2C:81:58:F5:37:8E,00:24:2C:58:5B:F8,0x3A,******S*,0x2292CF1F,0x0,,0x400,39,0,63797,44,45056,,,,
07/11-14:18:18.234909 ,1,51004,2,"PACKET SENT",TCP,192.168.137.180,54470,192.168.137.170,12174,2C:81:58:F5:37:8E,00:24:2C:58:5B:F8,0x3A,******S*,0x2292CF1F,0x0,,0x400,41,0,25068,44,45056,,,,
07/11-14:18:18.234936 ,1,51004,2,"PACKET SENT",TCP,192.168.137.180,54470,192.168.137.170,1098,2C:81:58:F5:37:8E,00:24:2C:58:5B:F8,0x3A,******S*,0x2292CF1F,0x0,,0x400,38,0,36588,44,45056,,,,
07/11-14:18:18.234968 ,1,51004,2,"PACKET SENT",TCP,192.168.137.180,54470,192.168.137.170,1311,2C:81:58:F5:37:8E,00:24:2C:58:5B:F8,0x3A,******S*,0x2292CF1F,0x0,,0x400,59,0,3150,44,45056,,,,
07/11-14:18:18.234996 ,1,51004,2,"PACKET SENT",TCP,192.168.137.180,54470,192.168.137.170,44334,2C:81:58:F5:37:8E,00:24:2C:58:5B:F8,0x3A,******S*,0x2292CF1F,0x0,,0x400,59,0,12202,44,45056,,,,
07/11-14:18:18.235024 ,1,51004,2,"PACKET SENT",TCP,192.168.137.180,54470,192.168.137.170,548,2C:81:58:F5:37:8E,00:24:2C:58:5B:F8,0x3A,******S*,0x2292CF1F,0x0,,0x400,41,0,51125,44,45056,,,,
07/11-14:18:18.235051 ,1,51004,2,"PACKET SENT",TCP,192.168.137.180,54470,192.168.137.170,9391,2C:81:58:F5:37:8E,00:24:2C:58:5B:F8,0x3A,******S*,0x2292CF1F,0x0,,0x400,55,0,2808,44,45056,,,,
07/11-14:18:18.235077 ,1,51004,2,"PACKET SENT",TCP,192.168.137.180,54470,192.168.137.170,11099,2C:81:58:F5:37:8E,00:24:2C:58:5B:F8,0x3A,******S*,0x2292CF1F,0x0,,0x400,38,0,30849,44,45056,,,,
07/11-14:18:18.235105 ,1,51004,2,"PACKET SENT",TCP,192.168.137.180,54470,192.168.137.170,8880,2C:81:58:F5:37:8E,00:24:2C:58:5B:F8,0x3A,******S*,0x2292CF1F,0x0,,0x400,49,0,41779,44,45056,,,,
07/11-14:18:18.235132 ,1,51004,2,"PACKET SENT",TCP,192.168.137.180,54470,192.168.137.170,20101,2C:81:58:F5:37:8E,00:24:2C:58:5B:F8,0x3A,******S*,0x2292CF1F,0x0,,0x400,46,0,17876,44,45056,,,,
07/11-14:18:18.235160 ,1,51004,2,"PACKET SENT",TCP,192.168.137.180,54470,192.168.137.170,9099,2C:81:58:F5:37:8E,00:24:2C:58:5B:F8,0x3A,******S*,0x2292CF1F,0x0,,0x400,45,0,43627,44,45056,,,,
07/11-14:18:18.235187 ,1,51004,2,"PACKET SENT",TCP,192.168.137.180,54470,192.168.137.170,5904,2C:81:58:F5:37:8E,00:24:2C:58:5B:F8,0x3A,******S*,0x2292CF1F,0x0,,0x400,41,0,8602,44,45056,,,,
07/11-14:18:18.235214 ,1,51004,2,"PACKET SENT",TCP,192.168.137.180,54470,192.168.137.170,105,2C:81:58:F5:37:8E,00:24:2C:58:5B:F8,0x3A,******S*,0x2292CF1F,0x0,,0x400,56,0,21627,44,45056,,,,
07/11-14:18:18.235241 ,1,51004,2,"PACKET SENT",TCP,192.168.137.180,54470,192.168.137.170,81,2C:81:58:F5:37:8E,00:24:2C:58:5B:F8,0x3A,******S*,0x2292CF1F,0x0,,0x400,57,0,5142,44,45056,,,,
07/11-14:18:18.235268 ,1,51004,2,"PACKET SENT",TCP,192.168.137.180,54470,192.168.137.170,50002,2C:81:58:F5:37:8E,00:24:2C:58:5B:F8,0x3A,******S*,0x2292CF1F,0x0,,0x400,55,0,59588,44,45056,,,,
07/11-14:18:18.235295 ,1,51004,2,"PACKET SENT",TCP,192.168.137.180,54470,192.168.137.170,1129,2C:81:58:F5:37:8E,00:24:2C:58:5B:F8,0x3A,******S*,0x2292CF1F,0x0,,0x400,50,0,59263,44,45056,,,,
07/11-14:18:18.235321 ,1,51004,2,"PACKET SENT",TCP,192.168.137.180,54470,192.168.137.170,8901,2C:81:58:F5:37:8E,00:24:2C:58:5B:F8,0x3A,******S*,0x2292CF1F,0x0,,0x400,49,0,34934,44,45056,,,,
07/11-14:18:18.235376 ,1,51004,2,"PACKET SENT",TCP,192.168.137.180,54470,192.168.137.170,1434,2C:81:58:F5:37:8E,00:24:2C:58:5B:F8,0x3A,******S*,0x2292CF1F,0x0,,0x400,42,0,17265,44,45056,,,,
07/11-14:18:18.235404 ,1,51004,2,"PACKET SENT",TCP,192.168.137.180,54470,192.168.137.170,6905,2C:81:58:F5:37:8E,00:24:2C:58:5B:F8,0x3A,******S*,0x2292CF1F,0x0,,0x400,38,0,44203,44,45056,,,,
07/11-14:18:18.235434 ,1,51004,2,"PACKET SENT",TCP,192.168.137.180,54470,192.168.137.170,27017,2C:81:58:F5:37:8E,00:24:2C:58:5B:F8,0x3A,******S*,0x2292CF1F,0x0,,0x400,46,0,42669,44,45056,,,,
07/11-14:18:18.235461 ,1,51004,2,"PACKET SENT",TCP,192.168.137.180,54470,192.168.137.170,465,2C:81:58:F5:37:8E,00:24:2C:58:5B:F8,0x3A,******S*,0x2292CF1F,0x0,,0x400,48,0,18147,44,45056,,,,
07/11-14:18:18.235489 ,1,51004,2,"PACKET SENT",TCP,192.168.137.180,54470,192.168.137.170,1234,2C:81:58:F5:37:8E,00:24:2C:58:5B:F8,0x3A,******S*,0x2292CF1F,0x0,,0x400,42,0,10130,44,45056,,,,
07/11-14:18:18.235516 ,1,51004,2,"PACKET SENT",TCP,192.168.137.180,54470,192.168.137.170,5905,2C:81:58:F5:37:8E,00:24:2C:58:5B:F8,0x3A,******S*,0x2292CF1F,0x0,,0x400,39,0,26317,44,45056,,,,
07/11-14:18:18.235543 ,1,51004,2,"PACKET SENT",TCP,192.168.137.180,54470,192.168.137.170,6988,2C:81:58:F5:37:8E,00:24:2C:58:5B:F8,0x3A,******S*,0x2292CF1F,0x0,,0x400,44,0,58990,44,45056,,,,
07/11-14:18:18.235569 ,1,51004,2,"PACKET SENT",TCP,192.168.137.180,54470,192.168.137.170,8222,2C:81:58:F5:37:8E,00:24:2C:58:5B:F8,0x3A,******S*,0x2292CF1F,0x0,,0x400,37,0,20957,44,45056,,,,
07/11-14:18:18.235596 ,1,51004,2,"PACKET SENT",TCP,192.168.137.180,54470,192.168.137.170,6502,2C:81:58:F5:37:8E,00:24:2C:58:5B:F8,0x3A,******S*,0x2292CF1F,0x0,,0x400,37,0,36880,44,45056,,,,
07/11-14:18:18.235623 ,1,51004,2,"PACKET SENT",TCP,192.168.137.180,54470,192.168.137.170,1024,2C:81:58:F5:37:8E,00:24:2C:58:5B:F8,0x3A,******S*,0x2292CF1F,0x0,,0x400,46,0,29928,44,45056,,,,
07/11-14:18:18.235650 ,1,51004,2,"PACKET SENT",TCP,192.168.137.180,54470,192.168.137.170,10202,2C:81:58:F5:37:8E,00:24:2C:58:5B:F8,0x3A,******S*,0x2292CF1F,0x0,,0x400,48,0,8085,44,45056,,,,
07/11-14:18:18.235677 ,1,51004,2,"PACKET SENT",TCP,192.168.137.180,54470,192.168.137.170,9811,2C:81:58:F5:37:8E,00:24:2C:58:5B:F8,0x3A,******S*,0x2292CF1F,0x0,,0x400,50,0,8027,44,45056,,,,
07/11-14:18:18.235704 ,1,51004,2,"PACKET SENT",TCP,192.168.137.180,54470,192.168.137.170,2103,2C:81:58:F5:37:8E,00:24:2C:58:5B:F8,0x3A,******S*,0x2292CF1F,0x0,,0x400,40,0,59250,44,45056,,,,
07/11-14:18:18.235731 ,1,51004,2,"PACKET SENT",TCP,192.168.137.180,54470,192.168.137.170,623,2C:81:58:F5:37:8E,00:24:2C:58:5B:F8,0x3A,******S*,0x2292CF1F,0x0,,0x400,52,0,20501,44,45056,,,,
07/11-14:18:18.235758 ,1,51004,2,"PACKET SENT",TCP,192.168.137.180,54470,192.168.137.170,1811,2C:81:58:F5:37:8E,00:24:2C:58:5B:F8,0x3A,******S*,0x2292CF1F,0x0,,0x400,42,0,12333,44,45056,,,,
07/11-14:18:18.235785 ,1,51004,2,"PACKET SENT",TCP,192.168.137.180,54470,192.168.137.170,7080,2C:81:58:F5:37:8E,00:24:2C:58:5B:F8,0x3A,******S*,0x2292CF1F,0x0,,0x400,56,0,47805,44,45056,,,,
07/11-14:18:18.235812 ,1,51004,2,"PACKET SENT",TCP,192.168.137.180,54470,192.168.137.170,8205,2C:81:58:F5:37:8E,00:24:2C:58:5B:F8,0x3A,******S*,0x2292CF1F,0x0,,0x400,41,0,3518,44,45056,,,,
07/11-14:18:18.235839 ,1,51004,2,"PACKET SENT",TCP,192.168.137.180,54470,192.168.137.170,20031,2C:81:58:F5:37:8E,00:24:2C:58:5B:F8,0x3A,******S*,0x2292CF1F,0x0,,0x400,57,0,18157,44,45056,,,,
07/11-14:18:18.235871 ,1,51004,2,"PACKET SENT",TCP,192.168.137.180,54470,192.168.137.170,8180,2C:81:58:F5:37:8E,00:24:2C:58:5B:F8,0x3A,******S*,0x2292CF1F,0x0,,0x400,54,0,43940,44,45056,,,,
07/11-14:18:18.235899 ,1,51004,2,"PACKET SENT",TCP,192.168.137.180,54470,192.168.137.170,5908,2C:81:58:F5:37:8E,00:24:2C:58:5B:F8,0x3A,******S*,0x2292CF1F,0x0,,0x400,47,0,4004,44,45056,,,,
07/11-14:18:18.235926 ,1,51004,2,"PACKET SENT",TCP,192.168.137.180,54470,192.168.137.170,3037,2C:81:58:F5:37:8E,00:24:2C:58:5B:F8,0x3A,******S*,0x2292CF1F,0x0,,0x400,43,0,2908,44,45056,,,,
07/11-14:18:18.235953 ,1,51004,2,"PACKET SENT",TCP,192.168.137.180,54470,192.168.137.170,7700,2C:81:58:F5:37:8E,00:24:2C:58:5B:F8,0x3A,******S*,0x2292CF1F,0x0,,0x400,38,0,24782,44,45056,,,,
07/11-14:18:18.235980 ,1,51004,2,"PACKET SENT",TCP,192.168.137.180,54470,192.168.137.170,3628,2C:81:58:F5:37:8E,00:24:2C:58:5B:F8,0x3A,******S*,0x2292CF1F,0x0,,0x400,43,0,49057,44,45056,,,,
07/11-14:18:18.236007 ,1,51004,2,"PACKET SENT",TCP,192.168.137.180,54470,192.168.137.170,41025,2C:81:58:F5:37:8E,00:24:2C:58:5B:F8,0x3A,******S*,0x2292CF1F,0x0,,0x400,40,0,9520,44,45056,,,,
07/11-14:18:18.238201 ,1,51004,2,"PACKET SENT",TCP,192.168.137.180,54470,192.168.137.170,9810,2C:81:58:F5:37:8E,00:24:2C:58:5B:F8,0x3A,******S*,0x2292CF1F,0x0,,0x400,52,0,55522,44,45056,,,,
07/11-14:18:18.240372 ,1,51004,2,"PACKET SENT",TCP,192.168.137.180,54470,192.168.137.170,1030,2C:81:58:F5:37:8E,00:24:2C:58:5B:F8,0x3A,******S*,0x2292CF1F,0x0,,0x400,59,0,13424,44,45056,,,,
07/11-14:18:18.243301 ,1,51004,2,"PACKET SENT",TCP,192.168.137.180,54470,192.168.137.170,9081,2C:81:58:F5:37:8E,00:24:2C:58:5B:F8,0x3A,******S*,0x2292CF1F,0x0,,0x400,43,0,58477,44,45056,,,,
07/11-14:18:18.245505 ,1,51004,2,"PACKET SENT",TCP,192.168.137.180,54470,192.168.137.170,446,2C:81:58:F5:37:8E,00:24:2C:58:5B:F8,0x3A,******S*,0x2292CF1F,0x0,,0x400,54,0,27717,44,45056,,,,
07/11-14:18:18.269299 ,1,51004,2,"PACKET SENT",TCP,192.168.137.180,54470,192.168.137.170,9,2C:81:58:F5:37:8E,00:24:2C:58:5B:F8,0x3A,******S*,0x2292CF1F,0x0,,0x400,57,0,64538,44,45056,,,,
07/11-14:18:18.269405 ,1,51004,2,"PACKET SENT",TCP,192.168.137.180,54470,192.168.137.170,1494,2C:81:58:F5:37:8E,00:24:2C:58:5B:F8,0x3A,******S*,0x2292CF1F,0x0,,0x400,53,0,1560,44,45056,,,,
07/11-14:18:18.269425 ,1,51004,2,"PACKET SENT",TCP,192.168.137.180,54470,192.168.137.170,1090,2C:81:58:F5:37:8E,00:24:2C:58:5B:F8,0x3A,******S*,0x2292CF1F,0x0,,0x400,46,0,60667,44,45056,,,,
07/11-14:18:18.269443 ,1,51004,2,"PACKET SENT",TCP,192.168.137.180,54470,192.168.137.170,910,2C:81:58:F5:37:8E,00:24:2C:58:5B:F8,0x3A,******S*,0x2292CF1F,0x0,,0x400,54,0,56636,44,45056,,,,
07/11-14:18:18.269461 ,1,51004,2,"PACKET SENT",TCP,192.168.137.180,54470,192.168.137.170,8028,2C:81:58:F5:37:8E,00:24:2C:58:5B:F8,0x3A,******S*,0x2292CF1F,0x0,,0x400,38,0,2504,44,45056,,,,
07/11-14:18:18.269478 ,1,51004,2,"PACKET SENT",TCP,192.168.137.180,54470,192.168.137.170,1755,2C:81:58:F5:37:8E,00:24:2C:58:5B:F8,0x3A,******S*,0x2292CF1F,0x0,,0x400,54,0,54975,44,45056,,,,
07/11-14:18:18.269495 ,1,51004,2,"PACKET SENT",TCP,192.168.137.180,54470,192.168.137.170,10051,2C:81:58:F5:37:8E,00:24:2C:58:5B:F8,0x3A,******S*,0x2292CF1F,0x0,,0x400,44,0,2541,44,45056,,,,
07/11-14:18:18.269512 ,1,51004,2,"PACKET SENT",TCP,192.168.137.180,54470,192.168.137.170,28222,2C:81:58:F5:37:8E,00:24:2C:58:5B:F8,0x3A,******S*,0x2292CF1F,0x0,,0x400,42,0,46697,44,45056,,,,
07/11-14:18:18.269528 ,1,51004,2,"PACKET SENT",TCP,192.168.137.180,54470,192.168.137.170,1220,2C:81:58:F5:37:8E,00:24:2C:58:5B:F8,0x3A,******S*,0x2292CF1F,0x0,,0x400,56,0,19454,44,45056,,,,
07/11-14:18:18.269545 ,1,51004,2,"PACKET SENT",TCP,192.168.137.180,54470,192.168.137.170,38292,2C:81:58:F5:37:8E,00:24:2C:58:5B:F8,0x3A,******S*,0x2292CF1F,0x0,,0x400,44,0,60798,44,45056,,,,
07/11-14:18:18.269562 ,1,51004,2,"PACKET SENT",TCP,192.168.137.180,54470,192.168.137.170,85,2C:81:58:F5:37:8E,00:24:2C:58:5B:F8,0x3A,******S*,0x2292CF1F,0x0,,0x400,57,0,28128,44,45056,,,,
07/11-14:18:18.269579 ,1,51004,2,"PACKET SENT",TCP,192.168.137.180,54470,192.168.137.170,7580,2C:81:58:F5:37:8E,00:24:2C:58:5B:F8,0x3A,******S*,0x2292CF1F,0x0,,0x400,57,0,6743,44,45056,,,,
07/11-14:18:18.269597 ,1,51004,2,"PACKET SENT",TCP,192.168.137.180,54470,192.168.137.170,4445,2C:81:58:F5:37:8E,00:24:2C:58:5B:F8,0x3A,******S*,0x2292CF1F,0x0,,0x400,54,0,7070,44,45056,,,,
07/11-14:18:18.269613 ,1,51004,2,"PACKET SENT",TCP,192.168.137.180,54470,192.168.137.170,5250,2C:81:58:F5:37:8E,00:24:2C:58:5B:F8,0x3A,******S*,0x2292CF1F,0x0,,0x400,52,0,37216,44,45056,,,,
07/11-14:18:18.269630 ,1,51004,2,"PACKET SENT",TCP,192.168.137.180,54470,192.168.137.170,15200,2C:81:58:F5:37:8E,00:24:2C:58:5B:F8,0x3A,******S*,0x2292CF1F,0x0,,0x400,55,0,6365,44,45056,,,,
07/11-14:18:18.269648 ,1,51004,2,"PACKET SENT",TCP,192.168.137.180,54470,192.168.137.170,109,2C:81:58:F5:37:8E,00:24:2C:58:5B:F8,0x3A,******S*,0x2292CF1F,0x0,,0x400,59,0,56427,44,45056,,,,
07/11-14:18:18.269665 ,1,51004,2,"PACKET SENT",TCP,192.168.137.180,54470,192.168.137.170,2380,2C:81:58:F5:37:8E,00:24:2C:58:5B:F8,0x3A,******S*,0x2292CF1F,0x0,,0x400,59,0,11189,44,45056,,,,
07/11-14:18:18.269683 ,1,51004,2,"PACKET SENT",TCP,192.168.137.180,54470,192.168.137.170,45230,2C:81:58:F5:37:8E,00:24:2C:58:5B:F8,0x3A,******S*,0x2292CF1F,0x0,,0x400,38,0,2209,44,45056,,,,
07/11-14:18:18.269700 ,1,51004,2,"PACKET SENT",TCP,192.168.137.180,54470,192.168.137.170,5355,2C:81:58:F5:37:8E,00:24:2C:58:5B:F8,0x3A,******S*,0x2292CF1F,0x0,,0x400,38,0,21089,44,45056,,,,
07/11-14:18:18.269718 ,1,51004,2,"PACKET SENT",TCP,192.168.137.180,54470,192.168.137.170,62078,2C:81:58:F5:37:8E,00:24:2C:58:5B:F8,0x3A,******S*,0x2292CF1F,0x0,,0x400,44,0,42949,44,45056,,,,
07/11-14:18:18.269882 ,1,51004,2,"PACKET SENT",TCP,192.168.137.180,54470,192.168.137.170,5498,2C:81:58:F5:37:8E,00:24:2C:58:5B:F8,0x3A,******S*,0x2292CF1F,0x0,,0x400,45,0,27782,44,45056,,,,
07/11-14:18:18.269971 ,1,51004,2,"PACKET SENT",TCP,192.168.137.180,54470,192.168.137.170,50000,2C:81:58:F5:37:8E,00:24:2C:58:5B:F8,0x3A,******S*,0x2292CF1F,0x0,,0x400,45,0,3137,44,45056,,,,
07/11-14:18:18.269991 ,1,51004,2,"PACKET SENT",TCP,192.168.137.180,54470,192.168.137.170,3817,2C:81:58:F5:37:8E,00:24:2C:58:5B:F8,0x3A,******S*,0x2292CF1F,0x0,,0x400,39,0,20964,44,45056,,,,
07/11-14:18:18.270009 ,1,51004,2,"PACKET SENT",TCP,192.168.137.180,54470,192.168.137.170,5038,2C:81:58:F5:37:8E,00:24:2C:58:5B:F8,0x3A,******S*,0x2292CF1F,0x0,,0x400,57,0,20664,44,45056,,,,
07/11-14:18:18.270026 ,1,51004,2,"PACKET SENT",TCP,192.168.137.180,54470,192.168.137.170,3780,2C:81:58:F5:37:8E,00:24:2C:58:5B:F8,0x3A,******S*,0x2292CF1F,0x0,,0x400,40,0,43604,44,45056,,,,
07/11-14:18:18.270043 ,1,51004,2,"PACKET SENT",TCP,192.168.137.180,54470,192.168.137.170,4848,2C:81:58:F5:37:8E,00:24:2C:58:5B:F8,0x3A,******S*,0x2292CF1F,0x0,,0x400,52,0,35209,44,45056,,,,
07/11-14:18:18.270059 ,1,51004,2,"PACKET SENT",TCP,192.168.137.180,54470,192.168.137.170,6667,2C:81:58:F5:37:8E,00:24:2C:58:5B:F8,0x3A,******S*,0x2292CF1F,0x0,,0x400,45,0,29131,44,45056,,,,
07/11-14:18:18.270077 ,1,51004,2,"PACKET SENT",TCP,192.168.137.180,54470,192.168.137.170,9813,2C:81:58:F5:37:8E,00:24:2C:58:5B:F8,0x3A,******S*,0x2292CF1F,0x0,,0x400,46,0,23875,44,45056,,,,
07/11-14:18:18.270094 ,1,51004,2,"PACKET SENT",TCP,192.168.137.180,54470,192.168.137.170,50013,2C:81:58:F5:37:8E,00:24:2C:58:5B:F8,0x3A,******S*,0x2292CF1F,0x0,,0x400,53,0,42943,44,45056,,,,
07/11-14:18:18.270111 ,1,51004,2,"PACKET SENT",TCP,192.168.137.180,54470,192.168.137.170,6262,2C:81:58:F5:37:8E,00:24:2C:58:5B:F8,0x3A,******S*,0x2292CF1F,0x0,,0x400,37,0,63048,44,45056,,,,
07/11-14:18:18.270128 ,1,51004,2,"PACKET SENT",TCP,192.168.137.180,54470,192.168.137.170,2000,2C:81:58:F5:37:8E,00:24:2C:58:5B:F8,0x3A,******S*,0x2292CF1F,0x0,,0x400,44,0,28473,44,45056,,,,
07/11-14:18:18.270144 ,1,51004,2,"PACKET SENT",TCP,192.168.137.180,54470,192.168.137.170,10616,2C:81:58:F5:37:8E,00:24:2C:58:5B:F8,0x3A,******S*,0x2292CF1F,0x0,,0x400,46,0,15407,44,45056,,,,
07/11-14:18:18.270162 ,1,51004,2,"PACKET SENT",TCP,192.168.137.180,54470,192.168.137.170,42,2C:81:58:F5:37:8E,00:24:2C:58:5B:F8,0x3A,******S*,0x2292CF1F,0x0,,0x400,53,0,52883,44,45056,,,,
07/11-14:18:18.270178 ,1,51004,2,"PACKET SENT",TCP,192.168.137.180,54470,192.168.137.170,1158,2C:81:58:F5:37:8E,00:24:2C:58:5B:F8,0x3A,******S*,0x2292CF1F,0x0,,0x400,50,0,42579,44,45056,,,,
07/11-14:18:18.270195 ,1,51004,2,"PACKET SENT",TCP,192.168.137.180,54470,192.168.137.170,4000,2C:81:58:F5:37:8E,00:24:2C:58:5B:F8,0x3A,******S*,0x2292CF1F,0x0,,0x400,50,0,46041,44,45056,,,,
07/11-14:18:18.270213 ,1,51004,2,"PACKET SENT",TCP,192.168.137.180,54470,192.168.137.170,514,2C:81:58:F5:37:8E,00:24:2C:58:5B:F8,0x3A,******S*,0x2292CF1F,0x0,,0x400,58,0,19599,44,45056,,,,
07/11-14:18:18.270230 ,1,51004,2,"PACKET SENT",TCP,192.168.137.180,54470,192.168.137.170,5554,2C:81:58:F5:37:8E,00:24:2C:58:5B:F8,0x3A,******S*,0x2292CF1F,0x0,,0x400,47,0,16616,44,45056,,,,
07/11-14:18:18.270249 ,1,51004,2,"PACKET SENT",TCP,192.168.137.180,54470,192.168.137.170,6112,2C:81:58:F5:37:8E,00:24:2C:58:5B:F8,0x3A,******S*,0x2292CF1F,0x0,,0x400,41,0,49119,44,45056,,,,
07/11-14:18:18.270267 ,1,51004,2,"PACKET SENT",TCP,192.168.137.180,54470,192.168.137.170,8889,2C:81:58:F5:37:8E,00:24:2C:58:5B:F8,0x3A,******S*,0x2292CF1F,0x0,,0x400,56,0,28617,44,45056,,,,
07/11-14:18:18.270285 ,1,51004,2,"PACKET SENT",TCP,192.168.137.180,54470,192.168.137.170,8903,2C:81:58:F5:37:8E,00:24:2C:58:5B:F8,0x3A,******S*,0x2292CF1F,0x0,,0x400,43,0,28999,44,45056,,,,
07/11-14:18:18.270302 ,1,51004,2,"PACKET SENT",TCP,192.168.137.180,54470,192.168.137.170,2381,2C:81:58:F5:37:8E,00:24:2C:58:5B:F8,0x3A,******S*,0x2292CF1F,0x0,,0x400,43,0,4009,44,45056,,,,
07/11-14:18:18.270319 ,1,51004,2,"PACKET SENT",TCP,192.168.137.180,54470,192.168.137.170,1241,2C:81:58:F5:37:8E,00:24:2C:58:5B:F8,0x3A,******S*,0x2292CF1F,0x0,,0x400,44,0,62201,44,45056,,,,
07/11-14:18:18.270336 ,1,51004,2,"PACKET SENT",TCP,192.168.137.180,54470,192.168.137.170,8890,2C:81:58:F5:37:8E,00:24:2C:58:5B:F8,0x3A,******S*,0x2292CF1F,0x0,,0x400,51,0,14920,44,45056,,,,
07/11-14:18:18.270354 ,1,51004,2,"PACKET SENT",TCP,192.168.137.180,54470,192.168.137.170,8082,2C:81:58:F5:37:8E,00:24:2C:58:5B:F8,0x3A,******S*,0x2292CF1F,0x0,,0x400,51,0,24863,44,45056,,,,
07/11-14:18:18.270371 ,1,51004,2,"PACKET SENT",TCP,192.168.137.180,54470,192.168.137.170,13,2C:81:58:F5:37:8E,00:24:2C:58:5B:F8,0x3A,******S*,0x2292CF1F,0x0,,0x400,57,0,17869,44,45056,,,,
07/11-14:18:18.273449 ,1,51004,2,"PACKET SENT",TCP,192.168.137.180,54470,192.168.137.170,2947,2C:81:58:F5:37:8E,00:24:2C:58:5B:F8,0x3A,******S*,0x2292CF1F,0x0,,0x400,39,0,27307,44,45056,,,,
07/11-14:18:18.273475 ,1,51004,2,"PACKET SENT",TCP,192.168.137.180,54470,192.168.137.170,5351,2C:81:58:F5:37:8E,00:24:2C:58:5B:F8,0x3A,******S*,0x2292CF1F,0x0,,0x400,55,0,58386,44,45056,,,,
07/11-14:18:18.273493 ,1,51004,2,"PACKET SENT",TCP,192.168.137.180,54470,192.168.137.170,9390,2C:81:58:F5:37:8E,00:24:2C:58:5B:F8,0x3A,******S*,0x2292CF1F,0x0,,0x400,45,0,4929,44,45056,,,,
07/11-14:18:18.273511 ,1,51004,2,"PACKET SENT",TCP,192.168.137.180,54470,192.168.137.170,8400,2C:81:58:F5:37:8E,00:24:2C:58:5B:F8,0x3A,******S*,0x2292CF1F,0x0,,0x400,55,0,4191,44,45056,,,,
07/11-14:18:18.273527 ,1,51004,2,"PACKET SENT",TCP,192.168.137.180,54470,192.168.137.170,5433,2C:81:58:F5:37:8E,00:24:2C:58:5B:F8,0x3A,******S*,0x2292CF1F,0x0,,0x400,42,0,35877,44,45056,,,,
07/11-14:18:18.275776 ,1,51004,2,"PACKET SENT",TCP,192.168.137.180,54470,192.168.137.170,1103,2C:81:58:F5:37:8E,00:24:2C:58:5B:F8,0x3A,******S*,0x2292CF1F,0x0,,0x400,50,0,46279,44,45056,,,,
07/11-14:18:18.277960 ,1,51004,2,"PACKET SENT",TCP,192.168.137.180,54470,192.168.137.170,37,2C:81:58:F5:37:8E,00:24:2C:58:5B:F8,0x3A,******S*,0x2292CF1F,0x0,,0x400,52,0,3218,44,45056,,,,
07/11-14:18:18.283115 ,1,51004,2,"PACKET SENT",TCP,192.168.137.180,54470,192.168.137.170,998,2C:81:58:F5:37:8E,00:24:2C:58:5B:F8,0x3A,******S*,0x2292CF1F,0x0,,0x400,55,0,41581,44,45056,,,,
07/11-14:18:18.283137 ,1,51004,2,"PACKET SENT",TCP,192.168.137.180,54470,192.168.137.170,2100,2C:81:58:F5:37:8E,00:24:2C:58:5B:F8,0x3A,******S*,0x2292CF1F,0x0,,0x400,48,0,19645,44,45056,,,,
07/11-14:18:18.283155 ,1,51004,2,"PACKET SENT",TCP,192.168.137.180,54470,192.168.137.170,26000,2C:81:58:F5:37:8E,00:24:2C:58:5B:F8,0x3A,******S*,0x2292CF1F,0x0,,0x400,54,0,43393,44,45056,,,,
07/11-14:18:18.283172 ,1,51004,2,"PACKET SENT",TCP,192.168.137.180,54470,192.168.137.170,8303,2C:81:58:F5:37:8E,00:24:2C:58:5B:F8,0x3A,******S*,0x2292CF1F,0x0,,0x400,46,0,56373,44,45056,,,,
07/11-14:18:18.285331 ,1,51004,2,"PACKET SENT",TCP,192.168.137.180,54470,192.168.137.170,4322,2C:81:58:F5:37:8E,00:24:2C:58:5B:F8,0x3A,******S*,0x2292CF1F,0x0,,0x400,49,0,20487,44,45056,,,,
07/11-14:18:18.287491 ,1,51004,2,"PACKET SENT",TCP,192.168.137.180,54470,192.168.137.170,5555,2C:81:58:F5:37:8E,00:24:2C:58:5B:F8,0x3A,******S*,0x2292CF1F,0x0,,0x400,57,0,14255,44,45056,,,,
07/11-14:18:18.289652 ,1,51004,2,"PACKET SENT",TCP,192.168.137.180,54470,192.168.137.170,1352,2C:81:58:F5:37:8E,00:24:2C:58:5B:F8,0x3A,******S*,0x2292CF1F,0x0,,0x400,42,0,35329,44,45056,,,,
07/11-14:18:18.291811 ,1,51004,2,"PACKET SENT",TCP,192.168.137.180,54470,192.168.137.170,25025,2C:81:58:F5:37:8E,00:24:2C:58:5B:F8,0x3A,******S*,0x2292CF1F,0x0,,0x400,42,0,15379,44,45056,,,,
07/11-14:18:18.293995 ,1,51004,2,"PACKET SENT",TCP,192.168.137.180,54470,192.168.137.170,6106,2C:81:58:F5:37:8E,00:24:2C:58:5B:F8,0x3A,******S*,0x2292CF1F,0x0,,0x400,44,0,55088,44,45056,,,,
07/11-14:18:18.296229 ,1,51004,2,"PACKET SENT",TCP,192.168.137.180,54470,192.168.137.170,5631,2C:81:58:F5:37:8E,00:24:2C:58:5B:F8,0x3A,******S*,0x2292CF1F,0x0,,0x400,43,0,4004,44,45056,,,,
07/11-14:18:18.298426 ,1,51004,2,"PACKET SENT",TCP,192.168.137.180,54470,192.168.137.170,23943,2C:81:58:F5:37:8E,00:24:2C:58:5B:F8,0x3A,******S*,0x2292CF1F,0x0,,0x400,44,0,52022,44,45056,,,,
07/11-14:18:18.300609 ,1,51004,2,"PACKET SENT",TCP,192.168.137.180,54470,192.168.137.170,9812,2C:81:58:F5:37:8E,00:24:2C:58:5B:F8,0x3A,******S*,0x2292CF1F,0x0,,0x400,59,0,13949,44,45056,,,,
07/11-14:18:18.302782 ,1,51004,2,"PACKET SENT",TCP,192.168.137.180,54470,192.168.137.170,6504,2C:81:58:F5:37:8E,00:24:2C:58:5B:F8,0x3A,******S*,0x2292CF1F,0x0,,0x400,37,0,32412,44,45056,,,,
07/11-14:18:18.304959 ,1,51004,2,"PACKET SENT",TCP,192.168.137.180,54470,192.168.137.170,50004,2C:81:58:F5:37:8E,00:24:2C:58:5B:F8,0x3A,******S*,0x2292CF1F,0x0,,0x400,50,0,20505,44,45056,,,,
07/11-14:18:18.307127 ,1,51004,2,"PACKET SENT",TCP,192.168.137.180,54470,192.168.137.170,137,2C:81:58:F5:37:8E,00:24:2C:58:5B:F8,0x3A,******S*,0x2292CF1F,0x0,,0x400,38,0,52526,44,45056,,,,
07/11-14:18:18.309342 ,1,51004,2,"PACKET SENT",TCP,192.168.137.180,54470,192.168.137.170,9100,2C:81:58:F5:37:8E,00:24:2C:58:5B:F8,0x3A,******S*,0x2292CF1F,0x0,,0x400,47,0,13217,44,45056,,,,
07/11-14:18:18.309366 ,1,51004,2,"PACKET SENT",TCP,192.168.137.180,54470,192.168.137.170,1211,2C:81:58:F5:37:8E,00:24:2C:58:5B:F8,0x3A,******S*,0x2292CF1F,0x0,,0x400,54,0,32180,44,45056,,,,
07/11-14:18:18.311551 ,1,51004,2,"PACKET SENT",TCP,192.168.137.180,54470,192.168.137.170,912,2C:81:58:F5:37:8E,00:24:2C:58:5B:F8,0x3A,******S*,0x2292CF1F,0x0,,0x400,52,0,53015,44,45056,,,,
07/11-14:18:18.313769 ,1,51004,2,"PACKET SENT",TCP,192.168.137.180,54470,192.168.137.170,783,2C:81:58:F5:37:8E,00:24:2C:58:5B:F8,0x3A,******S*,0x2292CF1F,0x0,,0x400,37,0,40026,44,45056,,,,
07/11-14:18:18.316106 ,1,51004,2,"PACKET SENT",TCP,192.168.137.180,54470,192.168.137.170,1000,2C:81:58:F5:37:8E,00:24:2C:58:5B:F8,0x3A,******S*,0x2292CF1F,0x0,,0x400,43,0,42509,44,45056,,,,
07/11-14:18:18.319537 ,1,51004,2,"PACKET SENT",TCP,192.168.137.180,54470,192.168.137.170,3273,2C:81:58:F5:37:8E,00:24:2C:58:5B:F8,0x3A,******S*,0x2292CF1F,0x0,,0x400,43,0,38804,44,45056,,,,
07/11-14:18:18.319576 ,1,51004,2,"PACKET SENT",TCP,192.168.137.180,54470,192.168.137.170,10203,2C:81:58:F5:37:8E,00:24:2C:58:5B:F8,0x3A,******S*,0x2292CF1F,0x0,,0x400,48,0,6102,44,45056,,,,
07/11-14:18:18.321788 ,1,51004,2,"PACKET SENT",TCP,192.168.137.180,54470,192.168.137.170,513,2C:81:58:F5:37:8E,00:24:2C:58:5B:F8,0x3A,******S*,0x2292CF1F,0x0,,0x400,53,0,20142,44,45056,,,,
07/11-14:18:18.327625 ,1,51004,2,"PACKET SENT",TCP,192.168.137.180,54470,192.168.137.170,28784,2C:81:58:F5:37:8E,00:24:2C:58:5B:F8,0x3A,******S*,0x2292CF1F,0x0,,0x400,49,0,62528,44,45056,,,,
07/11-14:18:18.327656 ,1,51004,2,"PACKET SENT",TCP,192.168.137.180,54470,192.168.137.170,41524,2C:81:58:F5:37:8E,00:24:2C:58:5B:F8,0x3A,******S*,0x2292CF1F,0x0,,0x400,41,0,54622,44,45056,,,,
07/11-14:18:18.327675 ,1,51004,2,"PACKET SENT",TCP,192.168.137.180,54470,192.168.137.170,502,2C:81:58:F5:37:8E,00:24:2C:58:5B:F8,0x3A,******S*,0x2292CF1F,0x0,,0x400,43,0,37277,44,45056,,,,
07/11-14:18:18.331142 ,1,51004,2,"PACKET SENT",TCP,192.168.137.180,54470,192.168.137.170,5061,2C:81:58:F5:37:8E,00:24:2C:58:5B:F8,0x3A,******S*,0x2292CF1F,0x0,,0x400,39,0,76,44,45056,,,,
07/11-14:18:18.331171 ,1,51004,2,"PACKET SENT",TCP,192.168.137.180,54470,192.168.137.170,7510,2C:81:58:F5:37:8E,00:24:2C:58:5B:F8,0x3A,******S*,0x2292CF1F,0x0,,0x400,48,0,33340,44,45056,,,,
07/11-14:18:18.331190 ,1,51004,2,"PACKET SENT",TCP,192.168.137.180,54470,192.168.137.170,5521,2C:81:58:F5:37:8E,00:24:2C:58:5B:F8,0x3A,******S*,0x2292CF1F,0x0,,0x400,48,0,22494,44,45056,,,,
07/11-14:18:18.331208 ,1,51004,2,"PACKET SENT",TCP,192.168.137.180,54470,192.168.137.170,26122,2C:81:58:F5:37:8E,00:24:2C:58:5B:F8,0x3A,******S*,0x2292CF1F,0x0,,0x400,50,0,48031,44,45056,,,,
07/11-14:18:18.331226 ,1,51004,2,"PACKET SENT",TCP,192.168.137.180,54470,192.168.137.170,1101,2C:81:58:F5:37:8E,00:24:2C:58:5B:F8,0x3A,******S*,0x2292CF1F,0x0,,0x400,45,0,19210,44,45056,,,,
07/11-14:18:18.331243 ,1,51004,2,"PACKET SENT",TCP,192.168.137.180,54470,192.168.137.170,7787,2C:81:58:F5:37:8E,00:24:2C:58:5B:F8,0x3A,******S*,0x2292CF1F,0x0,,0x400,52,0,11544,44,45056,,,,
07/11-14:18:18.331260 ,1,51004,2,"PACKET SENT",TCP,192.168.137.180,54470,192.168.137.170,8087,2C:81:58:F5:37:8E,00:24:2C:58:5B:F8,0x3A,******S*,0x2292CF1F,0x0,,0x400,46,0,35015,44,45056,,,,
07/11-14:18:18.351310 ,1,51004,2,"PACKET SENT",TCP,192.168.137.180,54470,192.168.137.170,50001,2C:81:58:F5:37:8E,00:24:2C:58:5B:F8,0x3A,******S*,0x2292CF1F,0x0,,0x400,41,0,19,44,45056,,,,
07/11-14:18:18.351357 ,1,51004,2,"PACKET SENT",TCP,192.168.137.180,54470,192.168.137.170,27888,2C:81:58:F5:37:8E,00:24:2C:58:5B:F8,0x3A,******S*,0x2292CF1F,0x0,,0x400,49,0,59420,44,45056,,,,
07/11-14:18:18.351403 ,1,51004,2,"PACKET SENT",TCP,192.168.137.180,54470,192.168.137.170,5060,2C:81:58:F5:37:8E,00:24:2C:58:5B:F8,0x3A,******S*,0x2292CF1F,0x0,,0x400,48,0,62736,44,45056,,,,
07/11-14:18:18.351423 ,1,51004,2,"PACKET SENT",TCP,192.168.137.180,54470,192.168.137.170,9814,2C:81:58:F5:37:8E,00:24:2C:58:5B:F8,0x3A,******S*,0x2292CF1F,0x0,,0x400,37,0,12065,44,45056,,,,
07/11-14:18:18.351441 ,1,51004,2,"PACKET SENT",TCP,192.168.137.180,54470,192.168.137.170,2222,2C:81:58:F5:37:8E,00:24:2C:58:5B:F8,0x3A,******S*,0x2292CF1F,0x0,,0x400,50,0,26144,44,45056,,,,
07/11-14:18:18.351461 ,1,51004,2,"PACKET SENT",TCP,192.168.137.180,54470,192.168.137.170,12397,2C:81:58:F5:37:8E,00:24:2C:58:5B:F8,0x3A,******S*,0x2292CF1F,0x0,,0x400,40,0,36322,44,45056,,,,
07/11-14:18:18.351507 ,1,51004,2,"PACKET SENT",TCP,192.168.137.180,54470,192.168.137.170,444,2C:81:58:F5:37:8E,00:24:2C:58:5B:F8,0x3A,******S*,0x2292CF1F,0x0,,0x400,39,0,50130,44,45056,,,,
07/11-14:18:18.351527 ,1,51004,2,"PACKET SENT",TCP,192.168.137.180,54470,192.168.137.170,37718,2C:81:58:F5:37:8E,00:24:2C:58:5B:F8,0x3A,******S*,0x2292CF1F,0x0,,0x400,39,0,37425,44,45056,,,,
07/11-14:18:18.351573 ,1,51004,2,"PACKET SENT",TCP,192.168.137.180,54470,192.168.137.170,2323,2C:81:58:F5:37:8E,00:24:2C:58:5B:F8,0x3A,******S*,0x2292CF1F,0x0,,0x400,41,0,2958,44,45056,,,,
07/11-14:18:18.351591 ,1,51004,2,"PACKET SENT",TCP,192.168.137.180,54470,192.168.137.170,10443,2C:81:58:F5:37:8E,00:24:2C:58:5B:F8,0x3A,******S*,0x2292CF1F,0x0,,0x400,48,0,33004,44,45056,,,,
07/11-14:18:18.351610 ,1,51004,2,"PACKET SENT",TCP,192.168.137.180,54470,192.168.137.170,1099,2C:81:58:F5:37:8E,00:24:2C:58:5B:F8,0x3A,******S*,0x2292CF1F,0x0,,0x400,50,0,48269,44,45056,,,,
07/11-14:18:18.351654 ,1,51004,2,"PACKET SENT",TCP,192.168.137.180,54470,192.168.137.170,2362,2C:81:58:F5:37:8E,00:24:2C:58:5B:F8,0x3A,******S*,0x2292CF1F,0x0,,0x400,51,0,787,44,45056,,,,
07/11-14:18:18.351679 ,1,51004,2,"PACKET SENT",TCP,192.168.137.180,54470,192.168.137.170,49,2C:81:58:F5:37:8E,00:24:2C:58:5B:F8,0x3A,******S*,0x2292CF1F,0x0,,0x400,51,0,18599,44,45056,,,,
07/11-14:18:18.351698 ,1,51004,2,"PACKET SENT",TCP,192.168.137.180,54470,192.168.137.170,8443,2C:81:58:F5:37:8E,00:24:2C:58:5B:F8,0x3A,******S*,0x2292CF1F,0x0,,0x400,59,0,38234,44,45056,,,,
07/11-14:18:18.351717 ,1,51004,2,"PACKET SENT",TCP,192.168.137.180,54470,192.168.137.170,13500,2C:81:58:F5:37:8E,00:24:2C:58:5B:F8,0x3A,******S*,0x2292CF1F,0x0,,0x400,50,0,38477,44,45056,,,,
07/11-14:18:18.351736 ,1,51004,2,"PACKET SENT",TCP,192.168.137.180,54470,192.168.137.170,7800,2C:81:58:F5:37:8E,00:24:2C:58:5B:F8,0x3A,******S*,0x2292CF1F,0x0,,0x400,50,0,46138,44,45056,,,,
07/11-14:18:18.351754 ,1,51004,2,"PACKET SENT",TCP,192.168.137.180,54470,192.168.137.170,7879,2C:81:58:F5:37:8E,00:24:2C:58:5B:F8,0x3A,******S*,0x2292CF1F,0x0,,0x400,50,0,43920,44,45056,,,,
07/11-14:18:18.351772 ,1,51004,2,"PACKET SENT",TCP,192.168.137.180,54470,192.168.137.170,1128,2C:81:58:F5:37:8E,00:24:2C:58:5B:F8,0x3A,******S*,0x2292CF1F,0x0,,0x400,50,0,27291,44,45056,,,,
07/11-14:18:18.351792 ,1,51004,2,"PACKET SENT",TCP,192.168.137.180,54470,192.168.137.170,4679,2C:81:58:F5:37:8E,00:24:2C:58:5B:F8,0x3A,******S*,0x2292CF1F,0x0,,0x400,58,0,2056,44,45056,,,,
07/11-14:18:18.351811 ,1,51004,2,"PACKET SENT",TCP,192.168.137.180,54470,192.168.137.170,8081,2C:81:58:F5:37:8E,00:24:2C:58:5B:F8,0x3A,******S*,0x2292CF1F,0x0,,0x400,38,0,55718,44,45056,,,,
07/11-14:18:18.351829 ,1,51004,2,"PACKET SENT",TCP,192.168.137.180,54470,192.168.137.170,31001,2C:81:58:F5:37:8E,00:24:2C:58:5B:F8,0x3A,******S*,0x2292CF1F,0x0,,0x400,45,0,7561,44,45056,,,,
07/11-14:18:18.351849 ,1,51004,2,"PACKET SENT",TCP,192.168.137.180,54470,192.168.137.170,10628,2C:81:58:F5:37:8E,00:24:2C:58:5B:F8,0x3A,******S*,0x2292CF1F,0x0,,0x400,41,0,46484,44,45056,,,,
07/11-14:18:18.351867 ,1,51004,2,"PACKET SENT",TCP,192.168.137.180,54470,192.168.137.170,9495,2C:81:58:F5:37:8E,00:24:2C:58:5B:F8,0x3A,******S*,0x2292CF1F,0x0,,0x400,50,0,35083,44,45056,,,,
07/11-14:18:18.351887 ,1,51004,2,"PACKET SENT",TCP,192.168.137.180,54470,192.168.137.170,6080,2C:81:58:F5:37:8E,00:24:2C:58:5B:F8,0x3A,******S*,0x2292CF1F,0x0,,0x400,48,0,24041,44,45056,,,,
07/11-14:18:18.351905 ,1,51004,2,"PACKET SENT",TCP,192.168.137.180,54470,192.168.137.170,3050,2C:81:58:F5:37:8E,00:24:2C:58:5B:F8,0x3A,******S*,0x2292CF1F,0x0,,0x400,51,0,6123,44,45056,,,,
07/11-14:18:18.351926 ,1,51004,2,"PACKET SENT",TCP,192.168.137.180,54470,192.168.137.170,2049,2C:81:58:F5:37:8E,00:24:2C:58:5B:F8,0x3A,******S*,0x2292CF1F,0x0,,0x400,55,0,30751,44,45056,,,,
07/11-14:18:18.351945 ,1,51004,2,"PACKET SENT",TCP,192.168.137.180,54470,192.168.137.170,47001,2C:81:58:F5:37:8E,00:24:2C:58:5B:F8,0x3A,******S*,0x2292CF1F,0x0,,0x400,56,0,29067,44,45056,,,,
07/11-14:18:18.351963 ,1,51004,2,"PACKET SENT",TCP,192.168.137.180,54470,192.168.137.170,5984,2C:81:58:F5:37:8E,00:24:2C:58:5B:F8,0x3A,******S*,0x2292CF1F,0x0,,0x400,45,0,1449,44,45056,,,,
07/11-14:18:18.351982 ,1,51004,2,"PACKET SENT",TCP,192.168.137.180,54470,192.168.137.170,5920,2C:81:58:F5:37:8E,00:24:2C:58:5B:F8,0x3A,******S*,0x2292CF1F,0x0,,0x400,45,0,2192,44,45056,,,,
07/11-14:18:18.352002 ,1,51004,2,"PACKET SENT",TCP,192.168.137.180,54470,192.168.137.170,9084,2C:81:58:F5:37:8E,00:24:2C:58:5B:F8,0x3A,******S*,0x2292CF1F,0x0,,0x400,53,0,2777,44,45056,,,,
07/11-14:18:18.352020 ,1,51004,2,"PACKET SENT",TCP,192.168.137.180,54470,192.168.137.170,1433,2C:81:58:F5:37:8E,00:24:2C:58:5B:F8,0x3A,******S*,0x2292CF1F,0x0,,0x400,47,0,35794,44,45056,,,,
07/11-14:18:18.352063 ,1,51004,2,"PACKET SENT",TCP,192.168.137.180,54470,192.168.137.170,617,2C:81:58:F5:37:8E,00:24:2C:58:5B:F8,0x3A,******S*,0x2292CF1F,0x0,,0x400,47,0,52520,44,45056,,,,
07/11-14:18:18.352099 ,1,51004,2,"PACKET SENT",TCP,192.168.137.180,54470,192.168.137.170,5632,2C:81:58:F5:37:8E,00:24:2C:58:5B:F8,0x3A,******S*,0x2292CF1F,0x0,,0x400,41,0,6640,44,45056,,,,
07/11-14:18:18.352117 ,1,51004,2,"PACKET SENT",TCP,192.168.137.180,54470,192.168.137.170,1533,2C:81:58:F5:37:8E,00:24:2C:58:5B:F8,0x3A,******S*,0x2292CF1F,0x0,,0x400,58,0,22263,44,45056,,,,
07/11-14:18:18.352136 ,1,51004,2,"PACKET SENT",TCP,192.168.137.180,54470,192.168.137.170,5902,2C:81:58:F5:37:8E,00:24:2C:58:5B:F8,0x3A,******S*,0x2292CF1F,0x0,,0x400,47,0,33076,44,45056,,,,
07/11-14:18:18.352154 ,1,51004,2,"PACKET SENT",TCP,192.168.137.180,54470,192.168.137.170,3500,2C:81:58:F5:37:8E,00:24:2C:58:5B:F8,0x3A,******S*,0x2292CF1F,0x0,,0x400,50,0,11528,44,45056,,,,
07/11-14:18:18.352172 ,1,51004,2,"PACKET SENT",TCP,192.168.137.180,54470,192.168.137.170,5907,2C:81:58:F5:37:8E,00:24:2C:58:5B:F8,0x3A,******S*,0x2292CF1F,0x0,,0x400,53,0,7822,44,45056,,,,
07/11-14:18:18.352191 ,1,51004,2,"PACKET SENT",TCP,192.168.137.180,54470,192.168.137.170,16102,2C:81:58:F5:37:8E,00:24:2C:58:5B:F8,0x3A,******S*,0x2292CF1F,0x0,,0x400,48,0,10874,44,45056,,,,
07/11-14:18:18.352209 ,1,51004,2,"PACKET SENT",TCP,192.168.137.180,54470,192.168.137.170,31099,2C:81:58:F5:37:8E,00:24:2C:58:5B:F8,0x3A,******S*,0x2292CF1F,0x0,,0x400,45,0,35733,44,45056,,,,
07/11-14:18:18.352228 ,1,51004,2,"PACKET SENT",TCP,192.168.137.180,54470,192.168.137.170,8899,2C:81:58:F5:37:8E,00:24:2C:58:5B:F8,0x3A,******S*,0x2292CF1F,0x0,,0x400,57,0,8574,44,45056,,,,
07/11-14:18:18.352246 ,1,51004,2,"PACKET SENT",TCP,192.168.137.180,54470,192.168.137.170,5906,2C:81:58:F5:37:8E,00:24:2C:58:5B:F8,0x3A,******S*,0x2292CF1F,0x0,,0x400,47,0,23392,44,45056,,,,
07/11-14:18:18.352265 ,1,51004,2,"PACKET SENT",TCP,192.168.137.180,54470,192.168.137.170,6060,2C:81:58:F5:37:8E,00:24:2C:58:5B:F8,0x3A,******S*,0x2292CF1F,0x0,,0x400,52,0,1540,44,45056,,,,
07/11-14:18:18.352284 ,1,51004,2,"PACKET SENT",TCP,192.168.137.180,54470,192.168.137.170,1521,2C:81:58:F5:37:8E,00:24:2C:58:5B:F8,0x3A,******S*,0x2292CF1F,0x0,,0x400,44,0,32095,44,45056,,,,
07/11-14:18:18.354437 ,1,51004,2,"PACKET SENT",TCP,192.168.137.180,54470,192.168.137.170,7144,2C:81:58:F5:37:8E,00:24:2C:58:5B:F8,0x3A,******S*,0x2292CF1F,0x0,,0x400,47,0,59167,44,45056,,,,
07/11-14:18:18.356597 ,1,51004,2,"PACKET SENT",TCP,192.168.137.180,54470,192.168.137.170,123,2C:81:58:F5:37:8E,00:24:2C:58:5B:F8,0x3A,******S*,0x2292CF1F,0x0,,0x400,49,0,26444,44,45056,,,,
07/11-14:18:18.358774 ,1,51004,2,"PACKET SENT",TCP,192.168.137.180,54470,192.168.137.170,540,2C:81:58:F5:37:8E,00:24:2C:58:5B:F8,0x3A,******S*,0x2292CF1F,0x0,,0x400,55,0,8189,44,45056,,,,
07/11-14:18:18.360958 ,1,51004,2,"PACKET SENT",TCP,192.168.137.180,54470,192.168.137.170,5800,2C:81:58:F5:37:8E,00:24:2C:58:5B:F8,0x3A,******S*,0x2292CF1F,0x0,,0x400,57,0,21076,44,45056,,,,
07/11-14:18:18.374248 ,1,51004,2,"PACKET SENT",TCP,192.168.137.180,54470,192.168.137.170,1300,2C:81:58:F5:37:8E,00:24:2C:58:5B:F8,0x3A,******S*,0x2292CF1F,0x0,,0x400,47,0,47059,44,45056,,,,
07/11-14:18:18.374292 ,1,51004,2,"PACKET SENT",TCP,192.168.137.180,54470,192.168.137.170,27000,2C:81:58:F5:37:8E,00:24:2C:58:5B:F8,0x3A,******S*,0x2292CF1F,0x0,,0x400,57,0,24330,44,45056,,,,
07/11-14:18:18.374313 ,1,51004,2,"PACKET SENT",TCP,192.168.137.180,54470,192.168.137.170,8008,2C:81:58:F5:37:8E,00:24:2C:58:5B:F8,0x3A,******S*,0x2292CF1F,0x0,,0x400,48,0,29619,44,45056,,,,
07/11-14:18:18.374331 ,1,51004,2,"PACKET SENT",TCP,192.168.137.180,54470,192.168.137.170,8300,2C:81:58:F5:37:8E,00:24:2C:58:5B:F8,0x3A,******S*,0x2292CF1F,0x0,,0x400,39,0,5628,44,45056,,,,
07/11-14:18:18.374349 ,1,51004,2,"PACKET SENT",TCP,192.168.137.180,54470,192.168.137.170,10000,2C:81:58:F5:37:8E,00:24:2C:58:5B:F8,0x3A,******S*,0x2292CF1F,0x0,,0x400,42,0,38660,44,45056,,,,
07/11-14:18:18.374367 ,1,51004,2,"PACKET SENT",TCP,192.168.137.180,54470,192.168.137.170,8444,2C:81:58:F5:37:8E,00:24:2C:58:5B:F8,0x3A,******S*,0x2292CF1F,0x0,,0x400,54,0,46819,44,45056,,,,
07/11-14:18:18.374385 ,1,51004,2,"PACKET SENT",TCP,192.168.137.180,54470,192.168.137.170,5986,2C:81:58:F5:37:8E,00:24:2C:58:5B:F8,0x3A,******S*,0x2292CF1F,0x0,,0x400,37,0,59030,44,45056,,,,
07/11-14:18:18.374404 ,1,51004,2,"PACKET SENT",TCP,192.168.137.180,54470,192.168.137.170,9111,2C:81:58:F5:37:8E,00:24:2C:58:5B:F8,0x3A,******S*,0x2292CF1F,0x0,,0x400,48,0,57357,44,45056,,,,
07/11-14:18:18.374422 ,1,51004,2,"PACKET SENT",TCP,192.168.137.180,54470,192.168.137.170,2809,2C:81:58:F5:37:8E,00:24:2C:58:5B:F8,0x3A,******S*,0x2292CF1F,0x0,,0x400,41,0,61998,44,45056,,,,
07/11-14:18:18.374441 ,1,51004,2,"PACKET SENT",TCP,192.168.137.180,54470,192.168.137.170,46823,2C:81:58:F5:37:8E,00:24:2C:58:5B:F8,0x3A,******S*,0x2292CF1F,0x0,,0x400,43,0,53917,44,45056,,,,
07/11-14:18:18.374459 ,1,51004,2,"PACKET SENT",TCP,192.168.137.180,54470,192.168.137.170,5666,2C:81:58:F5:37:8E,00:24:2C:58:5B:F8,0x3A,******S*,0x2292CF1F,0x0,,0x400,46,0,24779,44,45056,,,,
07/11-14:18:18.374477 ,1,51004,2,"PACKET SENT",TCP,192.168.137.180,54470,192.168.137.170,6660,2C:81:58:F5:37:8E,00:24:2C:58:5B:F8,0x3A,******S*,0x2292CF1F,0x0,,0x400,46,0,17062,44,45056,,,,
07/11-14:18:18.374496 ,1,51004,2,"PACKET SENT",TCP,192.168.137.180,54470,192.168.137.170,50500,2C:81:58:F5:37:8E,00:24:2C:58:5B:F8,0x3A,******S*,0x2292CF1F,0x0,,0x400,40,0,29645,44,45056,,,,
07/11-14:18:18.374514 ,1,51004,2,"PACKET SENT",TCP,192.168.137.180,54470,192.168.137.170,1582,2C:81:58:F5:37:8E,00:24:2C:58:5B:F8,0x3A,******S*,0x2292CF1F,0x0,,0x400,43,0,4488,44,45056,,,,
07/11-14:18:18.374533 ,1,51004,2,"PACKET SENT",TCP,192.168.137.180,54470,192.168.137.170,41080,2C:81:58:F5:37:8E,00:24:2C:58:5B:F8,0x3A,******S*,0x2292CF1F,0x0,,0x400,44,0,327,44,45056,,,,
07/11-14:18:18.374552 ,1,51004,2,"PACKET SENT",TCP,192.168.137.180,54470,192.168.137.170,389,2C:81:58:F5:37:8E,00:24:2C:58:5B:F8,0x3A,******S*,0x2292CF1F,0x0,,0x400,59,0,44610,44,45056,,,,
07/11-14:18:18.374571 ,1,51004,2,"PACKET SENT",TCP,192.168.137.180,54470,192.168.137.170,19810,2C:81:58:F5:37:8E,00:24:2C:58:5B:F8,0x3A,******S*,0x2292CF1F,0x0,,0x400,48,0,56908,44,45056,,,,
07/11-14:18:18.374589 ,1,51004,2,"PACKET SENT",TCP,192.168.137.180,54470,192.168.137.170,20034,2C:81:58:F5:37:8E,00:24:2C:58:5B:F8,0x3A,******S*,0x2292CF1F,0x0,,0x400,48,0,64713,44,45056,,,,
07/11-14:18:18.374609 ,1,51004,2,"PACKET SENT",TCP,192.168.137.180,54470,192.168.137.170,1435,2C:81:58:F5:37:8E,00:24:2C:58:5B:F8,0x3A,******S*,0x2292CF1F,0x0,,0x400,45,0,56387,44,45056,,,,
07/11-14:18:18.374630 ,1,51004,2,"PACKET SENT",TCP,192.168.137.180,54470,192.168.137.170,9809,2C:81:58:F5:37:8E,00:24:2C:58:5B:F8,0x3A,******S*,0x2292CF1F,0x0,,0x400,54,0,58690,44,45056,,,,
07/11-14:18:18.374675 ,1,51004,2,"PACKET SENT",TCP,192.168.137.180,54470,192.168.137.170,8503,2C:81:58:F5:37:8E,00:24:2C:58:5B:F8,0x3A,******S*,0x2292CF1F,0x0,,0x400,39,0,14323,44,45056,,,,
07/11-14:18:18.374700 ,1,51004,2,"PACKET SENT",TCP,192.168.137.180,54470,192.168.137.170,2199,2C:81:58:F5:37:8E,00:24:2C:58:5B:F8,0x3A,******S*,0x2292CF1F,0x0,,0x400,50,0,33476,44,45056,,,,
07/11-14:18:18.374719 ,1,51004,2,"PACKET SENT",TCP,192.168.137.180,54470,192.168.137.170,161,2C:81:58:F5:37:8E,00:24:2C:58:5B:F8,0x3A,******S*,0x2292CF1F,0x0,,0x400,52,0,6853,44,45056,,,,
07/11-14:18:18.374719 ,1,1418,11,"SNMP request tcp",TCP,192.168.137.180,54470,192.168.137.170,161,2C:81:58:F5:37:8E,00:24:2C:58:5B:F8,0x3A,******S*,0x2292CF1F,0x0,,0x400,52,0,6853,44,45056,,,,
07/11-14:18:18.374738 ,1,51004,2,"PACKET SENT",TCP,192.168.137.180,54470,192.168.137.170,689,2C:81:58:F5:37:8E,00:24:2C:58:5B:F8,0x3A,******S*,0x2292CF1F,0x0,,0x400,44,0,27009,44,45056,,,,
07/11-14:18:18.374758 ,1,51004,2,"PACKET SENT",TCP,192.168.137.180,54470,192.168.137.170,30000,2C:81:58:F5:37:8E,00:24:2C:58:5B:F8,0x3A,******S*,0x2292CF1F,0x0,,0x400,59,0,53280,44,45056,,,,
07/11-14:18:18.374776 ,1,51004,2,"PACKET SENT",TCP,192.168.137.180,54470,192.168.137.170,771,2C:81:58:F5:37:8E,00:24:2C:58:5B:F8,0x3A,******S*,0x2292CF1F,0x0,,0x400,48,0,3166,44,45056,,,,
07/11-14:18:18.374797 ,1,51004,2,"PACKET SENT",TCP,192.168.137.180,54470,192.168.137.170,50003,2C:81:58:F5:37:8E,00:24:2C:58:5B:F8,0x3A,******S*,0x2292CF1F,0x0,,0x400,41,0,10797,44,45056,,,,
07/11-14:18:18.376996 ,1,51004,2,"PACKET SENT",TCP,192.168.137.180,54470,192.168.137.170,10162,2C:81:58:F5:37:8E,00:24:2C:58:5B:F8,0x3A,******S*,0x2292CF1F,0x0,,0x400,40,0,8781,44,45056,,,,
07/11-14:18:18.381263 ,1,51004,2,"PACKET SENT",TCP,192.168.137.180,54470,192.168.137.170,7902,2C:81:58:F5:37:8E,00:24:2C:58:5B:F8,0x3A,******S*,0x2292CF1F,0x0,,0x400,42,0,61594,44,45056,,,,
07/11-14:18:18.381298 ,1,51004,2,"PACKET SENT",TCP,192.168.137.180,54470,192.168.137.170,11234,2C:81:58:F5:37:8E,00:24:2C:58:5B:F8,0x3A,******S*,0x2292CF1F,0x0,,0x400,51,0,4276,44,45056,,,,
07/11-14:18:18.383716 ,1,51004,2,"PACKET SENT",TCP,192.168.137.180,54470,192.168.137.170,69,2C:81:58:F5:37:8E,00:24:2C:58:5B:F8,0x3A,******S*,0x2292CF1F,0x0,,0x400,48,0,19470,44,45056,,,,
07/11-14:18:18.385912 ,1,51004,2,"PACKET SENT",TCP,192.168.137.180,54470,192.168.137.170,8812,2C:81:58:F5:37:8E,00:24:2C:58:5B:F8,0x3A,******S*,0x2292CF1F,0x0,,0x400,49,0,23546,44,45056,,,,
07/11-14:18:18.389102 ,1,51004,2,"PACKET SENT",TCP,192.168.137.180,54470,192.168.137.170,9080,2C:81:58:F5:37:8E,00:24:2C:58:5B:F8,0x3A,******S*,0x2292CF1F,0x0,,0x400,41,0,48088,44,45056,,,,
07/11-14:18:18.389129 ,1,51004,2,"PACKET SENT",TCP,192.168.137.180,54470,192.168.137.170,407,2C:81:58:F5:37:8E,00:24:2C:58:5B:F8,0x3A,******S*,0x2292CF1F,0x0,,0x400,47,0,6223,44,45056,,,,
07/11-14:18:18.391687 ,1,51004,2,"PACKET SENT",TCP,192.168.137.180,54470,192.168.137.170,2121,2C:81:58:F5:37:8E,00:24:2C:58:5B:F8,0x3A,******S*,0x2292CF1F,0x0,,0x400,37,0,35243,44,45056,,,,
07/11-14:18:18.391781 ,1,51004,2,"PACKET SENT",TCP,192.168.137.180,54470,192.168.137.170,1,2C:81:58:F5:37:8E,00:24:2C:58:5B:F8,0x3A,******S*,0x2292CF1F,0x0,,0x400,55,0,49578,44,45056,,,,
07/11-14:18:18.391802 ,1,51004,2,"PACKET SENT",TCP,192.168.137.180,54470,192.168.137.170,6661,2C:81:58:F5:37:8E,00:24:2C:58:5B:F8,0x3A,******S*,0x2292CF1F,0x0,,0x400,55,0,7145,44,45056,,,,
07/11-14:18:18.391891 ,1,51004,2,"PACKET SENT",TCP,192.168.137.180,54470,192.168.137.170,8095,2C:81:58:F5:37:8E,00:24:2C:58:5B:F8,0x3A,******S*,0x2292CF1F,0x0,,0x400,40,0,38292,44,45056,,,,
07/11-14:18:18.410644 ,1,51004,2,"PACKET SENT",TCP,192.168.137.180,54470,192.168.137.170,888,2C:81:58:F5:37:8E,00:24:2C:58:5B:F8,0x3A,******S*,0x2292CF1F,0x0,,0x400,54,0,41817,44,45056,,,,
07/11-14:18:18.410742 ,1,51004,2,"PACKET SENT",TCP,192.168.137.180,54470,192.168.137.170,23791,2C:81:58:F5:37:8E,00:24:2C:58:5B:F8,0x3A,******S*,0x2292CF1F,0x0,,0x400,58,0,19234,44,45056,,,,
07/11-14:18:18.410763 ,1,51004,2,"PACKET SENT",TCP,192.168.137.180,54470,192.168.137.170,5353,2C:81:58:F5:37:8E,00:24:2C:58:5B:F8,0x3A,******S*,0x2292CF1F,0x0,,0x400,42,0,58359,44,45056,,,,
07/11-14:18:18.410855 ,1,51004,2,"PACKET SENT",TCP,192.168.137.180,54470,192.168.137.170,18881,2C:81:58:F5:37:8E,00:24:2C:58:5B:F8,0x3A,******S*,0x2292CF1F,0x0,,0x400,44,0,6526,44,45056,,,,
07/11-14:18:18.410874 ,1,51004,2,"PACKET SENT",TCP,192.168.137.180,54470,192.168.137.170,2598,2C:81:58:F5:37:8E,00:24:2C:58:5B:F8,0x3A,******S*,0x2292CF1F,0x0,,0x400,55,0,41587,44,45056,,,,
07/11-14:18:18.410892 ,1,51004,2,"PACKET SENT",TCP,192.168.137.180,54470,192.168.137.170,23472,2C:81:58:F5:37:8E,00:24:2C:58:5B:F8,0x3A,******S*,0x2292CF1F,0x0,,0x400,42,0,45820,44,45056,,,,
07/11-14:18:18.410910 ,1,51004,2,"PACKET SENT",TCP,192.168.137.180,54470,192.168.137.170,921,2C:81:58:F5:37:8E,00:24:2C:58:5B:F8,0x3A,******S*,0x2292CF1F,0x0,,0x400,54,0,24776,44,45056,,,,
07/11-14:18:18.410928 ,1,51004,2,"PACKET SENT",TCP,192.168.137.180,54470,192.168.137.170,8800,2C:81:58:F5:37:8E,00:24:2C:58:5B:F8,0x3A,******S*,0x2292CF1F,0x0,,0x400,45,0,57550,44,45056,,,,
07/11-14:18:18.410946 ,1,51004,2,"PACKET SENT",TCP,192.168.137.180,54470,192.168.137.170,7777,2C:81:58:F5:37:8E,00:24:2C:58:5B:F8,0x3A,******S*,0x2292CF1F,0x0,,0x400,55,0,2692,44,45056,,,,
07/11-14:18:18.410964 ,1,51004,2,"PACKET SENT",TCP,192.168.137.180,54470,192.168.137.170,523,2C:81:58:F5:37:8E,00:24:2C:58:5B:F8,0x3A,******S*,0x2292CF1F,0x0,,0x400,59,0,14749,44,45056,,,,
07/11-14:18:18.410983 ,1,51004,2,"PACKET SENT",TCP,192.168.137.180,54470,192.168.137.170,8030,2C:81:58:F5:37:8E,00:24:2C:58:5B:F8,0x3A,******S*,0x2292CF1F,0x0,,0x400,51,0,51933,44,45056,,,,
07/11-14:18:18.411001 ,1,51004,2,"PACKET SENT",TCP,192.168.137.180,54470,192.168.137.170,30718,2C:81:58:F5:37:8E,00:24:2C:58:5B:F8,0x3A,******S*,0x2292CF1F,0x0,,0x400,37,0,15925,44,45056,,,,
07/11-14:18:18.411019 ,1,51004,2,"PACKET SENT",TCP,192.168.137.180,54470,192.168.137.170,3690,2C:81:58:F5:37:8E,00:24:2C:58:5B:F8,0x3A,******S*,0x2292CF1F,0x0,,0x400,52,0,25034,44,45056,,,,
07/11-14:18:18.411038 ,1,51004,2,"PACKET SENT",TCP,192.168.137.180,54470,192.168.137.170,10001,2C:81:58:F5:37:8E,00:24:2C:58:5B:F8,0x3A,******S*,0x2292CF1F,0x0,,0x400,54,0,47347,44,45056,,,,
07/11-14:18:18.411057 ,1,51004,2,"PACKET SENT",TCP,192.168.137.180,54470,192.168.137.170,9000,2C:81:58:F5:37:8E,00:24:2C:58:5B:F8,0x3A,******S*,0x2292CF1F,0x0,,0x400,54,0,59675,44,45056,,,,
07/11-14:18:18.411076 ,1,51004,2,"PACKET SENT",TCP,192.168.137.180,54470,192.168.137.170,12401,2C:81:58:F5:37:8E,00:24:2C:58:5B:F8,0x3A,******S*,0x2292CF1F,0x0,,0x400,47,0,8133,44,45056,,,,
07/11-14:18:18.411094 ,1,51004,2,"PACKET SENT",TCP,192.168.137.180,54470,192.168.137.170,5560,2C:81:58:F5:37:8E,00:24:2C:58:5B:F8,0x3A,******S*,0x2292CF1F,0x0,,0x400,41,0,49203,44,45056,,,,
07/11-14:18:18.411112 ,1,51004,2,"PACKET SENT",TCP,192.168.137.180,54470,192.168.137.170,46824,2C:81:58:F5:37:8E,00:24:2C:58:5B:F8,0x3A,******S*,0x2292CF1F,0x0,,0x400,49,0,8121,44,45056,,,,
07/11-14:18:18.411131 ,1,51004,2,"PACKET SENT",TCP,192.168.137.180,54470,192.168.137.170,8333,2C:81:58:F5:37:8E,00:24:2C:58:5B:F8,0x3A,******S*,0x2292CF1F,0x0,,0x400,55,0,32379,44,45056,,,,
07/11-14:18:18.411150 ,1,51004,2,"PACKET SENT",TCP,192.168.137.180,54470,192.168.137.170,55553,2C:81:58:F5:37:8E,00:24:2C:58:5B:F8,0x3A,******S*,0x2292CF1F,0x0,,0x400,47,0,7544,44,45056,,,,
07/11-14:18:18.411168 ,1,51004,2,"PACKET SENT",TCP,192.168.137.180,54470,192.168.137.170,138,2C:81:58:F5:37:8E,00:24:2C:58:5B:F8,0x3A,******S*,0x2292CF1F,0x0,,0x400,43,0,31761,44,45056,,,,
07/11-14:18:18.411188 ,1,51004,2,"PACKET SENT",TCP,192.168.137.180,54470,192.168.137.170,2967,2C:81:58:F5:37:8E,00:24:2C:58:5B:F8,0x3A,******S*,0x2292CF1F,0x0,,0x400,40,0,36776,44,45056,,,,
07/11-14:18:18.411207 ,1,51004,2,"PACKET SENT",TCP,192.168.137.180,54470,192.168.137.170,17200,2C:81:58:F5:37:8E,00:24:2C:58:5B:F8,0x3A,******S*,0x2292CF1F,0x0,,0x400,52,0,16947,44,45056,,,,
07/11-14:18:18.411477 ,1,51004,2,"PACKET SENT",TCP,192.168.137.180,54470,192.168.137.170,5903,2C:81:58:F5:37:8E,00:24:2C:58:5B:F8,0x3A,******S*,0x2292CF1F,0x0,,0x400,40,0,8618,44,45056,,,,
07/11-14:18:18.411499 ,1,51004,2,"PACKET SENT",TCP,192.168.137.180,54470,192.168.137.170,3460,2C:81:58:F5:37:8E,00:24:2C:58:5B:F8,0x3A,******S*,0x2292CF1F,0x0,,0x400,53,0,5824,44,45056,,,,
07/11-14:18:18.411518 ,1,51004,2,"PACKET SENT",TCP,192.168.137.180,54470,192.168.137.170,5910,2C:81:58:F5:37:8E,00:24:2C:58:5B:F8,0x3A,******S*,0x2292CF1F,0x0,,0x400,43,0,60340,44,45056,,,,
07/11-14:18:18.556961 ,1,51004,2,"PACKET SENT",TCP,192.168.137.180,56609,192.168.137.170,80,2C:81:58:F5:37:8E,00:24:2C:58:5B:F8,0x4A,******S*,0x2661D0B6,0xCE96312C,,0x1,40,0,18424,60,61440,,,,
07/11-14:18:18.563273 ,1,51004,2,"PACKET SENT",TCP,192.168.137.180,56609,192.168.137.170,80,2C:81:58:F5:37:8E,00:24:2C:58:5B:F8,0x36,*****R**,0x2661D0B7,0x0,,0x0,64,0,0,40,40960,,,,
07/11-14:18:18.657059 ,1,51004,2,"PACKET SENT",TCP,192.168.137.180,56610,192.168.137.170,80,2C:81:58:F5:37:8E,00:24:2C:58:5B:F8,0x4A,******S*,0x2661D0B7,0xCE96312C,,0x3F,38,0,36964,60,61440,,,,
07/11-14:18:18.667265 ,1,51004,2,"PACKET SENT",TCP,192.168.137.180,56610,192.168.137.170,80,2C:81:58:F5:37:8E,00:24:2C:58:5B:F8,0x36,*****R**,0x2661D0B8,0x0,,0x0,64,0,0,40,40960,,,,
07/11-14:18:18.757392 ,1,51004,2,"PACKET SENT",TCP,192.168.137.180,56611,192.168.137.170,80,2C:81:58:F5:37:8E,00:24:2C:58:5B:F8,0x4A,******S*,0x2661D0B8,0xCE96312C,,0x4,50,0,64066,60,61440,,,,
07/11-14:18:18.765554 ,1,51004,2,"PACKET SENT",TCP,192.168.137.180,56611,192.168.137.170,80,2C:81:58:F5:37:8E,00:24:2C:58:5B:F8,0x36,*****R**,0x2661D0B9,0x0,,0x0,64,0,0,40,40960,,,,
07/11-14:18:18.857700 ,1,51004,2,"PACKET SENT",TCP,192.168.137.180,56612,192.168.137.170,80,2C:81:58:F5:37:8E,00:24:2C:58:5B:F8,0x46,******S*,0x2661D0B9,0xCE96312C,,0x4,54,0,9288,56,57344,,,,
07/11-14:18:18.867282 ,1,51004,2,"PACKET SENT",TCP,192.168.137.180,56612,192.168.137.170,80,2C:81:58:F5:37:8E,00:24:2C:58:5B:F8,0x36,*****R**,0x2661D0BA,0x0,,0x0,64,0,0,40,40960,,,,
07/11-14:18:18.957781 ,1,51004,2,"PACKET SENT",TCP,192.168.137.180,56613,192.168.137.170,80,2C:81:58:F5:37:8E,00:24:2C:58:5B:F8,0x4A,******S*,0x2661D0BA,0xCE96312C,,0x10,52,0,7679,60,61440,,,,
07/11-14:18:18.965427 ,1,51004,2,"PACKET SENT",TCP,192.168.137.180,56613,192.168.137.170,80,2C:81:58:F5:37:8E,00:24:2C:58:5B:F8,0x36,*****R**,0x2661D0BB,0x0,,0x0,64,0,0,40,40960,,,,
07/11-14:18:19.057945 ,1,51004,2,"PACKET SENT",TCP,192.168.137.180,56614,192.168.137.170,80,2C:81:58:F5:37:8E,00:24:2C:58:5B:F8,0x46,******S*,0x2661D0BB,0xCE96312C,,0x200,46,0,52809,56,57344,,,,
07/11-14:18:19.066460 ,1,51004,2,"PACKET SENT",TCP,192.168.137.180,56614,192.168.137.170,80,2C:81:58:F5:37:8E,00:24:2C:58:5B:F8,0x36,*****R**,0x2661D0BC,0x0,,0x0,64,0,0,40,40960,,,,
07/11-14:18:19.083125 ,1,51004,2,"PACKET SENT",ICMP,192.168.137.180,,192.168.137.170,,2C:81:58:F5:37:8E,00:24:2C:58:5B:F8,0xA2,,,,,,54,0,13767,148,151552,8,9,31405,295
07/11-14:18:19.083125 ,1,365,8,"ICMP PING undefined code",ICMP,192.168.137.180,,192.168.137.170,,2C:81:58:F5:37:8E,00:24:2C:58:5B:F8,0xA2,,,,,,54,0,13767,148,151552,8,9,31405,295
07/11-14:18:19.085697 ,1,409,7,"ICMP Echo Reply undefined code",ICMP,192.168.137.170,,192.168.137.180,,00:24:2C:58:5B:F8,2C:81:58:F5:37:8E,0xA2,,,,,,64,0,2827,148,151552,0,9,31405,295
07/11-14:18:19.108578 ,1,51004,2,"PACKET SENT",ICMP,192.168.137.180,,192.168.137.170,,2C:81:58:F5:37:8E,00:24:2C:58:5B:F8,0xC0,,,,,,57,4,14189,178,182272,8,0,31406,296
07/11-14:18:19.108578 ,1,384,5,"ICMP PING",ICMP,192.168.137.180,,192.168.137.170,,2C:81:58:F5:37:8E,00:24:2C:58:5B:F8,0xC0,,,,,,57,4,14189,178,182272,8,0,31406,296
07/11-14:18:19.111231 ,1,408,5,"ICMP Echo Reply",ICMP,192.168.137.170,,192.168.137.180,,00:24:2C:58:5B:F8,2C:81:58:F5:37:8E,0xC0,,,,,,64,4,2828,178,182272,0,0,31406,296
07/11-14:18:19.133643 ,1,1390,5,"SHELLCODE x86 inc ebx NOOP",UDP,192.168.137.180,56521,192.168.137.170,30500,2C:81:58:F5:37:8E,00:24:2C:58:5B:F8,0x156,,,,,,53,0,4162,328,73732,,,,
07/11-14:18:19.133643 ,1,51004,2,"PACKET SENT",UDP,192.168.137.180,56521,192.168.137.170,30500,2C:81:58:F5:37:8E,00:24:2C:58:5B:F8,0x156,,,,,,53,0,4162,328,73732,,,,
07/11-14:18:19.141814 ,1,1390,5,"SHELLCODE x86 inc ebx NOOP",ICMP,192.168.137.170,,192.168.137.180,,00:24:2C:58:5B:F8,2C:81:58:F5:37:8E,0x172,,,,,,64,192,2829,356,102404,3,3,0,0
07/11-14:18:19.141814 ,1,402,7,"ICMP Destination Unreachable Port Unreachable",ICMP,192.168.137.170,,192.168.137.180,,00:24:2C:58:5B:F8,2C:81:58:F5:37:8E,0x172,,,,,,64,192,2829,356,102404,3,3,0,0
07/11-14:18:19.158728 ,1,51004,2,"PACKET SENT",TCP,192.168.137.180,56621,192.168.137.170,80,2C:81:58:F5:37:8E,00:24:2C:58:5B:F8,0x42,12****S*,0x2661D0B6,0x0,,0x3,49,0,61891,52,53248,,,,
07/11-14:18:19.168806 ,1,51004,2,"PACKET SENT",TCP,192.168.137.180,56621,192.168.137.170,80,2C:81:58:F5:37:8E,00:24:2C:58:5B:F8,0x36,*****R**,0x2661D0B7,0x0,,0x0,64,0,0,40,40960,,,,
07/11-14:18:19.183870 ,1,51004,2,"PACKET SENT",TCP,192.168.137.180,56623,192.168.137.170,80,2C:81:58:F5:37:8E,00:24:2C:58:5B:F8,0x4A,********,0x2661D0B6,0xCE96312C,,0x80,45,0,32176,60,61440,,,,
07/11-14:18:19.209080 ,1,51004,2,"PACKET SENT",TCP,192.168.137.180,56624,192.168.137.170,80,2C:81:58:F5:37:8E,00:24:2C:58:5B:F8,0x4A,**U*P*SF,0x2661D0B6,0xCE96312C,,0x100,59,0,32796,60,61440,,,,
07/11-14:18:19.234421 ,1,51004,2,"PACKET SENT",TCP,192.168.137.180,56625,192.168.137.170,80,2C:81:58:F5:37:8E,00:24:2C:58:5B:F8,0x4A,***A****,0x2661D0B6,0xCE96312C,,0x400,44,0,7514,60,61440,,,,
07/11-14:18:19.259526 ,1,51004,2,"PACKET SENT",TCP,192.168.137.180,56626,192.168.137.170,1,2C:81:58:F5:37:8E,00:24:2C:58:5B:F8,0x4A,******S*,0x2661D0B6,0xCE96312C,,0x7A69,43,0,3709,60,61440,,,,
07/11-14:18:19.284616 ,1,51004,2,"PACKET SENT",TCP,192.168.137.180,56627,192.168.137.170,1,2C:81:58:F5:37:8E,00:24:2C:58:5B:F8,0x4A,***A****,0x2661D0B6,0xCE96312C,,0x8000,59,0,26306,60,61440,,,,
07/11-14:18:19.309695 ,1,51004,2,"PACKET SENT",TCP,192.168.137.180,56628,192.168.137.170,1,2C:81:58:F5:37:8E,00:24:2C:58:5B:F8,0x4A,**U*P**F,0x2661D0B6,0xCE96312C,,0xFFFF,56,0,40294,60,61440,,,,
07/11-14:18:19.309695 ,1,1228,7,"SCAN nmap XMAS",TCP,192.168.137.180,56628,192.168.137.170,1,2C:81:58:F5:37:8E,00:24:2C:58:5B:F8,0x4A,**U*P**F,0x2661D0B6,0xCE96312C,,0xFFFF,56,0,40294,60,61440,,,,
07/11-14:18:20.184373 ,1,51004,2,"PACKET SENT",TCP,192.168.137.180,56623,192.168.137.170,80,2C:81:58:F5:37:8E,00:24:2C:58:5B:F8,0x4A,********,0x2661D0B6,0xCE96312C,,0x80,44,0,48430,60,61440,,,,
07/11-14:18:20.209722 ,1,51004,2,"PACKET SENT",TCP,192.168.137.180,56624,192.168.137.170,80,2C:81:58:F5:37:8E,00:24:2C:58:5B:F8,0x4A,**U*P*SF,0x2661D0B6,0xCE96312C,,0x100,48,0,5803,60,61440,,,,
07/11-14:18:21.185706 ,1,51004,2,"PACKET SENT",TCP,192.168.137.180,56623,192.168.137.170,80,2C:81:58:F5:37:8E,00:24:2C:58:5B:F8,0x4A,********,0x2661D0B6,0xCE96312C,,0x80,47,0,2050,60,61440,,,,
07/11-14:18:21.211052 ,1,51004,2,"PACKET SENT",TCP,192.168.137.180,56624,192.168.137.170,80,2C:81:58:F5:37:8E,00:24:2C:58:5B:F8,0x4A,**U*P*SF,0x2661D0B6,0xCE96312C,,0x100,55,0,16801,60,61440,,,,
07/11-14:18:22.186161 ,1,51004,2,"PACKET SENT",TCP,192.168.137.180,56623,192.168.137.170,80,2C:81:58:F5:37:8E,00:24:2C:58:5B:F8,0x4A,********,0x2661D0B6,0xCE96312C,,0x80,54,0,63890,60,61440,,,,
07/11-14:18:22.211250 ,1,51004,2,"PACKET SENT",TCP,192.168.137.180,56624,192.168.137.170,80,2C:81:58:F5:37:8E,00:24:2C:58:5B:F8,0x4A,**U*P*SF,0x2661D0B6,0xCE96312C,,0x100,50,0,46356,60,61440,,,,
07/11-14:18:24.889278 ,1,2049,4,"MS-SQL ping attempt",UDP,192.168.137.180,58972,192.168.137.170,1434,2C:81:58:F5:37:8E,00:24:2C:58:5B:F8,0x2B,,,,,,64,0,0,29,29696,,,,
07/11-14:18:24.889278 ,1,51004,2,"PACKET SENT",UDP,192.168.137.180,58972,192.168.137.170,1434,2C:81:58:F5:37:8E,00:24:2C:58:5B:F8,0x2B,,,,,,64,0,0,29,29696,,,,
07/11-14:18:24.889764 ,1,51004,2,"PACKET SENT",UDP,192.168.137.180,58972,192.168.137.170,137,2C:81:58:F5:37:8E,00:24:2C:58:5B:F8,0x5C,,,,,,64,0,0,78,79872,,,,
07/11-14:18:24.889780 ,1,1616,7,"DNS named version attempt",UDP,192.168.137.180,58972,192.168.137.170,53,2C:81:58:F5:37:8E,00:24:2C:58:5B:F8,0x48,,,,,,64,0,0,58,59392,,,,
07/11-14:18:24.889780 ,1,51004,2,"PACKET SENT",UDP,192.168.137.180,58972,192.168.137.170,53,2C:81:58:F5:37:8E,00:24:2C:58:5B:F8,0x48,,,,,,64,0,0,58,59392,,,,
07/11-14:18:24.889786 ,1,566,4,"POLICY PCAnywhere server response",UDP,192.168.137.180,58972,192.168.137.170,5632,2C:81:58:F5:37:8E,00:24:2C:58:5B:F8,0x2C,,,,,,64,0,0,30,30720,,,,
07/11-14:18:24.889786 ,1,51004,2,"PACKET SENT",UDP,192.168.137.180,58972,192.168.137.170,5632,2C:81:58:F5:37:8E,00:24:2C:58:5B:F8,0x2C,,,,,,64,0,0,30,30720,,,,
07/11-14:18:24.890343 ,1,51004,2,"PACKET SENT",UDP,192.168.137.180,58972,192.168.137.170,123,2C:81:58:F5:37:8E,00:24:2C:58:5B:F8,0x5A,,,,,,64,0,0,76,77824,,,,
07/11-14:18:24.890623 ,1,51004,2,"PACKET SENT",UDP,192.168.137.180,58972,192.168.137.170,5093,2C:81:58:F5:37:8E,00:24:2C:58:5B:F8,0x30,,,,,,64,0,0,34,34816,,,,
07/11-14:18:24.891082 ,1,51004,2,"PACKET SENT",UDP,192.168.137.180,58972,192.168.137.170,1604,2C:81:58:F5:37:8E,00:24:2C:58:5B:F8,0x48,,,,,,64,0,0,58,59392,,,,
07/11-14:18:24.891241 ,1,51004,2,"PACKET SENT",UDP,192.168.137.180,58972,192.168.137.170,5632,2C:81:58:F5:37:8E,00:24:2C:58:5B:F8,0x2C,,,,,,64,0,0,30,30720,,,,
07/11-14:18:24.891585 ,1,1280,9,"RPC portmap listing UDP 111",UDP,192.168.137.180,58972,192.168.137.170,111,2C:81:58:F5:37:8E,00:24:2C:58:5B:F8,0x52,,,,,,64,0,0,68,69632,,,,
07/11-14:18:24.891585 ,1,51004,2,"PACKET SENT",UDP,192.168.137.180,58972,192.168.137.170,111,2C:81:58:F5:37:8E,00:24:2C:58:5B:F8,0x52,,,,,,64,0,0,68,69632,,,,
07/11-14:18:24.892123 ,1,1411,10,"SNMP public access udp",UDP,192.168.137.180,58972,192.168.137.170,161,2C:81:58:F5:37:8E,00:24:2C:58:5B:F8,0x55,,,,,,64,0,0,71,72704,,,,
07/11-14:18:24.892123 ,1,51004,2,"PACKET SENT",UDP,192.168.137.180,58972,192.168.137.170,161,2C:81:58:F5:37:8E,00:24:2C:58:5B:F8,0x55,,,,,,64,0,0,71,72704,,,,
07/11-14:18:24.892123 ,1,1417,9,"SNMP request udp",UDP,192.168.137.180,58972,192.168.137.170,161,2C:81:58:F5:37:8E,00:24:2C:58:5B:F8,0x55,,,,,,64,0,0,71,72704,,,,
07/11-14:18:24.892502 ,1,1411,10,"SNMP public access udp",UDP,192.168.137.180,58972,192.168.137.170,161,2C:81:58:F5:37:8E,00:24:2C:58:5B:F8,0x52,,,,,,64,0,0,68,69632,,,,
07/11-14:18:24.892502 ,1,51004,2,"PACKET SENT",UDP,192.168.137.180,58972,192.168.137.170,161,2C:81:58:F5:37:8E,00:24:2C:58:5B:F8,0x52,,,,,,64,0,0,68,69632,,,,
07/11-14:18:24.892502 ,1,1417,9,"SNMP request udp",UDP,192.168.137.180,58972,192.168.137.170,161,2C:81:58:F5:37:8E,00:24:2C:58:5B:F8,0x52,,,,,,64,0,0,68,69632,,,,
07/11-14:18:24.892790 ,1,51004,2,"PACKET SENT",UDP,192.168.137.180,58972,192.168.137.170,523,2C:81:58:F5:37:8E,00:24:2C:58:5B:F8,0x3E,,,,,,64,0,0,48,49152,,,,
07/11-14:18:24.902994 ,1,402,7,"ICMP Destination Unreachable Port Unreachable",ICMP,192.168.137.170,,192.168.137.180,,00:24:2C:58:5B:F8,2C:81:58:F5:37:8E,0x47,,,,,,64,192,2830,57,58368,3,3,0,0
07/11-14:18:24.903013 ,1,402,7,"ICMP Destination Unreachable Port Unreachable",ICMP,192.168.137.170,,192.168.137.180,,00:24:2C:58:5B:F8,2C:81:58:F5:37:8E,0x78,,,,,,64,192,2831,106,108544,3,3,0,0
07/11-14:18:24.903022 ,1,402,7,"ICMP Destination Unreachable Port Unreachable",ICMP,192.168.137.170,,192.168.137.180,,00:24:2C:58:5B:F8,2C:81:58:F5:37:8E,0x64,,,,,,64,192,2832,86,88064,3,3,0,0
07/11-14:18:24.903029 ,1,402,7,"ICMP Destination Unreachable Port Unreachable",ICMP,192.168.137.170,,192.168.137.180,,00:24:2C:58:5B:F8,2C:81:58:F5:37:8E,0x48,,,,,,64,192,2833,58,59392,3,3,0,0
07/11-14:18:24.903049 ,1,402,7,"ICMP Destination Unreachable Port Unreachable",ICMP,192.168.137.170,,192.168.137.180,,00:24:2C:58:5B:F8,2C:81:58:F5:37:8E,0x4C,,,,,,64,192,2834,62,63488,3,3,0,0
07/11-14:18:24.903059 ,1,402,7,"ICMP Destination Unreachable Port Unreachable",ICMP,192.168.137.170,,192.168.137.180,,00:24:2C:58:5B:F8,2C:81:58:F5:37:8E,0x64,,,,,,64,192,2835,86,88064,3,3,0,0
07/11-14:18:40.373369 ,1,51004,2,"PACKET SENT",TCP,192.168.137.180,44523,192.168.137.170,80,2C:81:58:F5:37:8E,00:24:2C:58:5B:F8,0xBE,***AP***,0x9415C162,0xA2441114,,0x73,64,0,48890,176,180224,,,,
07/11-14:18:41.490577 ,1,51004,2,"PACKET SENT",UDP,192.168.137.180,33825,192.168.137.170,17185,2C:81:58:F5:37:8E,00:24:2C:58:5B:F8,0x6A,,,,,,64,0,0,92,94208,,,,
07/11-14:18:41.498541 ,1,402,7,"ICMP Destination Unreachable Port Unreachable",ICMP,192.168.137.170,,192.168.137.180,,00:24:2C:58:5B:F8,2C:81:58:F5:37:8E,0x86,,,,,,64,192,2836,120,122880,3,3,0,0
07/11-14:18:52.098724 ,1,51004,2,"PACKET SENT",TCP,192.168.137.180,40517,192.168.137.170,80,2C:81:58:F5:37:8E,00:24:2C:58:5B:F8,0xFE,***AP***,0x44A66CC9,0xB30C295B,,0x73,64,0,59335,240,245760,,,,
07/11-14:18:52.232344 ,1,51004,2,"PACKET SENT",UDP,192.168.137.180,123,193.204.114.232,123,2C:81:58:F5:37:8E,BC:C6:DB:0C:D2:32,0x5A,,,,,,64,192,0,76,77824,,,,
07/11-14:18:54.232339 ,1,51004,2,"PACKET SENT",UDP,192.168.137.180,123,193.204.114.233,123,2C:81:58:F5:37:8E,BC:C6:DB:0C:D2:32,0x5A,,,,,,64,192,0,76,77824,,,,
07/11-14:18:55.808621 ,1,51004,2,"PACKET SENT",UDP,192.168.137.180,123,193.204.114.232,123,2C:81:58:F5:37:8E,BC:C6:DB:0C:D2:32,0x5A,,,,,,64,192,0,76,77824,,,,
07/11-14:18:55.809166 ,1,51004,2,"PACKET SENT",UDP,192.168.137.180,123,193.204.114.233,123,2C:81:58:F5:37:8E,BC:C6:DB:0C:D2:32,0x5A,,,,,,64,192,0,76,77824,,,,
