07/11-12:20:05.345219 ,1,368,6,"ICMP PING BSDtype",ICMP,192.168.137.170,,192.168.137.180,,00:24:2C:58:5B:F8,2C:81:58:F5:37:8E,0x62,,,,,,64,0,0,84,86016,8,0,8111,1
07/11-12:20:05.345219 ,1,366,7,"ICMP PING *NIX",ICMP,192.168.137.170,,192.168.137.180,,00:24:2C:58:5B:F8,2C:81:58:F5:37:8E,0x62,,,,,,64,0,0,84,86016,8,0,8111,1
07/11-12:20:05.345219 ,1,51004,2,"PACKET RECEIVED",ICMP,192.168.137.170,,192.168.137.180,,00:24:2C:58:5B:F8,2C:81:58:F5:37:8E,0x62,,,,,,64,0,0,84,86016,8,0,8111,1
07/11-12:20:05.345219 ,1,384,5,"ICMP PING",ICMP,192.168.137.170,,192.168.137.180,,00:24:2C:58:5B:F8,2C:81:58:F5:37:8E,0x62,,,,,,64,0,0,84,86016,8,0,8111,1
07/11-12:20:05.345279 ,1,408,5,"ICMP Echo Reply",ICMP,192.168.137.180,,192.168.137.170,,2C:81:58:F5:37:8E,00:24:2C:58:5B:F8,0x62,,,,,,64,0,35868,84,86016,0,0,8111,1
07/11-12:20:05.642842 ,1,368,6,"ICMP PING BSDtype",ICMP,192.168.137.170,,192.168.137.180,,00:24:2C:58:5B:F8,2C:81:58:F5:37:8E,0x62,,,,,,64,0,0,84,86016,8,0,8111,2
07/11-12:20:05.642842 ,1,366,7,"ICMP PING *NIX",ICMP,192.168.137.170,,192.168.137.180,,00:24:2C:58:5B:F8,2C:81:58:F5:37:8E,0x62,,,,,,64,0,0,84,86016,8,0,8111,2
07/11-12:20:05.642842 ,1,51004,2,"PACKET RECEIVED",ICMP,192.168.137.170,,192.168.137.180,,00:24:2C:58:5B:F8,2C:81:58:F5:37:8E,0x62,,,,,,64,0,0,84,86016,8,0,8111,2
07/11-12:20:05.642842 ,1,384,5,"ICMP PING",ICMP,192.168.137.170,,192.168.137.180,,00:24:2C:58:5B:F8,2C:81:58:F5:37:8E,0x62,,,,,,64,0,0,84,86016,8,0,8111,2
07/11-12:20:05.642897 ,1,408,5,"ICMP Echo Reply",ICMP,192.168.137.180,,192.168.137.170,,2C:81:58:F5:37:8E,00:24:2C:58:5B:F8,0x62,,,,,,64,0,35869,84,86016,0,0,8111,2
07/11-12:20:05.943647 ,1,368,6,"ICMP PING BSDtype",ICMP,192.168.137.170,,192.168.137.180,,00:24:2C:58:5B:F8,2C:81:58:F5:37:8E,0x62,,,,,,64,0,0,84,86016,8,0,8111,3
07/11-12:20:05.943647 ,1,366,7,"ICMP PING *NIX",ICMP,192.168.137.170,,192.168.137.180,,00:24:2C:58:5B:F8,2C:81:58:F5:37:8E,0x62,,,,,,64,0,0,84,86016,8,0,8111,3
07/11-12:20:05.943647 ,1,51004,2,"PACKET RECEIVED",ICMP,192.168.137.170,,192.168.137.180,,00:24:2C:58:5B:F8,2C:81:58:F5:37:8E,0x62,,,,,,64,0,0,84,86016,8,0,8111,3
07/11-12:20:05.943647 ,1,384,5,"ICMP PING",ICMP,192.168.137.170,,192.168.137.180,,00:24:2C:58:5B:F8,2C:81:58:F5:37:8E,0x62,,,,,,64,0,0,84,86016,8,0,8111,3
07/11-12:20:05.943682 ,1,408,5,"ICMP Echo Reply",ICMP,192.168.137.180,,192.168.137.170,,2C:81:58:F5:37:8E,00:24:2C:58:5B:F8,0x62,,,,,,64,0,35870,84,86016,0,0,8111,3
07/11-12:20:06.243006 ,1,368,6,"ICMP PING BSDtype",ICMP,192.168.137.170,,192.168.137.180,,00:24:2C:58:5B:F8,2C:81:58:F5:37:8E,0x62,,,,,,64,0,0,84,86016,8,0,8111,4
07/11-12:20:06.243006 ,1,366,7,"ICMP PING *NIX",ICMP,192.168.137.170,,192.168.137.180,,00:24:2C:58:5B:F8,2C:81:58:F5:37:8E,0x62,,,,,,64,0,0,84,86016,8,0,8111,4
07/11-12:20:06.243006 ,1,51004,2,"PACKET RECEIVED",ICMP,192.168.137.170,,192.168.137.180,,00:24:2C:58:5B:F8,2C:81:58:F5:37:8E,0x62,,,,,,64,0,0,84,86016,8,0,8111,4
07/11-12:20:06.243006 ,1,384,5,"ICMP PING",ICMP,192.168.137.170,,192.168.137.180,,00:24:2C:58:5B:F8,2C:81:58:F5:37:8E,0x62,,,,,,64,0,0,84,86016,8,0,8111,4
07/11-12:20:06.243062 ,1,408,5,"ICMP Echo Reply",ICMP,192.168.137.180,,192.168.137.170,,2C:81:58:F5:37:8E,00:24:2C:58:5B:F8,0x62,,,,,,64,0,35871,84,86016,0,0,8111,4
07/11-12:20:06.547127 ,1,368,6,"ICMP PING BSDtype",ICMP,192.168.137.170,,192.168.137.180,,00:24:2C:58:5B:F8,2C:81:58:F5:37:8E,0x62,,,,,,64,0,0,84,86016,8,0,8111,5
07/11-12:20:06.547127 ,1,366,7,"ICMP PING *NIX",ICMP,192.168.137.170,,192.168.137.180,,00:24:2C:58:5B:F8,2C:81:58:F5:37:8E,0x62,,,,,,64,0,0,84,86016,8,0,8111,5
07/11-12:20:06.547127 ,1,51004,2,"PACKET RECEIVED",ICMP,192.168.137.170,,192.168.137.180,,00:24:2C:58:5B:F8,2C:81:58:F5:37:8E,0x62,,,,,,64,0,0,84,86016,8,0,8111,5
07/11-12:20:06.547127 ,1,384,5,"ICMP PING",ICMP,192.168.137.170,,192.168.137.180,,00:24:2C:58:5B:F8,2C:81:58:F5:37:8E,0x62,,,,,,64,0,0,84,86016,8,0,8111,5
07/11-12:20:06.547183 ,1,408,5,"ICMP Echo Reply",ICMP,192.168.137.180,,192.168.137.170,,2C:81:58:F5:37:8E,00:24:2C:58:5B:F8,0x62,,,,,,64,0,35872,84,86016,0,0,8111,5
07/11-12:20:06.849688 ,1,368,6,"ICMP PING BSDtype",ICMP,192.168.137.170,,192.168.137.180,,00:24:2C:58:5B:F8,2C:81:58:F5:37:8E,0x62,,,,,,64,0,0,84,86016,8,0,8111,6
07/11-12:20:06.849688 ,1,366,7,"ICMP PING *NIX",ICMP,192.168.137.170,,192.168.137.180,,00:24:2C:58:5B:F8,2C:81:58:F5:37:8E,0x62,,,,,,64,0,0,84,86016,8,0,8111,6
07/11-12:20:06.849688 ,1,51004,2,"PACKET RECEIVED",ICMP,192.168.137.170,,192.168.137.180,,00:24:2C:58:5B:F8,2C:81:58:F5:37:8E,0x62,,,,,,64,0,0,84,86016,8,0,8111,6
07/11-12:20:06.849688 ,1,384,5,"ICMP PING",ICMP,192.168.137.170,,192.168.137.180,,00:24:2C:58:5B:F8,2C:81:58:F5:37:8E,0x62,,,,,,64,0,0,84,86016,8,0,8111,6
07/11-12:20:06.849747 ,1,408,5,"ICMP Echo Reply",ICMP,192.168.137.180,,192.168.137.170,,2C:81:58:F5:37:8E,00:24:2C:58:5B:F8,0x62,,,,,,64,0,35873,84,86016,0,0,8111,6
07/11-12:20:07.146910 ,1,368,6,"ICMP PING BSDtype",ICMP,192.168.137.170,,192.168.137.180,,00:24:2C:58:5B:F8,2C:81:58:F5:37:8E,0x62,,,,,,64,0,0,84,86016,8,0,8111,7
07/11-12:20:07.146910 ,1,366,7,"ICMP PING *NIX",ICMP,192.168.137.170,,192.168.137.180,,00:24:2C:58:5B:F8,2C:81:58:F5:37:8E,0x62,,,,,,64,0,0,84,86016,8,0,8111,7
07/11-12:20:07.146910 ,1,51004,2,"PACKET RECEIVED",ICMP,192.168.137.170,,192.168.137.180,,00:24:2C:58:5B:F8,2C:81:58:F5:37:8E,0x62,,,,,,64,0,0,84,86016,8,0,8111,7
07/11-12:20:07.146910 ,1,384,5,"ICMP PING",ICMP,192.168.137.170,,192.168.137.180,,00:24:2C:58:5B:F8,2C:81:58:F5:37:8E,0x62,,,,,,64,0,0,84,86016,8,0,8111,7
07/11-12:20:07.146968 ,1,408,5,"ICMP Echo Reply",ICMP,192.168.137.180,,192.168.137.170,,2C:81:58:F5:37:8E,00:24:2C:58:5B:F8,0x62,,,,,,64,0,35874,84,86016,0,0,8111,7
07/11-12:20:07.447537 ,1,368,6,"ICMP PING BSDtype",ICMP,192.168.137.170,,192.168.137.180,,00:24:2C:58:5B:F8,2C:81:58:F5:37:8E,0x62,,,,,,64,0,0,84,86016,8,0,8111,8
07/11-12:20:07.447537 ,1,366,7,"ICMP PING *NIX",ICMP,192.168.137.170,,192.168.137.180,,00:24:2C:58:5B:F8,2C:81:58:F5:37:8E,0x62,,,,,,64,0,0,84,86016,8,0,8111,8
07/11-12:20:07.447537 ,1,51004,2,"PACKET RECEIVED",ICMP,192.168.137.170,,192.168.137.180,,00:24:2C:58:5B:F8,2C:81:58:F5:37:8E,0x62,,,,,,64,0,0,84,86016,8,0,8111,8
07/11-12:20:07.447537 ,1,384,5,"ICMP PING",ICMP,192.168.137.170,,192.168.137.180,,00:24:2C:58:5B:F8,2C:81:58:F5:37:8E,0x62,,,,,,64,0,0,84,86016,8,0,8111,8
07/11-12:20:07.447587 ,1,408,5,"ICMP Echo Reply",ICMP,192.168.137.180,,192.168.137.170,,2C:81:58:F5:37:8E,00:24:2C:58:5B:F8,0x62,,,,,,64,0,35875,84,86016,0,0,8111,8
07/11-12:20:07.748610 ,1,368,6,"ICMP PING BSDtype",ICMP,192.168.137.170,,192.168.137.180,,00:24:2C:58:5B:F8,2C:81:58:F5:37:8E,0x62,,,,,,64,0,0,84,86016,8,0,8111,9
07/11-12:20:07.748610 ,1,366,7,"ICMP PING *NIX",ICMP,192.168.137.170,,192.168.137.180,,00:24:2C:58:5B:F8,2C:81:58:F5:37:8E,0x62,,,,,,64,0,0,84,86016,8,0,8111,9
07/11-12:20:07.748610 ,1,51004,2,"PACKET RECEIVED",ICMP,192.168.137.170,,192.168.137.180,,00:24:2C:58:5B:F8,2C:81:58:F5:37:8E,0x62,,,,,,64,0,0,84,86016,8,0,8111,9
07/11-12:20:07.748610 ,1,384,5,"ICMP PING",ICMP,192.168.137.170,,192.168.137.180,,00:24:2C:58:5B:F8,2C:81:58:F5:37:8E,0x62,,,,,,64,0,0,84,86016,8,0,8111,9
07/11-12:20:07.748664 ,1,408,5,"ICMP Echo Reply",ICMP,192.168.137.180,,192.168.137.170,,2C:81:58:F5:37:8E,00:24:2C:58:5B:F8,0x62,,,,,,64,0,35876,84,86016,0,0,8111,9
07/11-12:20:08.049349 ,1,368,6,"ICMP PING BSDtype",ICMP,192.168.137.170,,192.168.137.180,,00:24:2C:58:5B:F8,2C:81:58:F5:37:8E,0x62,,,,,,64,0,0,84,86016,8,0,8111,10
07/11-12:20:08.049349 ,1,366,7,"ICMP PING *NIX",ICMP,192.168.137.170,,192.168.137.180,,00:24:2C:58:5B:F8,2C:81:58:F5:37:8E,0x62,,,,,,64,0,0,84,86016,8,0,8111,10
07/11-12:20:08.049349 ,1,51004,2,"PACKET RECEIVED",ICMP,192.168.137.170,,192.168.137.180,,00:24:2C:58:5B:F8,2C:81:58:F5:37:8E,0x62,,,,,,64,0,0,84,86016,8,0,8111,10
07/11-12:20:08.049349 ,1,384,5,"ICMP PING",ICMP,192.168.137.170,,192.168.137.180,,00:24:2C:58:5B:F8,2C:81:58:F5:37:8E,0x62,,,,,,64,0,0,84,86016,8,0,8111,10
07/11-12:20:08.049407 ,1,408,5,"ICMP Echo Reply",ICMP,192.168.137.180,,192.168.137.170,,2C:81:58:F5:37:8E,00:24:2C:58:5B:F8,0x62,,,,,,64,0,35877,84,86016,0,0,8111,10
07/11-12:20:08.350057 ,1,368,6,"ICMP PING BSDtype",ICMP,192.168.137.170,,192.168.137.180,,00:24:2C:58:5B:F8,2C:81:58:F5:37:8E,0x62,,,,,,64,0,0,84,86016,8,0,8111,11
07/11-12:20:08.350057 ,1,366,7,"ICMP PING *NIX",ICMP,192.168.137.170,,192.168.137.180,,00:24:2C:58:5B:F8,2C:81:58:F5:37:8E,0x62,,,,,,64,0,0,84,86016,8,0,8111,11
07/11-12:20:08.350057 ,1,51004,2,"PACKET RECEIVED",ICMP,192.168.137.170,,192.168.137.180,,00:24:2C:58:5B:F8,2C:81:58:F5:37:8E,0x62,,,,,,64,0,0,84,86016,8,0,8111,11
07/11-12:20:08.350057 ,1,384,5,"ICMP PING",ICMP,192.168.137.170,,192.168.137.180,,00:24:2C:58:5B:F8,2C:81:58:F5:37:8E,0x62,,,,,,64,0,0,84,86016,8,0,8111,11
07/11-12:20:08.350115 ,1,408,5,"ICMP Echo Reply",ICMP,192.168.137.180,,192.168.137.170,,2C:81:58:F5:37:8E,00:24:2C:58:5B:F8,0x62,,,,,,64,0,35878,84,86016,0,0,8111,11
07/11-12:20:08.651439 ,1,368,6,"ICMP PING BSDtype",ICMP,192.168.137.170,,192.168.137.180,,00:24:2C:58:5B:F8,2C:81:58:F5:37:8E,0x62,,,,,,64,0,0,84,86016,8,0,8111,12
07/11-12:20:08.651439 ,1,366,7,"ICMP PING *NIX",ICMP,192.168.137.170,,192.168.137.180,,00:24:2C:58:5B:F8,2C:81:58:F5:37:8E,0x62,,,,,,64,0,0,84,86016,8,0,8111,12
07/11-12:20:08.651439 ,1,51004,2,"PACKET RECEIVED",ICMP,192.168.137.170,,192.168.137.180,,00:24:2C:58:5B:F8,2C:81:58:F5:37:8E,0x62,,,,,,64,0,0,84,86016,8,0,8111,12
07/11-12:20:08.651439 ,1,384,5,"ICMP PING",ICMP,192.168.137.170,,192.168.137.180,,00:24:2C:58:5B:F8,2C:81:58:F5:37:8E,0x62,,,,,,64,0,0,84,86016,8,0,8111,12
07/11-12:20:08.651491 ,1,408,5,"ICMP Echo Reply",ICMP,192.168.137.180,,192.168.137.170,,2C:81:58:F5:37:8E,00:24:2C:58:5B:F8,0x62,,,,,,64,0,35879,84,86016,0,0,8111,12
07/11-12:20:08.952075 ,1,368,6,"ICMP PING BSDtype",ICMP,192.168.137.170,,192.168.137.180,,00:24:2C:58:5B:F8,2C:81:58:F5:37:8E,0x62,,,,,,64,0,0,84,86016,8,0,8111,13
07/11-12:20:08.952075 ,1,366,7,"ICMP PING *NIX",ICMP,192.168.137.170,,192.168.137.180,,00:24:2C:58:5B:F8,2C:81:58:F5:37:8E,0x62,,,,,,64,0,0,84,86016,8,0,8111,13
07/11-12:20:08.952075 ,1,51004,2,"PACKET RECEIVED",ICMP,192.168.137.170,,192.168.137.180,,00:24:2C:58:5B:F8,2C:81:58:F5:37:8E,0x62,,,,,,64,0,0,84,86016,8,0,8111,13
07/11-12:20:08.952075 ,1,384,5,"ICMP PING",ICMP,192.168.137.170,,192.168.137.180,,00:24:2C:58:5B:F8,2C:81:58:F5:37:8E,0x62,,,,,,64,0,0,84,86016,8,0,8111,13
07/11-12:20:08.952118 ,1,408,5,"ICMP Echo Reply",ICMP,192.168.137.180,,192.168.137.170,,2C:81:58:F5:37:8E,00:24:2C:58:5B:F8,0x62,,,,,,64,0,35880,84,86016,0,0,8111,13
07/11-12:20:09.253238 ,1,368,6,"ICMP PING BSDtype",ICMP,192.168.137.170,,192.168.137.180,,00:24:2C:58:5B:F8,2C:81:58:F5:37:8E,0x62,,,,,,64,0,0,84,86016,8,0,8111,14
07/11-12:20:09.253238 ,1,366,7,"ICMP PING *NIX",ICMP,192.168.137.170,,192.168.137.180,,00:24:2C:58:5B:F8,2C:81:58:F5:37:8E,0x62,,,,,,64,0,0,84,86016,8,0,8111,14
07/11-12:20:09.253238 ,1,51004,2,"PACKET RECEIVED",ICMP,192.168.137.170,,192.168.137.180,,00:24:2C:58:5B:F8,2C:81:58:F5:37:8E,0x62,,,,,,64,0,0,84,86016,8,0,8111,14
07/11-12:20:09.253238 ,1,384,5,"ICMP PING",ICMP,192.168.137.170,,192.168.137.180,,00:24:2C:58:5B:F8,2C:81:58:F5:37:8E,0x62,,,,,,64,0,0,84,86016,8,0,8111,14
07/11-12:20:09.253297 ,1,408,5,"ICMP Echo Reply",ICMP,192.168.137.180,,192.168.137.170,,2C:81:58:F5:37:8E,00:24:2C:58:5B:F8,0x62,,,,,,64,0,35881,84,86016,0,0,8111,14
07/11-12:20:09.554212 ,1,368,6,"ICMP PING BSDtype",ICMP,192.168.137.170,,192.168.137.180,,00:24:2C:58:5B:F8,2C:81:58:F5:37:8E,0x62,,,,,,64,0,0,84,86016,8,0,8111,15
07/11-12:20:09.554212 ,1,366,7,"ICMP PING *NIX",ICMP,192.168.137.170,,192.168.137.180,,00:24:2C:58:5B:F8,2C:81:58:F5:37:8E,0x62,,,,,,64,0,0,84,86016,8,0,8111,15
07/11-12:20:09.554212 ,1,51004,2,"PACKET RECEIVED",ICMP,192.168.137.170,,192.168.137.180,,00:24:2C:58:5B:F8,2C:81:58:F5:37:8E,0x62,,,,,,64,0,0,84,86016,8,0,8111,15
07/11-12:20:09.554212 ,1,384,5,"ICMP PING",ICMP,192.168.137.170,,192.168.137.180,,00:24:2C:58:5B:F8,2C:81:58:F5:37:8E,0x62,,,,,,64,0,0,84,86016,8,0,8111,15
07/11-12:20:09.554265 ,1,408,5,"ICMP Echo Reply",ICMP,192.168.137.180,,192.168.137.170,,2C:81:58:F5:37:8E,00:24:2C:58:5B:F8,0x62,,,,,,64,0,35882,84,86016,0,0,8111,15
07/11-12:20:09.855651 ,1,368,6,"ICMP PING BSDtype",ICMP,192.168.137.170,,192.168.137.180,,00:24:2C:58:5B:F8,2C:81:58:F5:37:8E,0x62,,,,,,64,0,0,84,86016,8,0,8111,16
07/11-12:20:09.855651 ,1,366,7,"ICMP PING *NIX",ICMP,192.168.137.170,,192.168.137.180,,00:24:2C:58:5B:F8,2C:81:58:F5:37:8E,0x62,,,,,,64,0,0,84,86016,8,0,8111,16
07/11-12:20:09.855651 ,1,51004,2,"PACKET RECEIVED",ICMP,192.168.137.170,,192.168.137.180,,00:24:2C:58:5B:F8,2C:81:58:F5:37:8E,0x62,,,,,,64,0,0,84,86016,8,0,8111,16
07/11-12:20:09.855651 ,1,384,5,"ICMP PING",ICMP,192.168.137.170,,192.168.137.180,,00:24:2C:58:5B:F8,2C:81:58:F5:37:8E,0x62,,,,,,64,0,0,84,86016,8,0,8111,16
07/11-12:20:09.855708 ,1,408,5,"ICMP Echo Reply",ICMP,192.168.137.180,,192.168.137.170,,2C:81:58:F5:37:8E,00:24:2C:58:5B:F8,0x62,,,,,,64,0,35883,84,86016,0,0,8111,16
07/11-12:20:10.156276 ,1,368,6,"ICMP PING BSDtype",ICMP,192.168.137.170,,192.168.137.180,,00:24:2C:58:5B:F8,2C:81:58:F5:37:8E,0x62,,,,,,64,0,0,84,86016,8,0,8111,17
07/11-12:20:10.156276 ,1,366,7,"ICMP PING *NIX",ICMP,192.168.137.170,,192.168.137.180,,00:24:2C:58:5B:F8,2C:81:58:F5:37:8E,0x62,,,,,,64,0,0,84,86016,8,0,8111,17
07/11-12:20:10.156276 ,1,51004,2,"PACKET RECEIVED",ICMP,192.168.137.170,,192.168.137.180,,00:24:2C:58:5B:F8,2C:81:58:F5:37:8E,0x62,,,,,,64,0,0,84,86016,8,0,8111,17
07/11-12:20:10.156276 ,1,384,5,"ICMP PING",ICMP,192.168.137.170,,192.168.137.180,,00:24:2C:58:5B:F8,2C:81:58:F5:37:8E,0x62,,,,,,64,0,0,84,86016,8,0,8111,17
07/11-12:20:10.156330 ,1,408,5,"ICMP Echo Reply",ICMP,192.168.137.180,,192.168.137.170,,2C:81:58:F5:37:8E,00:24:2C:58:5B:F8,0x62,,,,,,64,0,35884,84,86016,0,0,8111,17
07/11-12:20:10.456814 ,1,368,6,"ICMP PING BSDtype",ICMP,192.168.137.170,,192.168.137.180,,00:24:2C:58:5B:F8,2C:81:58:F5:37:8E,0x62,,,,,,64,0,0,84,86016,8,0,8111,18
07/11-12:20:10.456814 ,1,366,7,"ICMP PING *NIX",ICMP,192.168.137.170,,192.168.137.180,,00:24:2C:58:5B:F8,2C:81:58:F5:37:8E,0x62,,,,,,64,0,0,84,86016,8,0,8111,18
07/11-12:20:10.456814 ,1,51004,2,"PACKET RECEIVED",ICMP,192.168.137.170,,192.168.137.180,,00:24:2C:58:5B:F8,2C:81:58:F5:37:8E,0x62,,,,,,64,0,0,84,86016,8,0,8111,18
07/11-12:20:10.456814 ,1,384,5,"ICMP PING",ICMP,192.168.137.170,,192.168.137.180,,00:24:2C:58:5B:F8,2C:81:58:F5:37:8E,0x62,,,,,,64,0,0,84,86016,8,0,8111,18
07/11-12:20:10.456872 ,1,408,5,"ICMP Echo Reply",ICMP,192.168.137.180,,192.168.137.170,,2C:81:58:F5:37:8E,00:24:2C:58:5B:F8,0x62,,,,,,64,0,35885,84,86016,0,0,8111,18
07/11-12:20:10.757456 ,1,368,6,"ICMP PING BSDtype",ICMP,192.168.137.170,,192.168.137.180,,00:24:2C:58:5B:F8,2C:81:58:F5:37:8E,0x62,,,,,,64,0,0,84,86016,8,0,8111,19
07/11-12:20:10.757456 ,1,366,7,"ICMP PING *NIX",ICMP,192.168.137.170,,192.168.137.180,,00:24:2C:58:5B:F8,2C:81:58:F5:37:8E,0x62,,,,,,64,0,0,84,86016,8,0,8111,19
07/11-12:20:10.757456 ,1,51004,2,"PACKET RECEIVED",ICMP,192.168.137.170,,192.168.137.180,,00:24:2C:58:5B:F8,2C:81:58:F5:37:8E,0x62,,,,,,64,0,0,84,86016,8,0,8111,19
07/11-12:20:10.757456 ,1,51000,2,"TOO MUCH PING",ICMP,192.168.137.170,,192.168.137.180,,00:24:2C:58:5B:F8,2C:81:58:F5:37:8E,0x62,,,,,,64,0,0,84,86016,8,0,8111,19
07/11-12:20:10.757456 ,1,384,5,"ICMP PING",ICMP,192.168.137.170,,192.168.137.180,,00:24:2C:58:5B:F8,2C:81:58:F5:37:8E,0x62,,,,,,64,0,0,84,86016,8,0,8111,19
07/11-12:20:10.757510 ,1,408,5,"ICMP Echo Reply",ICMP,192.168.137.180,,192.168.137.170,,2C:81:58:F5:37:8E,00:24:2C:58:5B:F8,0x62,,,,,,64,0,35886,84,86016,0,0,8111,19
07/11-12:20:11.058130 ,1,368,6,"ICMP PING BSDtype",ICMP,192.168.137.170,,192.168.137.180,,00:24:2C:58:5B:F8,2C:81:58:F5:37:8E,0x62,,,,,,64,0,0,84,86016,8,0,8111,20
07/11-12:20:11.058130 ,1,366,7,"ICMP PING *NIX",ICMP,192.168.137.170,,192.168.137.180,,00:24:2C:58:5B:F8,2C:81:58:F5:37:8E,0x62,,,,,,64,0,0,84,86016,8,0,8111,20
07/11-12:20:11.058130 ,1,51004,2,"PACKET RECEIVED",ICMP,192.168.137.170,,192.168.137.180,,00:24:2C:58:5B:F8,2C:81:58:F5:37:8E,0x62,,,,,,64,0,0,84,86016,8,0,8111,20
07/11-12:20:11.058130 ,1,384,5,"ICMP PING",ICMP,192.168.137.170,,192.168.137.180,,00:24:2C:58:5B:F8,2C:81:58:F5:37:8E,0x62,,,,,,64,0,0,84,86016,8,0,8111,20
07/11-12:20:11.058188 ,1,408,5,"ICMP Echo Reply",ICMP,192.168.137.180,,192.168.137.170,,2C:81:58:F5:37:8E,00:24:2C:58:5B:F8,0x62,,,,,,64,0,35887,84,86016,0,0,8111,20
07/11-12:20:11.358907 ,1,368,6,"ICMP PING BSDtype",ICMP,192.168.137.170,,192.168.137.180,,00:24:2C:58:5B:F8,2C:81:58:F5:37:8E,0x62,,,,,,64,0,0,84,86016,8,0,8111,21
07/11-12:20:11.358907 ,1,366,7,"ICMP PING *NIX",ICMP,192.168.137.170,,192.168.137.180,,00:24:2C:58:5B:F8,2C:81:58:F5:37:8E,0x62,,,,,,64,0,0,84,86016,8,0,8111,21
07/11-12:20:11.358907 ,1,51004,2,"PACKET RECEIVED",ICMP,192.168.137.170,,192.168.137.180,,00:24:2C:58:5B:F8,2C:81:58:F5:37:8E,0x62,,,,,,64,0,0,84,86016,8,0,8111,21
07/11-12:20:11.358907 ,1,384,5,"ICMP PING",ICMP,192.168.137.170,,192.168.137.180,,00:24:2C:58:5B:F8,2C:81:58:F5:37:8E,0x62,,,,,,64,0,0,84,86016,8,0,8111,21
07/11-12:20:11.358963 ,1,408,5,"ICMP Echo Reply",ICMP,192.168.137.180,,192.168.137.170,,2C:81:58:F5:37:8E,00:24:2C:58:5B:F8,0x62,,,,,,64,0,35888,84,86016,0,0,8111,21
07/11-12:20:11.659763 ,1,368,6,"ICMP PING BSDtype",ICMP,192.168.137.170,,192.168.137.180,,00:24:2C:58:5B:F8,2C:81:58:F5:37:8E,0x62,,,,,,64,0,0,84,86016,8,0,8111,22
07/11-12:20:11.659763 ,1,366,7,"ICMP PING *NIX",ICMP,192.168.137.170,,192.168.137.180,,00:24:2C:58:5B:F8,2C:81:58:F5:37:8E,0x62,,,,,,64,0,0,84,86016,8,0,8111,22
07/11-12:20:11.659763 ,1,51004,2,"PACKET RECEIVED",ICMP,192.168.137.170,,192.168.137.180,,00:24:2C:58:5B:F8,2C:81:58:F5:37:8E,0x62,,,,,,64,0,0,84,86016,8,0,8111,22
07/11-12:20:11.659763 ,1,384,5,"ICMP PING",ICMP,192.168.137.170,,192.168.137.180,,00:24:2C:58:5B:F8,2C:81:58:F5:37:8E,0x62,,,,,,64,0,0,84,86016,8,0,8111,22
07/11-12:20:11.659809 ,1,408,5,"ICMP Echo Reply",ICMP,192.168.137.180,,192.168.137.170,,2C:81:58:F5:37:8E,00:24:2C:58:5B:F8,0x62,,,,,,64,0,35889,84,86016,0,0,8111,22
07/11-12:20:11.959367 ,1,368,6,"ICMP PING BSDtype",ICMP,192.168.137.170,,192.168.137.180,,00:24:2C:58:5B:F8,2C:81:58:F5:37:8E,0x62,,,,,,64,0,0,84,86016,8,0,8111,23
07/11-12:20:11.959367 ,1,366,7,"ICMP PING *NIX",ICMP,192.168.137.170,,192.168.137.180,,00:24:2C:58:5B:F8,2C:81:58:F5:37:8E,0x62,,,,,,64,0,0,84,86016,8,0,8111,23
07/11-12:20:11.959367 ,1,51004,2,"PACKET RECEIVED",ICMP,192.168.137.170,,192.168.137.180,,00:24:2C:58:5B:F8,2C:81:58:F5:37:8E,0x62,,,,,,64,0,0,84,86016,8,0,8111,23
07/11-12:20:11.959367 ,1,384,5,"ICMP PING",ICMP,192.168.137.170,,192.168.137.180,,00:24:2C:58:5B:F8,2C:81:58:F5:37:8E,0x62,,,,,,64,0,0,84,86016,8,0,8111,23
07/11-12:20:11.959420 ,1,408,5,"ICMP Echo Reply",ICMP,192.168.137.180,,192.168.137.170,,2C:81:58:F5:37:8E,00:24:2C:58:5B:F8,0x62,,,,,,64,0,35890,84,86016,0,0,8111,23
07/11-12:20:12.261991 ,1,368,6,"ICMP PING BSDtype",ICMP,192.168.137.170,,192.168.137.180,,00:24:2C:58:5B:F8,2C:81:58:F5:37:8E,0x62,,,,,,64,0,0,84,86016,8,0,8111,24
07/11-12:20:12.261991 ,1,366,7,"ICMP PING *NIX",ICMP,192.168.137.170,,192.168.137.180,,00:24:2C:58:5B:F8,2C:81:58:F5:37:8E,0x62,,,,,,64,0,0,84,86016,8,0,8111,24
07/11-12:20:12.261991 ,1,51004,2,"PACKET RECEIVED",ICMP,192.168.137.170,,192.168.137.180,,00:24:2C:58:5B:F8,2C:81:58:F5:37:8E,0x62,,,,,,64,0,0,84,86016,8,0,8111,24
07/11-12:20:12.261991 ,1,384,5,"ICMP PING",ICMP,192.168.137.170,,192.168.137.180,,00:24:2C:58:5B:F8,2C:81:58:F5:37:8E,0x62,,,,,,64,0,0,84,86016,8,0,8111,24
07/11-12:20:12.262046 ,1,408,5,"ICMP Echo Reply",ICMP,192.168.137.180,,192.168.137.170,,2C:81:58:F5:37:8E,00:24:2C:58:5B:F8,0x62,,,,,,64,0,35891,84,86016,0,0,8111,24
07/11-12:20:12.562705 ,1,368,6,"ICMP PING BSDtype",ICMP,192.168.137.170,,192.168.137.180,,00:24:2C:58:5B:F8,2C:81:58:F5:37:8E,0x62,,,,,,64,0,0,84,86016,8,0,8111,25
07/11-12:20:12.562705 ,1,366,7,"ICMP PING *NIX",ICMP,192.168.137.170,,192.168.137.180,,00:24:2C:58:5B:F8,2C:81:58:F5:37:8E,0x62,,,,,,64,0,0,84,86016,8,0,8111,25
07/11-12:20:12.562705 ,1,51004,2,"PACKET RECEIVED",ICMP,192.168.137.170,,192.168.137.180,,00:24:2C:58:5B:F8,2C:81:58:F5:37:8E,0x62,,,,,,64,0,0,84,86016,8,0,8111,25
07/11-12:20:12.562705 ,1,384,5,"ICMP PING",ICMP,192.168.137.170,,192.168.137.180,,00:24:2C:58:5B:F8,2C:81:58:F5:37:8E,0x62,,,,,,64,0,0,84,86016,8,0,8111,25
07/11-12:20:12.562759 ,1,408,5,"ICMP Echo Reply",ICMP,192.168.137.180,,192.168.137.170,,2C:81:58:F5:37:8E,00:24:2C:58:5B:F8,0x62,,,,,,64,0,35892,84,86016,0,0,8111,25
07/11-12:20:12.863996 ,1,368,6,"ICMP PING BSDtype",ICMP,192.168.137.170,,192.168.137.180,,00:24:2C:58:5B:F8,2C:81:58:F5:37:8E,0x62,,,,,,64,0,0,84,86016,8,0,8111,26
07/11-12:20:12.863996 ,1,366,7,"ICMP PING *NIX",ICMP,192.168.137.170,,192.168.137.180,,00:24:2C:58:5B:F8,2C:81:58:F5:37:8E,0x62,,,,,,64,0,0,84,86016,8,0,8111,26
07/11-12:20:12.863996 ,1,51004,2,"PACKET RECEIVED",ICMP,192.168.137.170,,192.168.137.180,,00:24:2C:58:5B:F8,2C:81:58:F5:37:8E,0x62,,,,,,64,0,0,84,86016,8,0,8111,26
07/11-12:20:12.863996 ,1,384,5,"ICMP PING",ICMP,192.168.137.170,,192.168.137.180,,00:24:2C:58:5B:F8,2C:81:58:F5:37:8E,0x62,,,,,,64,0,0,84,86016,8,0,8111,26
07/11-12:20:12.864048 ,1,408,5,"ICMP Echo Reply",ICMP,192.168.137.180,,192.168.137.170,,2C:81:58:F5:37:8E,00:24:2C:58:5B:F8,0x62,,,,,,64,0,35893,84,86016,0,0,8111,26
07/11-12:20:13.164841 ,1,368,6,"ICMP PING BSDtype",ICMP,192.168.137.170,,192.168.137.180,,00:24:2C:58:5B:F8,2C:81:58:F5:37:8E,0x62,,,,,,64,0,0,84,86016,8,0,8111,27
07/11-12:20:13.164841 ,1,366,7,"ICMP PING *NIX",ICMP,192.168.137.170,,192.168.137.180,,00:24:2C:58:5B:F8,2C:81:58:F5:37:8E,0x62,,,,,,64,0,0,84,86016,8,0,8111,27
07/11-12:20:13.164841 ,1,51004,2,"PACKET RECEIVED",ICMP,192.168.137.170,,192.168.137.180,,00:24:2C:58:5B:F8,2C:81:58:F5:37:8E,0x62,,,,,,64,0,0,84,86016,8,0,8111,27
07/11-12:20:13.164841 ,1,384,5,"ICMP PING",ICMP,192.168.137.170,,192.168.137.180,,00:24:2C:58:5B:F8,2C:81:58:F5:37:8E,0x62,,,,,,64,0,0,84,86016,8,0,8111,27
07/11-12:20:13.164897 ,1,408,5,"ICMP Echo Reply",ICMP,192.168.137.180,,192.168.137.170,,2C:81:58:F5:37:8E,00:24:2C:58:5B:F8,0x62,,,,,,64,0,35894,84,86016,0,0,8111,27
07/11-12:20:13.466044 ,1,368,6,"ICMP PING BSDtype",ICMP,192.168.137.170,,192.168.137.180,,00:24:2C:58:5B:F8,2C:81:58:F5:37:8E,0x62,,,,,,64,0,0,84,86016,8,0,8111,28
07/11-12:20:13.466044 ,1,366,7,"ICMP PING *NIX",ICMP,192.168.137.170,,192.168.137.180,,00:24:2C:58:5B:F8,2C:81:58:F5:37:8E,0x62,,,,,,64,0,0,84,86016,8,0,8111,28
07/11-12:20:13.466044 ,1,51004,2,"PACKET RECEIVED",ICMP,192.168.137.170,,192.168.137.180,,00:24:2C:58:5B:F8,2C:81:58:F5:37:8E,0x62,,,,,,64,0,0,84,86016,8,0,8111,28
07/11-12:20:13.466044 ,1,384,5,"ICMP PING",ICMP,192.168.137.170,,192.168.137.180,,00:24:2C:58:5B:F8,2C:81:58:F5:37:8E,0x62,,,,,,64,0,0,84,86016,8,0,8111,28
07/11-12:20:13.466099 ,1,408,5,"ICMP Echo Reply",ICMP,192.168.137.180,,192.168.137.170,,2C:81:58:F5:37:8E,00:24:2C:58:5B:F8,0x62,,,,,,64,0,35895,84,86016,0,0,8111,28
07/11-12:20:13.767023 ,1,368,6,"ICMP PING BSDtype",ICMP,192.168.137.170,,192.168.137.180,,00:24:2C:58:5B:F8,2C:81:58:F5:37:8E,0x62,,,,,,64,0,0,84,86016,8,0,8111,29
07/11-12:20:13.767023 ,1,366,7,"ICMP PING *NIX",ICMP,192.168.137.170,,192.168.137.180,,00:24:2C:58:5B:F8,2C:81:58:F5:37:8E,0x62,,,,,,64,0,0,84,86016,8,0,8111,29
07/11-12:20:13.767023 ,1,51004,2,"PACKET RECEIVED",ICMP,192.168.137.170,,192.168.137.180,,00:24:2C:58:5B:F8,2C:81:58:F5:37:8E,0x62,,,,,,64,0,0,84,86016,8,0,8111,29
07/11-12:20:13.767023 ,1,51000,2,"TOO MUCH PING",ICMP,192.168.137.170,,192.168.137.180,,00:24:2C:58:5B:F8,2C:81:58:F5:37:8E,0x62,,,,,,64,0,0,84,86016,8,0,8111,29
07/11-12:20:13.767023 ,1,384,5,"ICMP PING",ICMP,192.168.137.170,,192.168.137.180,,00:24:2C:58:5B:F8,2C:81:58:F5:37:8E,0x62,,,,,,64,0,0,84,86016,8,0,8111,29
07/11-12:20:13.767077 ,1,408,5,"ICMP Echo Reply",ICMP,192.168.137.180,,192.168.137.170,,2C:81:58:F5:37:8E,00:24:2C:58:5B:F8,0x62,,,,,,64,0,35896,84,86016,0,0,8111,29
07/11-12:20:14.067283 ,1,368,6,"ICMP PING BSDtype",ICMP,192.168.137.170,,192.168.137.180,,00:24:2C:58:5B:F8,2C:81:58:F5:37:8E,0x62,,,,,,64,0,0,84,86016,8,0,8111,30
07/11-12:20:14.067283 ,1,366,7,"ICMP PING *NIX",ICMP,192.168.137.170,,192.168.137.180,,00:24:2C:58:5B:F8,2C:81:58:F5:37:8E,0x62,,,,,,64,0,0,84,86016,8,0,8111,30
07/11-12:20:14.067283 ,1,51004,2,"PACKET RECEIVED",ICMP,192.168.137.170,,192.168.137.180,,00:24:2C:58:5B:F8,2C:81:58:F5:37:8E,0x62,,,,,,64,0,0,84,86016,8,0,8111,30
07/11-12:20:14.067283 ,1,384,5,"ICMP PING",ICMP,192.168.137.170,,192.168.137.180,,00:24:2C:58:5B:F8,2C:81:58:F5:37:8E,0x62,,,,,,64,0,0,84,86016,8,0,8111,30
07/11-12:20:14.067334 ,1,408,5,"ICMP Echo Reply",ICMP,192.168.137.180,,192.168.137.170,,2C:81:58:F5:37:8E,00:24:2C:58:5B:F8,0x62,,,,,,64,0,35897,84,86016,0,0,8111,30
07/11-12:20:14.368624 ,1,368,6,"ICMP PING BSDtype",ICMP,192.168.137.170,,192.168.137.180,,00:24:2C:58:5B:F8,2C:81:58:F5:37:8E,0x62,,,,,,64,0,0,84,86016,8,0,8111,31
07/11-12:20:14.368624 ,1,366,7,"ICMP PING *NIX",ICMP,192.168.137.170,,192.168.137.180,,00:24:2C:58:5B:F8,2C:81:58:F5:37:8E,0x62,,,,,,64,0,0,84,86016,8,0,8111,31
07/11-12:20:14.368624 ,1,51004,2,"PACKET RECEIVED",ICMP,192.168.137.170,,192.168.137.180,,00:24:2C:58:5B:F8,2C:81:58:F5:37:8E,0x62,,,,,,64,0,0,84,86016,8,0,8111,31
07/11-12:20:14.368624 ,1,384,5,"ICMP PING",ICMP,192.168.137.170,,192.168.137.180,,00:24:2C:58:5B:F8,2C:81:58:F5:37:8E,0x62,,,,,,64,0,0,84,86016,8,0,8111,31
07/11-12:20:14.368679 ,1,408,5,"ICMP Echo Reply",ICMP,192.168.137.180,,192.168.137.170,,2C:81:58:F5:37:8E,00:24:2C:58:5B:F8,0x62,,,,,,64,0,35898,84,86016,0,0,8111,31
07/11-12:20:14.669867 ,1,368,6,"ICMP PING BSDtype",ICMP,192.168.137.170,,192.168.137.180,,00:24:2C:58:5B:F8,2C:81:58:F5:37:8E,0x62,,,,,,64,0,0,84,86016,8,0,8111,32
07/11-12:20:14.669867 ,1,366,7,"ICMP PING *NIX",ICMP,192.168.137.170,,192.168.137.180,,00:24:2C:58:5B:F8,2C:81:58:F5:37:8E,0x62,,,,,,64,0,0,84,86016,8,0,8111,32
07/11-12:20:14.669867 ,1,51004,2,"PACKET RECEIVED",ICMP,192.168.137.170,,192.168.137.180,,00:24:2C:58:5B:F8,2C:81:58:F5:37:8E,0x62,,,,,,64,0,0,84,86016,8,0,8111,32
07/11-12:20:14.669867 ,1,384,5,"ICMP PING",ICMP,192.168.137.170,,192.168.137.180,,00:24:2C:58:5B:F8,2C:81:58:F5:37:8E,0x62,,,,,,64,0,0,84,86016,8,0,8111,32
07/11-12:20:14.669921 ,1,408,5,"ICMP Echo Reply",ICMP,192.168.137.180,,192.168.137.170,,2C:81:58:F5:37:8E,00:24:2C:58:5B:F8,0x62,,,,,,64,0,35899,84,86016,0,0,8111,32
07/11-12:20:14.970634 ,1,368,6,"ICMP PING BSDtype",ICMP,192.168.137.170,,192.168.137.180,,00:24:2C:58:5B:F8,2C:81:58:F5:37:8E,0x62,,,,,,64,0,0,84,86016,8,0,8111,33
07/11-12:20:14.970634 ,1,366,7,"ICMP PING *NIX",ICMP,192.168.137.170,,192.168.137.180,,00:24:2C:58:5B:F8,2C:81:58:F5:37:8E,0x62,,,,,,64,0,0,84,86016,8,0,8111,33
07/11-12:20:14.970634 ,1,51004,2,"PACKET RECEIVED",ICMP,192.168.137.170,,192.168.137.180,,00:24:2C:58:5B:F8,2C:81:58:F5:37:8E,0x62,,,,,,64,0,0,84,86016,8,0,8111,33
07/11-12:20:14.970634 ,1,384,5,"ICMP PING",ICMP,192.168.137.170,,192.168.137.180,,00:24:2C:58:5B:F8,2C:81:58:F5:37:8E,0x62,,,,,,64,0,0,84,86016,8,0,8111,33
07/11-12:20:14.970688 ,1,408,5,"ICMP Echo Reply",ICMP,192.168.137.180,,192.168.137.170,,2C:81:58:F5:37:8E,00:24:2C:58:5B:F8,0x62,,,,,,64,0,35900,84,86016,0,0,8111,33
07/11-12:20:15.271581 ,1,368,6,"ICMP PING BSDtype",ICMP,192.168.137.170,,192.168.137.180,,00:24:2C:58:5B:F8,2C:81:58:F5:37:8E,0x62,,,,,,64,0,0,84,86016,8,0,8111,34
07/11-12:20:15.271581 ,1,366,7,"ICMP PING *NIX",ICMP,192.168.137.170,,192.168.137.180,,00:24:2C:58:5B:F8,2C:81:58:F5:37:8E,0x62,,,,,,64,0,0,84,86016,8,0,8111,34
07/11-12:20:15.271581 ,1,51004,2,"PACKET RECEIVED",ICMP,192.168.137.170,,192.168.137.180,,00:24:2C:58:5B:F8,2C:81:58:F5:37:8E,0x62,,,,,,64,0,0,84,86016,8,0,8111,34
07/11-12:20:15.271581 ,1,384,5,"ICMP PING",ICMP,192.168.137.170,,192.168.137.180,,00:24:2C:58:5B:F8,2C:81:58:F5:37:8E,0x62,,,,,,64,0,0,84,86016,8,0,8111,34
07/11-12:20:15.271635 ,1,408,5,"ICMP Echo Reply",ICMP,192.168.137.180,,192.168.137.170,,2C:81:58:F5:37:8E,00:24:2C:58:5B:F8,0x62,,,,,,64,0,35901,84,86016,0,0,8111,34
07/11-12:20:15.572169 ,1,368,6,"ICMP PING BSDtype",ICMP,192.168.137.170,,192.168.137.180,,00:24:2C:58:5B:F8,2C:81:58:F5:37:8E,0x62,,,,,,64,0,0,84,86016,8,0,8111,35
07/11-12:20:15.572169 ,1,366,7,"ICMP PING *NIX",ICMP,192.168.137.170,,192.168.137.180,,00:24:2C:58:5B:F8,2C:81:58:F5:37:8E,0x62,,,,,,64,0,0,84,86016,8,0,8111,35
07/11-12:20:15.572169 ,1,51004,2,"PACKET RECEIVED",ICMP,192.168.137.170,,192.168.137.180,,00:24:2C:58:5B:F8,2C:81:58:F5:37:8E,0x62,,,,,,64,0,0,84,86016,8,0,8111,35
07/11-12:20:15.572169 ,1,384,5,"ICMP PING",ICMP,192.168.137.170,,192.168.137.180,,00:24:2C:58:5B:F8,2C:81:58:F5:37:8E,0x62,,,,,,64,0,0,84,86016,8,0,8111,35
07/11-12:20:15.572221 ,1,408,5,"ICMP Echo Reply",ICMP,192.168.137.180,,192.168.137.170,,2C:81:58:F5:37:8E,00:24:2C:58:5B:F8,0x62,,,,,,64,0,35902,84,86016,0,0,8111,35
07/11-12:20:15.873167 ,1,368,6,"ICMP PING BSDtype",ICMP,192.168.137.170,,192.168.137.180,,00:24:2C:58:5B:F8,2C:81:58:F5:37:8E,0x62,,,,,,64,0,0,84,86016,8,0,8111,36
07/11-12:20:15.873167 ,1,366,7,"ICMP PING *NIX",ICMP,192.168.137.170,,192.168.137.180,,00:24:2C:58:5B:F8,2C:81:58:F5:37:8E,0x62,,,,,,64,0,0,84,86016,8,0,8111,36
07/11-12:20:15.873167 ,1,51004,2,"PACKET RECEIVED",ICMP,192.168.137.170,,192.168.137.180,,00:24:2C:58:5B:F8,2C:81:58:F5:37:8E,0x62,,,,,,64,0,0,84,86016,8,0,8111,36
07/11-12:20:15.873167 ,1,384,5,"ICMP PING",ICMP,192.168.137.170,,192.168.137.180,,00:24:2C:58:5B:F8,2C:81:58:F5:37:8E,0x62,,,,,,64,0,0,84,86016,8,0,8111,36
07/11-12:20:15.873225 ,1,408,5,"ICMP Echo Reply",ICMP,192.168.137.180,,192.168.137.170,,2C:81:58:F5:37:8E,00:24:2C:58:5B:F8,0x62,,,,,,64,0,35903,84,86016,0,0,8111,36
07/11-12:20:16.174057 ,1,368,6,"ICMP PING BSDtype",ICMP,192.168.137.170,,192.168.137.180,,00:24:2C:58:5B:F8,2C:81:58:F5:37:8E,0x62,,,,,,64,0,0,84,86016,8,0,8111,37
07/11-12:20:16.174057 ,1,366,7,"ICMP PING *NIX",ICMP,192.168.137.170,,192.168.137.180,,00:24:2C:58:5B:F8,2C:81:58:F5:37:8E,0x62,,,,,,64,0,0,84,86016,8,0,8111,37
07/11-12:20:16.174057 ,1,51004,2,"PACKET RECEIVED",ICMP,192.168.137.170,,192.168.137.180,,00:24:2C:58:5B:F8,2C:81:58:F5:37:8E,0x62,,,,,,64,0,0,84,86016,8,0,8111,37
07/11-12:20:16.174057 ,1,384,5,"ICMP PING",ICMP,192.168.137.170,,192.168.137.180,,00:24:2C:58:5B:F8,2C:81:58:F5:37:8E,0x62,,,,,,64,0,0,84,86016,8,0,8111,37
07/11-12:20:16.174114 ,1,408,5,"ICMP Echo Reply",ICMP,192.168.137.180,,192.168.137.170,,2C:81:58:F5:37:8E,00:24:2C:58:5B:F8,0x62,,,,,,64,0,35904,84,86016,0,0,8111,37
07/11-12:20:16.474869 ,1,368,6,"ICMP PING BSDtype",ICMP,192.168.137.170,,192.168.137.180,,00:24:2C:58:5B:F8,2C:81:58:F5:37:8E,0x62,,,,,,64,0,0,84,86016,8,0,8111,38
07/11-12:20:16.474869 ,1,366,7,"ICMP PING *NIX",ICMP,192.168.137.170,,192.168.137.180,,00:24:2C:58:5B:F8,2C:81:58:F5:37:8E,0x62,,,,,,64,0,0,84,86016,8,0,8111,38
07/11-12:20:16.474869 ,1,51004,2,"PACKET RECEIVED",ICMP,192.168.137.170,,192.168.137.180,,00:24:2C:58:5B:F8,2C:81:58:F5:37:8E,0x62,,,,,,64,0,0,84,86016,8,0,8111,38
07/11-12:20:16.474869 ,1,384,5,"ICMP PING",ICMP,192.168.137.170,,192.168.137.180,,00:24:2C:58:5B:F8,2C:81:58:F5:37:8E,0x62,,,,,,64,0,0,84,86016,8,0,8111,38
07/11-12:20:16.474924 ,1,408,5,"ICMP Echo Reply",ICMP,192.168.137.180,,192.168.137.170,,2C:81:58:F5:37:8E,00:24:2C:58:5B:F8,0x62,,,,,,64,0,35905,84,86016,0,0,8111,38
07/11-12:20:16.775743 ,1,368,6,"ICMP PING BSDtype",ICMP,192.168.137.170,,192.168.137.180,,00:24:2C:58:5B:F8,2C:81:58:F5:37:8E,0x62,,,,,,64,0,0,84,86016,8,0,8111,39
07/11-12:20:16.775743 ,1,366,7,"ICMP PING *NIX",ICMP,192.168.137.170,,192.168.137.180,,00:24:2C:58:5B:F8,2C:81:58:F5:37:8E,0x62,,,,,,64,0,0,84,86016,8,0,8111,39
07/11-12:20:16.775743 ,1,51004,2,"PACKET RECEIVED",ICMP,192.168.137.170,,192.168.137.180,,00:24:2C:58:5B:F8,2C:81:58:F5:37:8E,0x62,,,,,,64,0,0,84,86016,8,0,8111,39
07/11-12:20:16.775743 ,1,51000,2,"TOO MUCH PING",ICMP,192.168.137.170,,192.168.137.180,,00:24:2C:58:5B:F8,2C:81:58:F5:37:8E,0x62,,,,,,64,0,0,84,86016,8,0,8111,39
07/11-12:20:16.775743 ,1,384,5,"ICMP PING",ICMP,192.168.137.170,,192.168.137.180,,00:24:2C:58:5B:F8,2C:81:58:F5:37:8E,0x62,,,,,,64,0,0,84,86016,8,0,8111,39
07/11-12:20:16.775797 ,1,408,5,"ICMP Echo Reply",ICMP,192.168.137.180,,192.168.137.170,,2C:81:58:F5:37:8E,00:24:2C:58:5B:F8,0x62,,,,,,64,0,35906,84,86016,0,0,8111,39
07/11-12:20:17.076302 ,1,368,6,"ICMP PING BSDtype",ICMP,192.168.137.170,,192.168.137.180,,00:24:2C:58:5B:F8,2C:81:58:F5:37:8E,0x62,,,,,,64,0,0,84,86016,8,0,8111,40
07/11-12:20:17.076302 ,1,366,7,"ICMP PING *NIX",ICMP,192.168.137.170,,192.168.137.180,,00:24:2C:58:5B:F8,2C:81:58:F5:37:8E,0x62,,,,,,64,0,0,84,86016,8,0,8111,40
07/11-12:20:17.076302 ,1,51004,2,"PACKET RECEIVED",ICMP,192.168.137.170,,192.168.137.180,,00:24:2C:58:5B:F8,2C:81:58:F5:37:8E,0x62,,,,,,64,0,0,84,86016,8,0,8111,40
07/11-12:20:17.076302 ,1,384,5,"ICMP PING",ICMP,192.168.137.170,,192.168.137.180,,00:24:2C:58:5B:F8,2C:81:58:F5:37:8E,0x62,,,,,,64,0,0,84,86016,8,0,8111,40
07/11-12:20:17.076363 ,1,408,5,"ICMP Echo Reply",ICMP,192.168.137.180,,192.168.137.170,,2C:81:58:F5:37:8E,00:24:2C:58:5B:F8,0x62,,,,,,64,0,35907,84,86016,0,0,8111,40
07/11-12:20:17.375836 ,1,368,6,"ICMP PING BSDtype",ICMP,192.168.137.170,,192.168.137.180,,00:24:2C:58:5B:F8,2C:81:58:F5:37:8E,0x62,,,,,,64,0,0,84,86016,8,0,8111,41
07/11-12:20:17.375836 ,1,366,7,"ICMP PING *NIX",ICMP,192.168.137.170,,192.168.137.180,,00:24:2C:58:5B:F8,2C:81:58:F5:37:8E,0x62,,,,,,64,0,0,84,86016,8,0,8111,41
07/11-12:20:17.375836 ,1,51004,2,"PACKET RECEIVED",ICMP,192.168.137.170,,192.168.137.180,,00:24:2C:58:5B:F8,2C:81:58:F5:37:8E,0x62,,,,,,64,0,0,84,86016,8,0,8111,41
07/11-12:20:17.375836 ,1,384,5,"ICMP PING",ICMP,192.168.137.170,,192.168.137.180,,00:24:2C:58:5B:F8,2C:81:58:F5:37:8E,0x62,,,,,,64,0,0,84,86016,8,0,8111,41
07/11-12:20:17.375890 ,1,408,5,"ICMP Echo Reply",ICMP,192.168.137.180,,192.168.137.170,,2C:81:58:F5:37:8E,00:24:2C:58:5B:F8,0x62,,,,,,64,0,35908,84,86016,0,0,8111,41
07/11-12:20:17.677087 ,1,368,6,"ICMP PING BSDtype",ICMP,192.168.137.170,,192.168.137.180,,00:24:2C:58:5B:F8,2C:81:58:F5:37:8E,0x62,,,,,,64,0,0,84,86016,8,0,8111,42
07/11-12:20:17.677087 ,1,366,7,"ICMP PING *NIX",ICMP,192.168.137.170,,192.168.137.180,,00:24:2C:58:5B:F8,2C:81:58:F5:37:8E,0x62,,,,,,64,0,0,84,86016,8,0,8111,42
07/11-12:20:17.677087 ,1,51004,2,"PACKET RECEIVED",ICMP,192.168.137.170,,192.168.137.180,,00:24:2C:58:5B:F8,2C:81:58:F5:37:8E,0x62,,,,,,64,0,0,84,86016,8,0,8111,42
07/11-12:20:17.677087 ,1,384,5,"ICMP PING",ICMP,192.168.137.170,,192.168.137.180,,00:24:2C:58:5B:F8,2C:81:58:F5:37:8E,0x62,,,,,,64,0,0,84,86016,8,0,8111,42
07/11-12:20:17.677139 ,1,408,5,"ICMP Echo Reply",ICMP,192.168.137.180,,192.168.137.170,,2C:81:58:F5:37:8E,00:24:2C:58:5B:F8,0x62,,,,,,64,0,35909,84,86016,0,0,8111,42
07/11-12:20:17.979682 ,1,368,6,"ICMP PING BSDtype",ICMP,192.168.137.170,,192.168.137.180,,00:24:2C:58:5B:F8,2C:81:58:F5:37:8E,0x62,,,,,,64,0,0,84,86016,8,0,8111,43
07/11-12:20:17.979682 ,1,366,7,"ICMP PING *NIX",ICMP,192.168.137.170,,192.168.137.180,,00:24:2C:58:5B:F8,2C:81:58:F5:37:8E,0x62,,,,,,64,0,0,84,86016,8,0,8111,43
07/11-12:20:17.979682 ,1,51004,2,"PACKET RECEIVED",ICMP,192.168.137.170,,192.168.137.180,,00:24:2C:58:5B:F8,2C:81:58:F5:37:8E,0x62,,,,,,64,0,0,84,86016,8,0,8111,43
07/11-12:20:17.979682 ,1,384,5,"ICMP PING",ICMP,192.168.137.170,,192.168.137.180,,00:24:2C:58:5B:F8,2C:81:58:F5:37:8E,0x62,,,,,,64,0,0,84,86016,8,0,8111,43
07/11-12:20:17.979736 ,1,408,5,"ICMP Echo Reply",ICMP,192.168.137.180,,192.168.137.170,,2C:81:58:F5:37:8E,00:24:2C:58:5B:F8,0x62,,,,,,64,0,35910,84,86016,0,0,8111,43
07/11-12:20:18.280464 ,1,368,6,"ICMP PING BSDtype",ICMP,192.168.137.170,,192.168.137.180,,00:24:2C:58:5B:F8,2C:81:58:F5:37:8E,0x62,,,,,,64,0,0,84,86016,8,0,8111,44
07/11-12:20:18.280464 ,1,366,7,"ICMP PING *NIX",ICMP,192.168.137.170,,192.168.137.180,,00:24:2C:58:5B:F8,2C:81:58:F5:37:8E,0x62,,,,,,64,0,0,84,86016,8,0,8111,44
07/11-12:20:18.280464 ,1,51004,2,"PACKET RECEIVED",ICMP,192.168.137.170,,192.168.137.180,,00:24:2C:58:5B:F8,2C:81:58:F5:37:8E,0x62,,,,,,64,0,0,84,86016,8,0,8111,44
07/11-12:20:18.280464 ,1,384,5,"ICMP PING",ICMP,192.168.137.170,,192.168.137.180,,00:24:2C:58:5B:F8,2C:81:58:F5:37:8E,0x62,,,,,,64,0,0,84,86016,8,0,8111,44
07/11-12:20:18.280519 ,1,408,5,"ICMP Echo Reply",ICMP,192.168.137.180,,192.168.137.170,,2C:81:58:F5:37:8E,00:24:2C:58:5B:F8,0x62,,,,,,64,0,35911,84,86016,0,0,8111,44
07/11-12:20:18.581179 ,1,368,6,"ICMP PING BSDtype",ICMP,192.168.137.170,,192.168.137.180,,00:24:2C:58:5B:F8,2C:81:58:F5:37:8E,0x62,,,,,,64,0,0,84,86016,8,0,8111,45
07/11-12:20:18.581179 ,1,366,7,"ICMP PING *NIX",ICMP,192.168.137.170,,192.168.137.180,,00:24:2C:58:5B:F8,2C:81:58:F5:37:8E,0x62,,,,,,64,0,0,84,86016,8,0,8111,45
07/11-12:20:18.581179 ,1,51004,2,"PACKET RECEIVED",ICMP,192.168.137.170,,192.168.137.180,,00:24:2C:58:5B:F8,2C:81:58:F5:37:8E,0x62,,,,,,64,0,0,84,86016,8,0,8111,45
07/11-12:20:18.581179 ,1,384,5,"ICMP PING",ICMP,192.168.137.170,,192.168.137.180,,00:24:2C:58:5B:F8,2C:81:58:F5:37:8E,0x62,,,,,,64,0,0,84,86016,8,0,8111,45
07/11-12:20:18.581224 ,1,408,5,"ICMP Echo Reply",ICMP,192.168.137.180,,192.168.137.170,,2C:81:58:F5:37:8E,00:24:2C:58:5B:F8,0x62,,,,,,64,0,35912,84,86016,0,0,8111,45
07/11-12:20:18.882154 ,1,368,6,"ICMP PING BSDtype",ICMP,192.168.137.170,,192.168.137.180,,00:24:2C:58:5B:F8,2C:81:58:F5:37:8E,0x62,,,,,,64,0,0,84,86016,8,0,8111,46
07/11-12:20:18.882154 ,1,366,7,"ICMP PING *NIX",ICMP,192.168.137.170,,192.168.137.180,,00:24:2C:58:5B:F8,2C:81:58:F5:37:8E,0x62,,,,,,64,0,0,84,86016,8,0,8111,46
07/11-12:20:18.882154 ,1,51004,2,"PACKET RECEIVED",ICMP,192.168.137.170,,192.168.137.180,,00:24:2C:58:5B:F8,2C:81:58:F5:37:8E,0x62,,,,,,64,0,0,84,86016,8,0,8111,46
07/11-12:20:18.882154 ,1,384,5,"ICMP PING",ICMP,192.168.137.170,,192.168.137.180,,00:24:2C:58:5B:F8,2C:81:58:F5:37:8E,0x62,,,,,,64,0,0,84,86016,8,0,8111,46
07/11-12:20:18.882210 ,1,408,5,"ICMP Echo Reply",ICMP,192.168.137.180,,192.168.137.170,,2C:81:58:F5:37:8E,00:24:2C:58:5B:F8,0x62,,,,,,64,0,35913,84,86016,0,0,8111,46
07/11-12:20:19.183063 ,1,368,6,"ICMP PING BSDtype",ICMP,192.168.137.170,,192.168.137.180,,00:24:2C:58:5B:F8,2C:81:58:F5:37:8E,0x62,,,,,,64,0,0,84,86016,8,0,8111,47
07/11-12:20:19.183063 ,1,366,7,"ICMP PING *NIX",ICMP,192.168.137.170,,192.168.137.180,,00:24:2C:58:5B:F8,2C:81:58:F5:37:8E,0x62,,,,,,64,0,0,84,86016,8,0,8111,47
07/11-12:20:19.183063 ,1,51004,2,"PACKET RECEIVED",ICMP,192.168.137.170,,192.168.137.180,,00:24:2C:58:5B:F8,2C:81:58:F5:37:8E,0x62,,,,,,64,0,0,84,86016,8,0,8111,47
07/11-12:20:19.183063 ,1,384,5,"ICMP PING",ICMP,192.168.137.170,,192.168.137.180,,00:24:2C:58:5B:F8,2C:81:58:F5:37:8E,0x62,,,,,,64,0,0,84,86016,8,0,8111,47
07/11-12:20:19.183120 ,1,408,5,"ICMP Echo Reply",ICMP,192.168.137.180,,192.168.137.170,,2C:81:58:F5:37:8E,00:24:2C:58:5B:F8,0x62,,,,,,64,0,35914,84,86016,0,0,8111,47
07/11-12:20:19.482580 ,1,368,6,"ICMP PING BSDtype",ICMP,192.168.137.170,,192.168.137.180,,00:24:2C:58:5B:F8,2C:81:58:F5:37:8E,0x62,,,,,,64,0,0,84,86016,8,0,8111,48
07/11-12:20:19.482580 ,1,366,7,"ICMP PING *NIX",ICMP,192.168.137.170,,192.168.137.180,,00:24:2C:58:5B:F8,2C:81:58:F5:37:8E,0x62,,,,,,64,0,0,84,86016,8,0,8111,48
07/11-12:20:19.482580 ,1,51004,2,"PACKET RECEIVED",ICMP,192.168.137.170,,192.168.137.180,,00:24:2C:58:5B:F8,2C:81:58:F5:37:8E,0x62,,,,,,64,0,0,84,86016,8,0,8111,48
07/11-12:20:19.482580 ,1,384,5,"ICMP PING",ICMP,192.168.137.170,,192.168.137.180,,00:24:2C:58:5B:F8,2C:81:58:F5:37:8E,0x62,,,,,,64,0,0,84,86016,8,0,8111,48
07/11-12:20:19.482635 ,1,408,5,"ICMP Echo Reply",ICMP,192.168.137.180,,192.168.137.170,,2C:81:58:F5:37:8E,00:24:2C:58:5B:F8,0x62,,,,,,64,0,35915,84,86016,0,0,8111,48
07/11-12:20:19.784415 ,1,368,6,"ICMP PING BSDtype",ICMP,192.168.137.170,,192.168.137.180,,00:24:2C:58:5B:F8,2C:81:58:F5:37:8E,0x62,,,,,,64,0,0,84,86016,8,0,8111,49
07/11-12:20:19.784415 ,1,366,7,"ICMP PING *NIX",ICMP,192.168.137.170,,192.168.137.180,,00:24:2C:58:5B:F8,2C:81:58:F5:37:8E,0x62,,,,,,64,0,0,84,86016,8,0,8111,49
07/11-12:20:19.784415 ,1,51004,2,"PACKET RECEIVED",ICMP,192.168.137.170,,192.168.137.180,,00:24:2C:58:5B:F8,2C:81:58:F5:37:8E,0x62,,,,,,64,0,0,84,86016,8,0,8111,49
07/11-12:20:19.784415 ,1,51000,2,"TOO MUCH PING",ICMP,192.168.137.170,,192.168.137.180,,00:24:2C:58:5B:F8,2C:81:58:F5:37:8E,0x62,,,,,,64,0,0,84,86016,8,0,8111,49
07/11-12:20:19.784415 ,1,384,5,"ICMP PING",ICMP,192.168.137.170,,192.168.137.180,,00:24:2C:58:5B:F8,2C:81:58:F5:37:8E,0x62,,,,,,64,0,0,84,86016,8,0,8111,49
07/11-12:20:19.784471 ,1,408,5,"ICMP Echo Reply",ICMP,192.168.137.180,,192.168.137.170,,2C:81:58:F5:37:8E,00:24:2C:58:5B:F8,0x62,,,,,,64,0,35916,84,86016,0,0,8111,49
07/11-12:20:20.083949 ,1,368,6,"ICMP PING BSDtype",ICMP,192.168.137.170,,192.168.137.180,,00:24:2C:58:5B:F8,2C:81:58:F5:37:8E,0x62,,,,,,64,0,0,84,86016,8,0,8111,50
07/11-12:20:20.083949 ,1,366,7,"ICMP PING *NIX",ICMP,192.168.137.170,,192.168.137.180,,00:24:2C:58:5B:F8,2C:81:58:F5:37:8E,0x62,,,,,,64,0,0,84,86016,8,0,8111,50
07/11-12:20:20.083949 ,1,51004,2,"PACKET RECEIVED",ICMP,192.168.137.170,,192.168.137.180,,00:24:2C:58:5B:F8,2C:81:58:F5:37:8E,0x62,,,,,,64,0,0,84,86016,8,0,8111,50
07/11-12:20:20.083949 ,1,384,5,"ICMP PING",ICMP,192.168.137.170,,192.168.137.180,,00:24:2C:58:5B:F8,2C:81:58:F5:37:8E,0x62,,,,,,64,0,0,84,86016,8,0,8111,50
07/11-12:20:20.084003 ,1,408,5,"ICMP Echo Reply",ICMP,192.168.137.180,,192.168.137.170,,2C:81:58:F5:37:8E,00:24:2C:58:5B:F8,0x62,,,,,,64,0,35917,84,86016,0,0,8111,50
07/11-12:20:20.386535 ,1,368,6,"ICMP PING BSDtype",ICMP,192.168.137.170,,192.168.137.180,,00:24:2C:58:5B:F8,2C:81:58:F5:37:8E,0x62,,,,,,64,0,0,84,86016,8,0,8111,51
07/11-12:20:20.386535 ,1,366,7,"ICMP PING *NIX",ICMP,192.168.137.170,,192.168.137.180,,00:24:2C:58:5B:F8,2C:81:58:F5:37:8E,0x62,,,,,,64,0,0,84,86016,8,0,8111,51
07/11-12:20:20.386535 ,1,51004,2,"PACKET RECEIVED",ICMP,192.168.137.170,,192.168.137.180,,00:24:2C:58:5B:F8,2C:81:58:F5:37:8E,0x62,,,,,,64,0,0,84,86016,8,0,8111,51
07/11-12:20:20.386535 ,1,384,5,"ICMP PING",ICMP,192.168.137.170,,192.168.137.180,,00:24:2C:58:5B:F8,2C:81:58:F5:37:8E,0x62,,,,,,64,0,0,84,86016,8,0,8111,51
07/11-12:20:20.386594 ,1,408,5,"ICMP Echo Reply",ICMP,192.168.137.180,,192.168.137.170,,2C:81:58:F5:37:8E,00:24:2C:58:5B:F8,0x62,,,,,,64,0,35918,84,86016,0,0,8111,51
07/11-12:20:20.687361 ,1,368,6,"ICMP PING BSDtype",ICMP,192.168.137.170,,192.168.137.180,,00:24:2C:58:5B:F8,2C:81:58:F5:37:8E,0x62,,,,,,64,0,0,84,86016,8,0,8111,52
07/11-12:20:20.687361 ,1,366,7,"ICMP PING *NIX",ICMP,192.168.137.170,,192.168.137.180,,00:24:2C:58:5B:F8,2C:81:58:F5:37:8E,0x62,,,,,,64,0,0,84,86016,8,0,8111,52
07/11-12:20:20.687361 ,1,51004,2,"PACKET RECEIVED",ICMP,192.168.137.170,,192.168.137.180,,00:24:2C:58:5B:F8,2C:81:58:F5:37:8E,0x62,,,,,,64,0,0,84,86016,8,0,8111,52
07/11-12:20:20.687361 ,1,384,5,"ICMP PING",ICMP,192.168.137.170,,192.168.137.180,,00:24:2C:58:5B:F8,2C:81:58:F5:37:8E,0x62,,,,,,64,0,0,84,86016,8,0,8111,52
07/11-12:20:20.687417 ,1,408,5,"ICMP Echo Reply",ICMP,192.168.137.180,,192.168.137.170,,2C:81:58:F5:37:8E,00:24:2C:58:5B:F8,0x62,,,,,,64,0,35919,84,86016,0,0,8111,52
07/11-12:20:20.988277 ,1,368,6,"ICMP PING BSDtype",ICMP,192.168.137.170,,192.168.137.180,,00:24:2C:58:5B:F8,2C:81:58:F5:37:8E,0x62,,,,,,64,0,0,84,86016,8,0,8111,53
07/11-12:20:20.988277 ,1,366,7,"ICMP PING *NIX",ICMP,192.168.137.170,,192.168.137.180,,00:24:2C:58:5B:F8,2C:81:58:F5:37:8E,0x62,,,,,,64,0,0,84,86016,8,0,8111,53
07/11-12:20:20.988277 ,1,51004,2,"PACKET RECEIVED",ICMP,192.168.137.170,,192.168.137.180,,00:24:2C:58:5B:F8,2C:81:58:F5:37:8E,0x62,,,,,,64,0,0,84,86016,8,0,8111,53
07/11-12:20:20.988277 ,1,384,5,"ICMP PING",ICMP,192.168.137.170,,192.168.137.180,,00:24:2C:58:5B:F8,2C:81:58:F5:37:8E,0x62,,,,,,64,0,0,84,86016,8,0,8111,53
07/11-12:20:20.988331 ,1,408,5,"ICMP Echo Reply",ICMP,192.168.137.180,,192.168.137.170,,2C:81:58:F5:37:8E,00:24:2C:58:5B:F8,0x62,,,,,,64,0,35920,84,86016,0,0,8111,53
07/11-12:20:21.288973 ,1,368,6,"ICMP PING BSDtype",ICMP,192.168.137.170,,192.168.137.180,,00:24:2C:58:5B:F8,2C:81:58:F5:37:8E,0x62,,,,,,64,0,0,84,86016,8,0,8111,54
07/11-12:20:21.288973 ,1,366,7,"ICMP PING *NIX",ICMP,192.168.137.170,,192.168.137.180,,00:24:2C:58:5B:F8,2C:81:58:F5:37:8E,0x62,,,,,,64,0,0,84,86016,8,0,8111,54
07/11-12:20:21.288973 ,1,51004,2,"PACKET RECEIVED",ICMP,192.168.137.170,,192.168.137.180,,00:24:2C:58:5B:F8,2C:81:58:F5:37:8E,0x62,,,,,,64,0,0,84,86016,8,0,8111,54
07/11-12:20:21.288973 ,1,384,5,"ICMP PING",ICMP,192.168.137.170,,192.168.137.180,,00:24:2C:58:5B:F8,2C:81:58:F5:37:8E,0x62,,,,,,64,0,0,84,86016,8,0,8111,54
07/11-12:20:21.289014 ,1,408,5,"ICMP Echo Reply",ICMP,192.168.137.180,,192.168.137.170,,2C:81:58:F5:37:8E,00:24:2C:58:5B:F8,0x62,,,,,,64,0,35921,84,86016,0,0,8111,54
07/11-12:20:21.592142 ,1,368,6,"ICMP PING BSDtype",ICMP,192.168.137.170,,192.168.137.180,,00:24:2C:58:5B:F8,2C:81:58:F5:37:8E,0x62,,,,,,64,0,0,84,86016,8,0,8111,55
07/11-12:20:21.592142 ,1,366,7,"ICMP PING *NIX",ICMP,192.168.137.170,,192.168.137.180,,00:24:2C:58:5B:F8,2C:81:58:F5:37:8E,0x62,,,,,,64,0,0,84,86016,8,0,8111,55
07/11-12:20:21.592142 ,1,51004,2,"PACKET RECEIVED",ICMP,192.168.137.170,,192.168.137.180,,00:24:2C:58:5B:F8,2C:81:58:F5:37:8E,0x62,,,,,,64,0,0,84,86016,8,0,8111,55
07/11-12:20:21.592142 ,1,384,5,"ICMP PING",ICMP,192.168.137.170,,192.168.137.180,,00:24:2C:58:5B:F8,2C:81:58:F5:37:8E,0x62,,,,,,64,0,0,84,86016,8,0,8111,55
07/11-12:20:21.592198 ,1,408,5,"ICMP Echo Reply",ICMP,192.168.137.180,,192.168.137.170,,2C:81:58:F5:37:8E,00:24:2C:58:5B:F8,0x62,,,,,,64,0,35922,84,86016,0,0,8111,55
07/11-12:20:21.891141 ,1,368,6,"ICMP PING BSDtype",ICMP,192.168.137.170,,192.168.137.180,,00:24:2C:58:5B:F8,2C:81:58:F5:37:8E,0x62,,,,,,64,0,0,84,86016,8,0,8111,56
07/11-12:20:21.891141 ,1,366,7,"ICMP PING *NIX",ICMP,192.168.137.170,,192.168.137.180,,00:24:2C:58:5B:F8,2C:81:58:F5:37:8E,0x62,,,,,,64,0,0,84,86016,8,0,8111,56
07/11-12:20:21.891141 ,1,51004,2,"PACKET RECEIVED",ICMP,192.168.137.170,,192.168.137.180,,00:24:2C:58:5B:F8,2C:81:58:F5:37:8E,0x62,,,,,,64,0,0,84,86016,8,0,8111,56
07/11-12:20:21.891141 ,1,384,5,"ICMP PING",ICMP,192.168.137.170,,192.168.137.180,,00:24:2C:58:5B:F8,2C:81:58:F5:37:8E,0x62,,,,,,64,0,0,84,86016,8,0,8111,56
07/11-12:20:21.891199 ,1,408,5,"ICMP Echo Reply",ICMP,192.168.137.180,,192.168.137.170,,2C:81:58:F5:37:8E,00:24:2C:58:5B:F8,0x62,,,,,,64,0,35923,84,86016,0,0,8111,56
07/11-12:20:22.192057 ,1,368,6,"ICMP PING BSDtype",ICMP,192.168.137.170,,192.168.137.180,,00:24:2C:58:5B:F8,2C:81:58:F5:37:8E,0x62,,,,,,64,0,0,84,86016,8,0,8111,57
07/11-12:20:22.192057 ,1,366,7,"ICMP PING *NIX",ICMP,192.168.137.170,,192.168.137.180,,00:24:2C:58:5B:F8,2C:81:58:F5:37:8E,0x62,,,,,,64,0,0,84,86016,8,0,8111,57
07/11-12:20:22.192057 ,1,51004,2,"PACKET RECEIVED",ICMP,192.168.137.170,,192.168.137.180,,00:24:2C:58:5B:F8,2C:81:58:F5:37:8E,0x62,,,,,,64,0,0,84,86016,8,0,8111,57
07/11-12:20:22.192057 ,1,384,5,"ICMP PING",ICMP,192.168.137.170,,192.168.137.180,,00:24:2C:58:5B:F8,2C:81:58:F5:37:8E,0x62,,,,,,64,0,0,84,86016,8,0,8111,57
07/11-12:20:22.192113 ,1,408,5,"ICMP Echo Reply",ICMP,192.168.137.180,,192.168.137.170,,2C:81:58:F5:37:8E,00:24:2C:58:5B:F8,0x62,,,,,,64,0,35924,84,86016,0,0,8111,57
07/11-12:20:22.492896 ,1,368,6,"ICMP PING BSDtype",ICMP,192.168.137.170,,192.168.137.180,,00:24:2C:58:5B:F8,2C:81:58:F5:37:8E,0x62,,,,,,64,0,0,84,86016,8,0,8111,58
07/11-12:20:22.492896 ,1,366,7,"ICMP PING *NIX",ICMP,192.168.137.170,,192.168.137.180,,00:24:2C:58:5B:F8,2C:81:58:F5:37:8E,0x62,,,,,,64,0,0,84,86016,8,0,8111,58
07/11-12:20:22.492896 ,1,51004,2,"PACKET RECEIVED",ICMP,192.168.137.170,,192.168.137.180,,00:24:2C:58:5B:F8,2C:81:58:F5:37:8E,0x62,,,,,,64,0,0,84,86016,8,0,8111,58
07/11-12:20:22.492896 ,1,384,5,"ICMP PING",ICMP,192.168.137.170,,192.168.137.180,,00:24:2C:58:5B:F8,2C:81:58:F5:37:8E,0x62,,,,,,64,0,0,84,86016,8,0,8111,58
07/11-12:20:22.492952 ,1,408,5,"ICMP Echo Reply",ICMP,192.168.137.180,,192.168.137.170,,2C:81:58:F5:37:8E,00:24:2C:58:5B:F8,0x62,,,,,,64,0,35925,84,86016,0,0,8111,58
07/11-12:20:22.793687 ,1,368,6,"ICMP PING BSDtype",ICMP,192.168.137.170,,192.168.137.180,,00:24:2C:58:5B:F8,2C:81:58:F5:37:8E,0x62,,,,,,64,0,0,84,86016,8,0,8111,59
07/11-12:20:22.793687 ,1,366,7,"ICMP PING *NIX",ICMP,192.168.137.170,,192.168.137.180,,00:24:2C:58:5B:F8,2C:81:58:F5:37:8E,0x62,,,,,,64,0,0,84,86016,8,0,8111,59
07/11-12:20:22.793687 ,1,51004,2,"PACKET RECEIVED",ICMP,192.168.137.170,,192.168.137.180,,00:24:2C:58:5B:F8,2C:81:58:F5:37:8E,0x62,,,,,,64,0,0,84,86016,8,0,8111,59
07/11-12:20:22.793687 ,1,51000,2,"TOO MUCH PING",ICMP,192.168.137.170,,192.168.137.180,,00:24:2C:58:5B:F8,2C:81:58:F5:37:8E,0x62,,,,,,64,0,0,84,86016,8,0,8111,59
07/11-12:20:22.793687 ,1,384,5,"ICMP PING",ICMP,192.168.137.170,,192.168.137.180,,00:24:2C:58:5B:F8,2C:81:58:F5:37:8E,0x62,,,,,,64,0,0,84,86016,8,0,8111,59
07/11-12:20:22.793741 ,1,408,5,"ICMP Echo Reply",ICMP,192.168.137.180,,192.168.137.170,,2C:81:58:F5:37:8E,00:24:2C:58:5B:F8,0x62,,,,,,64,0,35926,84,86016,0,0,8111,59
07/11-12:20:23.092979 ,1,368,6,"ICMP PING BSDtype",ICMP,192.168.137.170,,192.168.137.180,,00:24:2C:58:5B:F8,2C:81:58:F5:37:8E,0x62,,,,,,64,0,0,84,86016,8,0,8111,60
07/11-12:20:23.092979 ,1,366,7,"ICMP PING *NIX",ICMP,192.168.137.170,,192.168.137.180,,00:24:2C:58:5B:F8,2C:81:58:F5:37:8E,0x62,,,,,,64,0,0,84,86016,8,0,8111,60
07/11-12:20:23.092979 ,1,51004,2,"PACKET RECEIVED",ICMP,192.168.137.170,,192.168.137.180,,00:24:2C:58:5B:F8,2C:81:58:F5:37:8E,0x62,,,,,,64,0,0,84,86016,8,0,8111,60
07/11-12:20:23.092979 ,1,384,5,"ICMP PING",ICMP,192.168.137.170,,192.168.137.180,,00:24:2C:58:5B:F8,2C:81:58:F5:37:8E,0x62,,,,,,64,0,0,84,86016,8,0,8111,60
07/11-12:20:23.093017 ,1,408,5,"ICMP Echo Reply",ICMP,192.168.137.180,,192.168.137.170,,2C:81:58:F5:37:8E,00:24:2C:58:5B:F8,0x62,,,,,,64,0,35927,84,86016,0,0,8111,60
07/11-12:20:23.395672 ,1,368,6,"ICMP PING BSDtype",ICMP,192.168.137.170,,192.168.137.180,,00:24:2C:58:5B:F8,2C:81:58:F5:37:8E,0x62,,,,,,64,0,0,84,86016,8,0,8111,61
07/11-12:20:23.395672 ,1,366,7,"ICMP PING *NIX",ICMP,192.168.137.170,,192.168.137.180,,00:24:2C:58:5B:F8,2C:81:58:F5:37:8E,0x62,,,,,,64,0,0,84,86016,8,0,8111,61
07/11-12:20:23.395672 ,1,51004,2,"PACKET RECEIVED",ICMP,192.168.137.170,,192.168.137.180,,00:24:2C:58:5B:F8,2C:81:58:F5:37:8E,0x62,,,,,,64,0,0,84,86016,8,0,8111,61
07/11-12:20:23.395672 ,1,384,5,"ICMP PING",ICMP,192.168.137.170,,192.168.137.180,,00:24:2C:58:5B:F8,2C:81:58:F5:37:8E,0x62,,,,,,64,0,0,84,86016,8,0,8111,61
07/11-12:20:23.395728 ,1,408,5,"ICMP Echo Reply",ICMP,192.168.137.180,,192.168.137.170,,2C:81:58:F5:37:8E,00:24:2C:58:5B:F8,0x62,,,,,,64,0,35928,84,86016,0,0,8111,61
07/11-12:20:23.696509 ,1,368,6,"ICMP PING BSDtype",ICMP,192.168.137.170,,192.168.137.180,,00:24:2C:58:5B:F8,2C:81:58:F5:37:8E,0x62,,,,,,64,0,0,84,86016,8,0,8111,62
07/11-12:20:23.696509 ,1,366,7,"ICMP PING *NIX",ICMP,192.168.137.170,,192.168.137.180,,00:24:2C:58:5B:F8,2C:81:58:F5:37:8E,0x62,,,,,,64,0,0,84,86016,8,0,8111,62
07/11-12:20:23.696509 ,1,51004,2,"PACKET RECEIVED",ICMP,192.168.137.170,,192.168.137.180,,00:24:2C:58:5B:F8,2C:81:58:F5:37:8E,0x62,,,,,,64,0,0,84,86016,8,0,8111,62
07/11-12:20:23.696509 ,1,384,5,"ICMP PING",ICMP,192.168.137.170,,192.168.137.180,,00:24:2C:58:5B:F8,2C:81:58:F5:37:8E,0x62,,,,,,64,0,0,84,86016,8,0,8111,62
07/11-12:20:23.696565 ,1,408,5,"ICMP Echo Reply",ICMP,192.168.137.180,,192.168.137.170,,2C:81:58:F5:37:8E,00:24:2C:58:5B:F8,0x62,,,,,,64,0,35929,84,86016,0,0,8111,62
07/11-12:20:23.997338 ,1,368,6,"ICMP PING BSDtype",ICMP,192.168.137.170,,192.168.137.180,,00:24:2C:58:5B:F8,2C:81:58:F5:37:8E,0x62,,,,,,64,0,0,84,86016,8,0,8111,63
07/11-12:20:23.997338 ,1,366,7,"ICMP PING *NIX",ICMP,192.168.137.170,,192.168.137.180,,00:24:2C:58:5B:F8,2C:81:58:F5:37:8E,0x62,,,,,,64,0,0,84,86016,8,0,8111,63
07/11-12:20:23.997338 ,1,51004,2,"PACKET RECEIVED",ICMP,192.168.137.170,,192.168.137.180,,00:24:2C:58:5B:F8,2C:81:58:F5:37:8E,0x62,,,,,,64,0,0,84,86016,8,0,8111,63
07/11-12:20:23.997338 ,1,384,5,"ICMP PING",ICMP,192.168.137.170,,192.168.137.180,,00:24:2C:58:5B:F8,2C:81:58:F5:37:8E,0x62,,,,,,64,0,0,84,86016,8,0,8111,63
07/11-12:20:23.997393 ,1,408,5,"ICMP Echo Reply",ICMP,192.168.137.180,,192.168.137.170,,2C:81:58:F5:37:8E,00:24:2C:58:5B:F8,0x62,,,,,,64,0,35930,84,86016,0,0,8111,63
07/11-12:20:24.298104 ,1,368,6,"ICMP PING BSDtype",ICMP,192.168.137.170,,192.168.137.180,,00:24:2C:58:5B:F8,2C:81:58:F5:37:8E,0x62,,,,,,64,0,0,84,86016,8,0,8111,64
07/11-12:20:24.298104 ,1,366,7,"ICMP PING *NIX",ICMP,192.168.137.170,,192.168.137.180,,00:24:2C:58:5B:F8,2C:81:58:F5:37:8E,0x62,,,,,,64,0,0,84,86016,8,0,8111,64
07/11-12:20:24.298104 ,1,51004,2,"PACKET RECEIVED",ICMP,192.168.137.170,,192.168.137.180,,00:24:2C:58:5B:F8,2C:81:58:F5:37:8E,0x62,,,,,,64,0,0,84,86016,8,0,8111,64
07/11-12:20:24.298104 ,1,384,5,"ICMP PING",ICMP,192.168.137.170,,192.168.137.180,,00:24:2C:58:5B:F8,2C:81:58:F5:37:8E,0x62,,,,,,64,0,0,84,86016,8,0,8111,64
07/11-12:20:24.298161 ,1,408,5,"ICMP Echo Reply",ICMP,192.168.137.180,,192.168.137.170,,2C:81:58:F5:37:8E,00:24:2C:58:5B:F8,0x62,,,,,,64,0,35931,84,86016,0,0,8111,64
07/11-12:20:24.597938 ,1,368,6,"ICMP PING BSDtype",ICMP,192.168.137.170,,192.168.137.180,,00:24:2C:58:5B:F8,2C:81:58:F5:37:8E,0x62,,,,,,64,0,0,84,86016,8,0,8111,65
07/11-12:20:24.597938 ,1,366,7,"ICMP PING *NIX",ICMP,192.168.137.170,,192.168.137.180,,00:24:2C:58:5B:F8,2C:81:58:F5:37:8E,0x62,,,,,,64,0,0,84,86016,8,0,8111,65
07/11-12:20:24.597938 ,1,51004,2,"PACKET RECEIVED",ICMP,192.168.137.170,,192.168.137.180,,00:24:2C:58:5B:F8,2C:81:58:F5:37:8E,0x62,,,,,,64,0,0,84,86016,8,0,8111,65
07/11-12:20:24.597938 ,1,384,5,"ICMP PING",ICMP,192.168.137.170,,192.168.137.180,,00:24:2C:58:5B:F8,2C:81:58:F5:37:8E,0x62,,,,,,64,0,0,84,86016,8,0,8111,65
07/11-12:20:24.597990 ,1,408,5,"ICMP Echo Reply",ICMP,192.168.137.180,,192.168.137.170,,2C:81:58:F5:37:8E,00:24:2C:58:5B:F8,0x62,,,,,,64,0,35932,84,86016,0,0,8111,65
07/11-12:20:24.899825 ,1,368,6,"ICMP PING BSDtype",ICMP,192.168.137.170,,192.168.137.180,,00:24:2C:58:5B:F8,2C:81:58:F5:37:8E,0x62,,,,,,64,0,0,84,86016,8,0,8111,66
07/11-12:20:24.899825 ,1,366,7,"ICMP PING *NIX",ICMP,192.168.137.170,,192.168.137.180,,00:24:2C:58:5B:F8,2C:81:58:F5:37:8E,0x62,,,,,,64,0,0,84,86016,8,0,8111,66
07/11-12:20:24.899825 ,1,51004,2,"PACKET RECEIVED",ICMP,192.168.137.170,,192.168.137.180,,00:24:2C:58:5B:F8,2C:81:58:F5:37:8E,0x62,,,,,,64,0,0,84,86016,8,0,8111,66
07/11-12:20:24.899825 ,1,384,5,"ICMP PING",ICMP,192.168.137.170,,192.168.137.180,,00:24:2C:58:5B:F8,2C:81:58:F5:37:8E,0x62,,,,,,64,0,0,84,86016,8,0,8111,66
07/11-12:20:24.899883 ,1,408,5,"ICMP Echo Reply",ICMP,192.168.137.180,,192.168.137.170,,2C:81:58:F5:37:8E,00:24:2C:58:5B:F8,0x62,,,,,,64,0,35933,84,86016,0,0,8111,66
07/11-12:20:25.200362 ,1,368,6,"ICMP PING BSDtype",ICMP,192.168.137.170,,192.168.137.180,,00:24:2C:58:5B:F8,2C:81:58:F5:37:8E,0x62,,,,,,64,0,0,84,86016,8,0,8111,67
07/11-12:20:25.200362 ,1,366,7,"ICMP PING *NIX",ICMP,192.168.137.170,,192.168.137.180,,00:24:2C:58:5B:F8,2C:81:58:F5:37:8E,0x62,,,,,,64,0,0,84,86016,8,0,8111,67
07/11-12:20:25.200362 ,1,51004,2,"PACKET RECEIVED",ICMP,192.168.137.170,,192.168.137.180,,00:24:2C:58:5B:F8,2C:81:58:F5:37:8E,0x62,,,,,,64,0,0,84,86016,8,0,8111,67
07/11-12:20:25.200362 ,1,384,5,"ICMP PING",ICMP,192.168.137.170,,192.168.137.180,,00:24:2C:58:5B:F8,2C:81:58:F5:37:8E,0x62,,,,,,64,0,0,84,86016,8,0,8111,67
07/11-12:20:25.200417 ,1,408,5,"ICMP Echo Reply",ICMP,192.168.137.180,,192.168.137.170,,2C:81:58:F5:37:8E,00:24:2C:58:5B:F8,0x62,,,,,,64,0,35934,84,86016,0,0,8111,67
07/11-12:20:25.501288 ,1,368,6,"ICMP PING BSDtype",ICMP,192.168.137.170,,192.168.137.180,,00:24:2C:58:5B:F8,2C:81:58:F5:37:8E,0x62,,,,,,64,0,0,84,86016,8,0,8111,68
07/11-12:20:25.501288 ,1,366,7,"ICMP PING *NIX",ICMP,192.168.137.170,,192.168.137.180,,00:24:2C:58:5B:F8,2C:81:58:F5:37:8E,0x62,,,,,,64,0,0,84,86016,8,0,8111,68
07/11-12:20:25.501288 ,1,51004,2,"PACKET RECEIVED",ICMP,192.168.137.170,,192.168.137.180,,00:24:2C:58:5B:F8,2C:81:58:F5:37:8E,0x62,,,,,,64,0,0,84,86016,8,0,8111,68
07/11-12:20:25.501288 ,1,384,5,"ICMP PING",ICMP,192.168.137.170,,192.168.137.180,,00:24:2C:58:5B:F8,2C:81:58:F5:37:8E,0x62,,,,,,64,0,0,84,86016,8,0,8111,68
07/11-12:20:25.501342 ,1,408,5,"ICMP Echo Reply",ICMP,192.168.137.180,,192.168.137.170,,2C:81:58:F5:37:8E,00:24:2C:58:5B:F8,0x62,,,,,,64,0,35935,84,86016,0,0,8111,68
07/11-12:20:25.802139 ,1,368,6,"ICMP PING BSDtype",ICMP,192.168.137.170,,192.168.137.180,,00:24:2C:58:5B:F8,2C:81:58:F5:37:8E,0x62,,,,,,64,0,0,84,86016,8,0,8111,69
07/11-12:20:25.802139 ,1,366,7,"ICMP PING *NIX",ICMP,192.168.137.170,,192.168.137.180,,00:24:2C:58:5B:F8,2C:81:58:F5:37:8E,0x62,,,,,,64,0,0,84,86016,8,0,8111,69
07/11-12:20:25.802139 ,1,51004,2,"PACKET RECEIVED",ICMP,192.168.137.170,,192.168.137.180,,00:24:2C:58:5B:F8,2C:81:58:F5:37:8E,0x62,,,,,,64,0,0,84,86016,8,0,8111,69
07/11-12:20:25.802139 ,1,51000,2,"TOO MUCH PING",ICMP,192.168.137.170,,192.168.137.180,,00:24:2C:58:5B:F8,2C:81:58:F5:37:8E,0x62,,,,,,64,0,0,84,86016,8,0,8111,69
07/11-12:20:25.802139 ,1,384,5,"ICMP PING",ICMP,192.168.137.170,,192.168.137.180,,00:24:2C:58:5B:F8,2C:81:58:F5:37:8E,0x62,,,,,,64,0,0,84,86016,8,0,8111,69
07/11-12:20:25.802196 ,1,408,5,"ICMP Echo Reply",ICMP,192.168.137.180,,192.168.137.170,,2C:81:58:F5:37:8E,00:24:2C:58:5B:F8,0x62,,,,,,64,0,35936,84,86016,0,0,8111,69
07/11-12:20:26.102145 ,1,368,6,"ICMP PING BSDtype",ICMP,192.168.137.170,,192.168.137.180,,00:24:2C:58:5B:F8,2C:81:58:F5:37:8E,0x62,,,,,,64,0,0,84,86016,8,0,8111,70
07/11-12:20:26.102145 ,1,366,7,"ICMP PING *NIX",ICMP,192.168.137.170,,192.168.137.180,,00:24:2C:58:5B:F8,2C:81:58:F5:37:8E,0x62,,,,,,64,0,0,84,86016,8,0,8111,70
07/11-12:20:26.102145 ,1,51004,2,"PACKET RECEIVED",ICMP,192.168.137.170,,192.168.137.180,,00:24:2C:58:5B:F8,2C:81:58:F5:37:8E,0x62,,,,,,64,0,0,84,86016,8,0,8111,70
07/11-12:20:26.102145 ,1,384,5,"ICMP PING",ICMP,192.168.137.170,,192.168.137.180,,00:24:2C:58:5B:F8,2C:81:58:F5:37:8E,0x62,,,,,,64,0,0,84,86016,8,0,8111,70
07/11-12:20:26.102198 ,1,408,5,"ICMP Echo Reply",ICMP,192.168.137.180,,192.168.137.170,,2C:81:58:F5:37:8E,00:24:2C:58:5B:F8,0x62,,,,,,64,0,35937,84,86016,0,0,8111,70
07/11-12:20:26.411571 ,1,368,6,"ICMP PING BSDtype",ICMP,192.168.137.170,,192.168.137.180,,00:24:2C:58:5B:F8,2C:81:58:F5:37:8E,0x62,,,,,,64,0,0,84,86016,8,0,8111,71
07/11-12:20:26.411571 ,1,366,7,"ICMP PING *NIX",ICMP,192.168.137.170,,192.168.137.180,,00:24:2C:58:5B:F8,2C:81:58:F5:37:8E,0x62,,,,,,64,0,0,84,86016,8,0,8111,71
07/11-12:20:26.411571 ,1,51004,2,"PACKET RECEIVED",ICMP,192.168.137.170,,192.168.137.180,,00:24:2C:58:5B:F8,2C:81:58:F5:37:8E,0x62,,,,,,64,0,0,84,86016,8,0,8111,71
07/11-12:20:26.411571 ,1,384,5,"ICMP PING",ICMP,192.168.137.170,,192.168.137.180,,00:24:2C:58:5B:F8,2C:81:58:F5:37:8E,0x62,,,,,,64,0,0,84,86016,8,0,8111,71
07/11-12:20:26.411630 ,1,408,5,"ICMP Echo Reply",ICMP,192.168.137.180,,192.168.137.170,,2C:81:58:F5:37:8E,00:24:2C:58:5B:F8,0x62,,,,,,64,0,35938,84,86016,0,0,8111,71
07/11-12:20:26.775837 ,1,368,6,"ICMP PING BSDtype",ICMP,192.168.137.170,,192.168.137.180,,00:24:2C:58:5B:F8,2C:81:58:F5:37:8E,0x62,,,,,,64,0,0,84,86016,8,0,8111,72
07/11-12:20:26.775837 ,1,366,7,"ICMP PING *NIX",ICMP,192.168.137.170,,192.168.137.180,,00:24:2C:58:5B:F8,2C:81:58:F5:37:8E,0x62,,,,,,64,0,0,84,86016,8,0,8111,72
07/11-12:20:26.775837 ,1,51004,2,"PACKET RECEIVED",ICMP,192.168.137.170,,192.168.137.180,,00:24:2C:58:5B:F8,2C:81:58:F5:37:8E,0x62,,,,,,64,0,0,84,86016,8,0,8111,72
07/11-12:20:26.775837 ,1,384,5,"ICMP PING",ICMP,192.168.137.170,,192.168.137.180,,00:24:2C:58:5B:F8,2C:81:58:F5:37:8E,0x62,,,,,,64,0,0,84,86016,8,0,8111,72
07/11-12:20:26.775890 ,1,408,5,"ICMP Echo Reply",ICMP,192.168.137.180,,192.168.137.170,,2C:81:58:F5:37:8E,00:24:2C:58:5B:F8,0x62,,,,,,64,0,35939,84,86016,0,0,8111,72
07/11-12:20:27.140344 ,1,368,6,"ICMP PING BSDtype",ICMP,192.168.137.170,,192.168.137.180,,00:24:2C:58:5B:F8,2C:81:58:F5:37:8E,0x62,,,,,,64,0,0,84,86016,8,0,8111,73
07/11-12:20:27.140344 ,1,366,7,"ICMP PING *NIX",ICMP,192.168.137.170,,192.168.137.180,,00:24:2C:58:5B:F8,2C:81:58:F5:37:8E,0x62,,,,,,64,0,0,84,86016,8,0,8111,73
07/11-12:20:27.140344 ,1,51004,2,"PACKET RECEIVED",ICMP,192.168.137.170,,192.168.137.180,,00:24:2C:58:5B:F8,2C:81:58:F5:37:8E,0x62,,,,,,64,0,0,84,86016,8,0,8111,73
07/11-12:20:27.140344 ,1,384,5,"ICMP PING",ICMP,192.168.137.170,,192.168.137.180,,00:24:2C:58:5B:F8,2C:81:58:F5:37:8E,0x62,,,,,,64,0,0,84,86016,8,0,8111,73
07/11-12:20:27.140400 ,1,408,5,"ICMP Echo Reply",ICMP,192.168.137.180,,192.168.137.170,,2C:81:58:F5:37:8E,00:24:2C:58:5B:F8,0x62,,,,,,64,0,35940,84,86016,0,0,8111,73
07/11-12:20:27.304999 ,1,368,6,"ICMP PING BSDtype",ICMP,192.168.137.170,,192.168.137.180,,00:24:2C:58:5B:F8,2C:81:58:F5:37:8E,0x62,,,,,,64,0,0,84,86016,8,0,8111,74
07/11-12:20:27.304999 ,1,366,7,"ICMP PING *NIX",ICMP,192.168.137.170,,192.168.137.180,,00:24:2C:58:5B:F8,2C:81:58:F5:37:8E,0x62,,,,,,64,0,0,84,86016,8,0,8111,74
07/11-12:20:27.304999 ,1,51004,2,"PACKET RECEIVED",ICMP,192.168.137.170,,192.168.137.180,,00:24:2C:58:5B:F8,2C:81:58:F5:37:8E,0x62,,,,,,64,0,0,84,86016,8,0,8111,74
07/11-12:20:27.304999 ,1,384,5,"ICMP PING",ICMP,192.168.137.170,,192.168.137.180,,00:24:2C:58:5B:F8,2C:81:58:F5:37:8E,0x62,,,,,,64,0,0,84,86016,8,0,8111,74
07/11-12:20:27.305056 ,1,408,5,"ICMP Echo Reply",ICMP,192.168.137.180,,192.168.137.170,,2C:81:58:F5:37:8E,00:24:2C:58:5B:F8,0x62,,,,,,64,0,35941,84,86016,0,0,8111,74
07/11-12:20:27.623754 ,1,368,6,"ICMP PING BSDtype",ICMP,192.168.137.170,,192.168.137.180,,00:24:2C:58:5B:F8,2C:81:58:F5:37:8E,0x62,,,,,,64,0,0,84,86016,8,0,8111,75
07/11-12:20:27.623754 ,1,366,7,"ICMP PING *NIX",ICMP,192.168.137.170,,192.168.137.180,,00:24:2C:58:5B:F8,2C:81:58:F5:37:8E,0x62,,,,,,64,0,0,84,86016,8,0,8111,75
07/11-12:20:27.623754 ,1,51004,2,"PACKET RECEIVED",ICMP,192.168.137.170,,192.168.137.180,,00:24:2C:58:5B:F8,2C:81:58:F5:37:8E,0x62,,,,,,64,0,0,84,86016,8,0,8111,75
07/11-12:20:27.623754 ,1,384,5,"ICMP PING",ICMP,192.168.137.170,,192.168.137.180,,00:24:2C:58:5B:F8,2C:81:58:F5:37:8E,0x62,,,,,,64,0,0,84,86016,8,0,8111,75
07/11-12:20:27.623810 ,1,408,5,"ICMP Echo Reply",ICMP,192.168.137.180,,192.168.137.170,,2C:81:58:F5:37:8E,00:24:2C:58:5B:F8,0x62,,,,,,64,0,35942,84,86016,0,0,8111,75
07/11-12:20:27.987806 ,1,368,6,"ICMP PING BSDtype",ICMP,192.168.137.170,,192.168.137.180,,00:24:2C:58:5B:F8,2C:81:58:F5:37:8E,0x62,,,,,,64,0,0,84,86016,8,0,8111,76
07/11-12:20:27.987806 ,1,366,7,"ICMP PING *NIX",ICMP,192.168.137.170,,192.168.137.180,,00:24:2C:58:5B:F8,2C:81:58:F5:37:8E,0x62,,,,,,64,0,0,84,86016,8,0,8111,76
07/11-12:20:27.987806 ,1,51004,2,"PACKET RECEIVED",ICMP,192.168.137.170,,192.168.137.180,,00:24:2C:58:5B:F8,2C:81:58:F5:37:8E,0x62,,,,,,64,0,0,84,86016,8,0,8111,76
07/11-12:20:27.987806 ,1,384,5,"ICMP PING",ICMP,192.168.137.170,,192.168.137.180,,00:24:2C:58:5B:F8,2C:81:58:F5:37:8E,0x62,,,,,,64,0,0,84,86016,8,0,8111,76
07/11-12:20:27.987864 ,1,408,5,"ICMP Echo Reply",ICMP,192.168.137.180,,192.168.137.170,,2C:81:58:F5:37:8E,00:24:2C:58:5B:F8,0x62,,,,,,64,0,35943,84,86016,0,0,8111,76
07/11-12:20:28.350722 ,1,368,6,"ICMP PING BSDtype",ICMP,192.168.137.170,,192.168.137.180,,00:24:2C:58:5B:F8,2C:81:58:F5:37:8E,0x62,,,,,,64,0,0,84,86016,8,0,8111,77
07/11-12:20:28.350722 ,1,366,7,"ICMP PING *NIX",ICMP,192.168.137.170,,192.168.137.180,,00:24:2C:58:5B:F8,2C:81:58:F5:37:8E,0x62,,,,,,64,0,0,84,86016,8,0,8111,77
07/11-12:20:28.350722 ,1,51004,2,"PACKET RECEIVED",ICMP,192.168.137.170,,192.168.137.180,,00:24:2C:58:5B:F8,2C:81:58:F5:37:8E,0x62,,,,,,64,0,0,84,86016,8,0,8111,77
07/11-12:20:28.350722 ,1,384,5,"ICMP PING",ICMP,192.168.137.170,,192.168.137.180,,00:24:2C:58:5B:F8,2C:81:58:F5:37:8E,0x62,,,,,,64,0,0,84,86016,8,0,8111,77
07/11-12:20:28.350779 ,1,408,5,"ICMP Echo Reply",ICMP,192.168.137.180,,192.168.137.170,,2C:81:58:F5:37:8E,00:24:2C:58:5B:F8,0x62,,,,,,64,0,35944,84,86016,0,0,8111,77
07/11-12:20:28.509179 ,1,368,6,"ICMP PING BSDtype",ICMP,192.168.137.170,,192.168.137.180,,00:24:2C:58:5B:F8,2C:81:58:F5:37:8E,0x62,,,,,,64,0,0,84,86016,8,0,8111,78
07/11-12:20:28.509179 ,1,366,7,"ICMP PING *NIX",ICMP,192.168.137.170,,192.168.137.180,,00:24:2C:58:5B:F8,2C:81:58:F5:37:8E,0x62,,,,,,64,0,0,84,86016,8,0,8111,78
07/11-12:20:28.509179 ,1,51004,2,"PACKET RECEIVED",ICMP,192.168.137.170,,192.168.137.180,,00:24:2C:58:5B:F8,2C:81:58:F5:37:8E,0x62,,,,,,64,0,0,84,86016,8,0,8111,78
07/11-12:20:28.509179 ,1,384,5,"ICMP PING",ICMP,192.168.137.170,,192.168.137.180,,00:24:2C:58:5B:F8,2C:81:58:F5:37:8E,0x62,,,,,,64,0,0,84,86016,8,0,8111,78
07/11-12:20:28.509235 ,1,408,5,"ICMP Echo Reply",ICMP,192.168.137.180,,192.168.137.170,,2C:81:58:F5:37:8E,00:24:2C:58:5B:F8,0x62,,,,,,64,0,35945,84,86016,0,0,8111,78
07/11-12:20:28.903918 ,1,368,6,"ICMP PING BSDtype",ICMP,192.168.137.170,,192.168.137.180,,00:24:2C:58:5B:F8,2C:81:58:F5:37:8E,0x62,,,,,,64,0,0,84,86016,8,0,8111,79
07/11-12:20:28.903918 ,1,366,7,"ICMP PING *NIX",ICMP,192.168.137.170,,192.168.137.180,,00:24:2C:58:5B:F8,2C:81:58:F5:37:8E,0x62,,,,,,64,0,0,84,86016,8,0,8111,79
07/11-12:20:28.903918 ,1,51004,2,"PACKET RECEIVED",ICMP,192.168.137.170,,192.168.137.180,,00:24:2C:58:5B:F8,2C:81:58:F5:37:8E,0x62,,,,,,64,0,0,84,86016,8,0,8111,79
07/11-12:20:28.903918 ,1,51000,2,"TOO MUCH PING",ICMP,192.168.137.170,,192.168.137.180,,00:24:2C:58:5B:F8,2C:81:58:F5:37:8E,0x62,,,,,,64,0,0,84,86016,8,0,8111,79
07/11-12:20:28.903918 ,1,384,5,"ICMP PING",ICMP,192.168.137.170,,192.168.137.180,,00:24:2C:58:5B:F8,2C:81:58:F5:37:8E,0x62,,,,,,64,0,0,84,86016,8,0,8111,79
07/11-12:20:28.903973 ,1,408,5,"ICMP Echo Reply",ICMP,192.168.137.180,,192.168.137.170,,2C:81:58:F5:37:8E,00:24:2C:58:5B:F8,0x62,,,,,,64,0,35946,84,86016,0,0,8111,79
07/11-12:20:29.340643 ,1,368,6,"ICMP PING BSDtype",ICMP,192.168.137.170,,192.168.137.180,,00:24:2C:58:5B:F8,2C:81:58:F5:37:8E,0x62,,,,,,64,0,0,84,86016,8,0,8111,80
07/11-12:20:29.340643 ,1,366,7,"ICMP PING *NIX",ICMP,192.168.137.170,,192.168.137.180,,00:24:2C:58:5B:F8,2C:81:58:F5:37:8E,0x62,,,,,,64,0,0,84,86016,8,0,8111,80
07/11-12:20:29.340643 ,1,51004,2,"PACKET RECEIVED",ICMP,192.168.137.170,,192.168.137.180,,00:24:2C:58:5B:F8,2C:81:58:F5:37:8E,0x62,,,,,,64,0,0,84,86016,8,0,8111,80
07/11-12:20:29.340643 ,1,384,5,"ICMP PING",ICMP,192.168.137.170,,192.168.137.180,,00:24:2C:58:5B:F8,2C:81:58:F5:37:8E,0x62,,,,,,64,0,0,84,86016,8,0,8111,80
07/11-12:20:29.340698 ,1,408,5,"ICMP Echo Reply",ICMP,192.168.137.180,,192.168.137.170,,2C:81:58:F5:37:8E,00:24:2C:58:5B:F8,0x62,,,,,,64,0,35947,84,86016,0,0,8111,80
07/11-12:20:29.411278 ,1,368,6,"ICMP PING BSDtype",ICMP,192.168.137.170,,192.168.137.180,,00:24:2C:58:5B:F8,2C:81:58:F5:37:8E,0x62,,,,,,64,0,0,84,86016,8,0,8111,81
07/11-12:20:29.411278 ,1,366,7,"ICMP PING *NIX",ICMP,192.168.137.170,,192.168.137.180,,00:24:2C:58:5B:F8,2C:81:58:F5:37:8E,0x62,,,,,,64,0,0,84,86016,8,0,8111,81
07/11-12:20:29.411278 ,1,51004,2,"PACKET RECEIVED",ICMP,192.168.137.170,,192.168.137.180,,00:24:2C:58:5B:F8,2C:81:58:F5:37:8E,0x62,,,,,,64,0,0,84,86016,8,0,8111,81
07/11-12:20:29.411278 ,1,384,5,"ICMP PING",ICMP,192.168.137.170,,192.168.137.180,,00:24:2C:58:5B:F8,2C:81:58:F5:37:8E,0x62,,,,,,64,0,0,84,86016,8,0,8111,81
07/11-12:20:29.411314 ,1,408,5,"ICMP Echo Reply",ICMP,192.168.137.180,,192.168.137.170,,2C:81:58:F5:37:8E,00:24:2C:58:5B:F8,0x62,,,,,,64,0,35948,84,86016,0,0,8111,81
07/11-12:20:29.712235 ,1,368,6,"ICMP PING BSDtype",ICMP,192.168.137.170,,192.168.137.180,,00:24:2C:58:5B:F8,2C:81:58:F5:37:8E,0x62,,,,,,64,0,0,84,86016,8,0,8111,82
07/11-12:20:29.712235 ,1,366,7,"ICMP PING *NIX",ICMP,192.168.137.170,,192.168.137.180,,00:24:2C:58:5B:F8,2C:81:58:F5:37:8E,0x62,,,,,,64,0,0,84,86016,8,0,8111,82
07/11-12:20:29.712235 ,1,51004,2,"PACKET RECEIVED",ICMP,192.168.137.170,,192.168.137.180,,00:24:2C:58:5B:F8,2C:81:58:F5:37:8E,0x62,,,,,,64,0,0,84,86016,8,0,8111,82
07/11-12:20:29.712235 ,1,384,5,"ICMP PING",ICMP,192.168.137.170,,192.168.137.180,,00:24:2C:58:5B:F8,2C:81:58:F5:37:8E,0x62,,,,,,64,0,0,84,86016,8,0,8111,82
07/11-12:20:29.712292 ,1,408,5,"ICMP Echo Reply",ICMP,192.168.137.180,,192.168.137.170,,2C:81:58:F5:37:8E,00:24:2C:58:5B:F8,0x62,,,,,,64,0,35949,84,86016,0,0,8111,82
07/11-12:20:30.013055 ,1,368,6,"ICMP PING BSDtype",ICMP,192.168.137.170,,192.168.137.180,,00:24:2C:58:5B:F8,2C:81:58:F5:37:8E,0x62,,,,,,64,0,0,84,86016,8,0,8111,83
07/11-12:20:30.013055 ,1,366,7,"ICMP PING *NIX",ICMP,192.168.137.170,,192.168.137.180,,00:24:2C:58:5B:F8,2C:81:58:F5:37:8E,0x62,,,,,,64,0,0,84,86016,8,0,8111,83
07/11-12:20:30.013055 ,1,51004,2,"PACKET RECEIVED",ICMP,192.168.137.170,,192.168.137.180,,00:24:2C:58:5B:F8,2C:81:58:F5:37:8E,0x62,,,,,,64,0,0,84,86016,8,0,8111,83
07/11-12:20:30.013055 ,1,384,5,"ICMP PING",ICMP,192.168.137.170,,192.168.137.180,,00:24:2C:58:5B:F8,2C:81:58:F5:37:8E,0x62,,,,,,64,0,0,84,86016,8,0,8111,83
07/11-12:20:30.013111 ,1,408,5,"ICMP Echo Reply",ICMP,192.168.137.180,,192.168.137.170,,2C:81:58:F5:37:8E,00:24:2C:58:5B:F8,0x62,,,,,,64,0,35950,84,86016,0,0,8111,83
07/11-12:20:30.313586 ,1,368,6,"ICMP PING BSDtype",ICMP,192.168.137.170,,192.168.137.180,,00:24:2C:58:5B:F8,2C:81:58:F5:37:8E,0x62,,,,,,64,0,0,84,86016,8,0,8111,84
07/11-12:20:30.313586 ,1,366,7,"ICMP PING *NIX",ICMP,192.168.137.170,,192.168.137.180,,00:24:2C:58:5B:F8,2C:81:58:F5:37:8E,0x62,,,,,,64,0,0,84,86016,8,0,8111,84
07/11-12:20:30.313586 ,1,51004,2,"PACKET RECEIVED",ICMP,192.168.137.170,,192.168.137.180,,00:24:2C:58:5B:F8,2C:81:58:F5:37:8E,0x62,,,,,,64,0,0,84,86016,8,0,8111,84
07/11-12:20:30.313586 ,1,384,5,"ICMP PING",ICMP,192.168.137.170,,192.168.137.180,,00:24:2C:58:5B:F8,2C:81:58:F5:37:8E,0x62,,,,,,64,0,0,84,86016,8,0,8111,84
07/11-12:20:30.313644 ,1,408,5,"ICMP Echo Reply",ICMP,192.168.137.180,,192.168.137.170,,2C:81:58:F5:37:8E,00:24:2C:58:5B:F8,0x62,,,,,,64,0,35951,84,86016,0,0,8111,84
07/11-12:20:30.614398 ,1,368,6,"ICMP PING BSDtype",ICMP,192.168.137.170,,192.168.137.180,,00:24:2C:58:5B:F8,2C:81:58:F5:37:8E,0x62,,,,,,64,0,0,84,86016,8,0,8111,85
07/11-12:20:30.614398 ,1,366,7,"ICMP PING *NIX",ICMP,192.168.137.170,,192.168.137.180,,00:24:2C:58:5B:F8,2C:81:58:F5:37:8E,0x62,,,,,,64,0,0,84,86016,8,0,8111,85
07/11-12:20:30.614398 ,1,51004,2,"PACKET RECEIVED",ICMP,192.168.137.170,,192.168.137.180,,00:24:2C:58:5B:F8,2C:81:58:F5:37:8E,0x62,,,,,,64,0,0,84,86016,8,0,8111,85
07/11-12:20:30.614398 ,1,384,5,"ICMP PING",ICMP,192.168.137.170,,192.168.137.180,,00:24:2C:58:5B:F8,2C:81:58:F5:37:8E,0x62,,,,,,64,0,0,84,86016,8,0,8111,85
07/11-12:20:30.614453 ,1,408,5,"ICMP Echo Reply",ICMP,192.168.137.180,,192.168.137.170,,2C:81:58:F5:37:8E,00:24:2C:58:5B:F8,0x62,,,,,,64,0,35952,84,86016,0,0,8111,85
07/11-12:20:30.915255 ,1,368,6,"ICMP PING BSDtype",ICMP,192.168.137.170,,192.168.137.180,,00:24:2C:58:5B:F8,2C:81:58:F5:37:8E,0x62,,,,,,64,0,0,84,86016,8,0,8111,86
07/11-12:20:30.915255 ,1,366,7,"ICMP PING *NIX",ICMP,192.168.137.170,,192.168.137.180,,00:24:2C:58:5B:F8,2C:81:58:F5:37:8E,0x62,,,,,,64,0,0,84,86016,8,0,8111,86
07/11-12:20:30.915255 ,1,51004,2,"PACKET RECEIVED",ICMP,192.168.137.170,,192.168.137.180,,00:24:2C:58:5B:F8,2C:81:58:F5:37:8E,0x62,,,,,,64,0,0,84,86016,8,0,8111,86
07/11-12:20:30.915255 ,1,384,5,"ICMP PING",ICMP,192.168.137.170,,192.168.137.180,,00:24:2C:58:5B:F8,2C:81:58:F5:37:8E,0x62,,,,,,64,0,0,84,86016,8,0,8111,86
07/11-12:20:30.915311 ,1,408,5,"ICMP Echo Reply",ICMP,192.168.137.180,,192.168.137.170,,2C:81:58:F5:37:8E,00:24:2C:58:5B:F8,0x62,,,,,,64,0,35953,84,86016,0,0,8111,86
07/11-12:20:31.217900 ,1,368,6,"ICMP PING BSDtype",ICMP,192.168.137.170,,192.168.137.180,,00:24:2C:58:5B:F8,2C:81:58:F5:37:8E,0x62,,,,,,64,0,0,84,86016,8,0,8111,87
07/11-12:20:31.217900 ,1,366,7,"ICMP PING *NIX",ICMP,192.168.137.170,,192.168.137.180,,00:24:2C:58:5B:F8,2C:81:58:F5:37:8E,0x62,,,,,,64,0,0,84,86016,8,0,8111,87
07/11-12:20:31.217900 ,1,51004,2,"PACKET RECEIVED",ICMP,192.168.137.170,,192.168.137.180,,00:24:2C:58:5B:F8,2C:81:58:F5:37:8E,0x62,,,,,,64,0,0,84,86016,8,0,8111,87
07/11-12:20:31.217900 ,1,384,5,"ICMP PING",ICMP,192.168.137.170,,192.168.137.180,,00:24:2C:58:5B:F8,2C:81:58:F5:37:8E,0x62,,,,,,64,0,0,84,86016,8,0,8111,87
07/11-12:20:31.217948 ,1,408,5,"ICMP Echo Reply",ICMP,192.168.137.180,,192.168.137.170,,2C:81:58:F5:37:8E,00:24:2C:58:5B:F8,0x62,,,,,,64,0,35954,84,86016,0,0,8111,87
07/11-12:20:31.517037 ,1,368,6,"ICMP PING BSDtype",ICMP,192.168.137.170,,192.168.137.180,,00:24:2C:58:5B:F8,2C:81:58:F5:37:8E,0x62,,,,,,64,0,0,84,86016,8,0,8111,88
07/11-12:20:31.517037 ,1,366,7,"ICMP PING *NIX",ICMP,192.168.137.170,,192.168.137.180,,00:24:2C:58:5B:F8,2C:81:58:F5:37:8E,0x62,,,,,,64,0,0,84,86016,8,0,8111,88
07/11-12:20:31.517037 ,1,51004,2,"PACKET RECEIVED",ICMP,192.168.137.170,,192.168.137.180,,00:24:2C:58:5B:F8,2C:81:58:F5:37:8E,0x62,,,,,,64,0,0,84,86016,8,0,8111,88
07/11-12:20:31.517037 ,1,384,5,"ICMP PING",ICMP,192.168.137.170,,192.168.137.180,,00:24:2C:58:5B:F8,2C:81:58:F5:37:8E,0x62,,,,,,64,0,0,84,86016,8,0,8111,88
07/11-12:20:31.517088 ,1,408,5,"ICMP Echo Reply",ICMP,192.168.137.180,,192.168.137.170,,2C:81:58:F5:37:8E,00:24:2C:58:5B:F8,0x62,,,,,,64,0,35955,84,86016,0,0,8111,88
07/11-12:20:31.817974 ,1,368,6,"ICMP PING BSDtype",ICMP,192.168.137.170,,192.168.137.180,,00:24:2C:58:5B:F8,2C:81:58:F5:37:8E,0x62,,,,,,64,0,0,84,86016,8,0,8111,89
07/11-12:20:31.817974 ,1,366,7,"ICMP PING *NIX",ICMP,192.168.137.170,,192.168.137.180,,00:24:2C:58:5B:F8,2C:81:58:F5:37:8E,0x62,,,,,,64,0,0,84,86016,8,0,8111,89
07/11-12:20:31.817974 ,1,51004,2,"PACKET RECEIVED",ICMP,192.168.137.170,,192.168.137.180,,00:24:2C:58:5B:F8,2C:81:58:F5:37:8E,0x62,,,,,,64,0,0,84,86016,8,0,8111,89
07/11-12:20:31.817974 ,1,51000,2,"TOO MUCH PING",ICMP,192.168.137.170,,192.168.137.180,,00:24:2C:58:5B:F8,2C:81:58:F5:37:8E,0x62,,,,,,64,0,0,84,86016,8,0,8111,89
07/11-12:20:31.817974 ,1,384,5,"ICMP PING",ICMP,192.168.137.170,,192.168.137.180,,00:24:2C:58:5B:F8,2C:81:58:F5:37:8E,0x62,,,,,,64,0,0,84,86016,8,0,8111,89
07/11-12:20:31.818022 ,1,408,5,"ICMP Echo Reply",ICMP,192.168.137.180,,192.168.137.170,,2C:81:58:F5:37:8E,00:24:2C:58:5B:F8,0x62,,,,,,64,0,35956,84,86016,0,0,8111,89
07/11-12:20:32.118953 ,1,368,6,"ICMP PING BSDtype",ICMP,192.168.137.170,,192.168.137.180,,00:24:2C:58:5B:F8,2C:81:58:F5:37:8E,0x62,,,,,,64,0,0,84,86016,8,0,8111,90
07/11-12:20:32.118953 ,1,366,7,"ICMP PING *NIX",ICMP,192.168.137.170,,192.168.137.180,,00:24:2C:58:5B:F8,2C:81:58:F5:37:8E,0x62,,,,,,64,0,0,84,86016,8,0,8111,90
07/11-12:20:32.118953 ,1,51004,2,"PACKET RECEIVED",ICMP,192.168.137.170,,192.168.137.180,,00:24:2C:58:5B:F8,2C:81:58:F5:37:8E,0x62,,,,,,64,0,0,84,86016,8,0,8111,90
07/11-12:20:32.118953 ,1,384,5,"ICMP PING",ICMP,192.168.137.170,,192.168.137.180,,00:24:2C:58:5B:F8,2C:81:58:F5:37:8E,0x62,,,,,,64,0,0,84,86016,8,0,8111,90
07/11-12:20:32.119010 ,1,408,5,"ICMP Echo Reply",ICMP,192.168.137.180,,192.168.137.170,,2C:81:58:F5:37:8E,00:24:2C:58:5B:F8,0x62,,,,,,64,0,35957,84,86016,0,0,8111,90
07/11-12:20:32.419720 ,1,368,6,"ICMP PING BSDtype",ICMP,192.168.137.170,,192.168.137.180,,00:24:2C:58:5B:F8,2C:81:58:F5:37:8E,0x62,,,,,,64,0,0,84,86016,8,0,8111,91
07/11-12:20:32.419720 ,1,366,7,"ICMP PING *NIX",ICMP,192.168.137.170,,192.168.137.180,,00:24:2C:58:5B:F8,2C:81:58:F5:37:8E,0x62,,,,,,64,0,0,84,86016,8,0,8111,91
07/11-12:20:32.419720 ,1,51004,2,"PACKET RECEIVED",ICMP,192.168.137.170,,192.168.137.180,,00:24:2C:58:5B:F8,2C:81:58:F5:37:8E,0x62,,,,,,64,0,0,84,86016,8,0,8111,91
07/11-12:20:32.419720 ,1,384,5,"ICMP PING",ICMP,192.168.137.170,,192.168.137.180,,00:24:2C:58:5B:F8,2C:81:58:F5:37:8E,0x62,,,,,,64,0,0,84,86016,8,0,8111,91
07/11-12:20:32.419769 ,1,408,5,"ICMP Echo Reply",ICMP,192.168.137.180,,192.168.137.170,,2C:81:58:F5:37:8E,00:24:2C:58:5B:F8,0x62,,,,,,64,0,35958,84,86016,0,0,8111,91
07/11-12:20:32.720700 ,1,368,6,"ICMP PING BSDtype",ICMP,192.168.137.170,,192.168.137.180,,00:24:2C:58:5B:F8,2C:81:58:F5:37:8E,0x62,,,,,,64,0,0,84,86016,8,0,8111,92
07/11-12:20:32.720700 ,1,366,7,"ICMP PING *NIX",ICMP,192.168.137.170,,192.168.137.180,,00:24:2C:58:5B:F8,2C:81:58:F5:37:8E,0x62,,,,,,64,0,0,84,86016,8,0,8111,92
07/11-12:20:32.720700 ,1,51004,2,"PACKET RECEIVED",ICMP,192.168.137.170,,192.168.137.180,,00:24:2C:58:5B:F8,2C:81:58:F5:37:8E,0x62,,,,,,64,0,0,84,86016,8,0,8111,92
07/11-12:20:32.720700 ,1,384,5,"ICMP PING",ICMP,192.168.137.170,,192.168.137.180,,00:24:2C:58:5B:F8,2C:81:58:F5:37:8E,0x62,,,,,,64,0,0,84,86016,8,0,8111,92
07/11-12:20:32.720752 ,1,408,5,"ICMP Echo Reply",ICMP,192.168.137.180,,192.168.137.170,,2C:81:58:F5:37:8E,00:24:2C:58:5B:F8,0x62,,,,,,64,0,35959,84,86016,0,0,8111,92
07/11-12:20:33.021337 ,1,368,6,"ICMP PING BSDtype",ICMP,192.168.137.170,,192.168.137.180,,00:24:2C:58:5B:F8,2C:81:58:F5:37:8E,0x62,,,,,,64,0,0,84,86016,8,0,8111,93
07/11-12:20:33.021337 ,1,366,7,"ICMP PING *NIX",ICMP,192.168.137.170,,192.168.137.180,,00:24:2C:58:5B:F8,2C:81:58:F5:37:8E,0x62,,,,,,64,0,0,84,86016,8,0,8111,93
07/11-12:20:33.021337 ,1,51004,2,"PACKET RECEIVED",ICMP,192.168.137.170,,192.168.137.180,,00:24:2C:58:5B:F8,2C:81:58:F5:37:8E,0x62,,,,,,64,0,0,84,86016,8,0,8111,93
07/11-12:20:33.021337 ,1,384,5,"ICMP PING",ICMP,192.168.137.170,,192.168.137.180,,00:24:2C:58:5B:F8,2C:81:58:F5:37:8E,0x62,,,,,,64,0,0,84,86016,8,0,8111,93
07/11-12:20:33.021388 ,1,408,5,"ICMP Echo Reply",ICMP,192.168.137.180,,192.168.137.170,,2C:81:58:F5:37:8E,00:24:2C:58:5B:F8,0x62,,,,,,64,0,35960,84,86016,0,0,8111,93
07/11-12:20:33.322277 ,1,368,6,"ICMP PING BSDtype",ICMP,192.168.137.170,,192.168.137.180,,00:24:2C:58:5B:F8,2C:81:58:F5:37:8E,0x62,,,,,,64,0,0,84,86016,8,0,8111,94
07/11-12:20:33.322277 ,1,366,7,"ICMP PING *NIX",ICMP,192.168.137.170,,192.168.137.180,,00:24:2C:58:5B:F8,2C:81:58:F5:37:8E,0x62,,,,,,64,0,0,84,86016,8,0,8111,94
07/11-12:20:33.322277 ,1,51004,2,"PACKET RECEIVED",ICMP,192.168.137.170,,192.168.137.180,,00:24:2C:58:5B:F8,2C:81:58:F5:37:8E,0x62,,,,,,64,0,0,84,86016,8,0,8111,94
07/11-12:20:33.322277 ,1,384,5,"ICMP PING",ICMP,192.168.137.170,,192.168.137.180,,00:24:2C:58:5B:F8,2C:81:58:F5:37:8E,0x62,,,,,,64,0,0,84,86016,8,0,8111,94
07/11-12:20:33.322333 ,1,408,5,"ICMP Echo Reply",ICMP,192.168.137.180,,192.168.137.170,,2C:81:58:F5:37:8E,00:24:2C:58:5B:F8,0x62,,,,,,64,0,35961,84,86016,0,0,8111,94
07/11-12:20:33.623039 ,1,368,6,"ICMP PING BSDtype",ICMP,192.168.137.170,,192.168.137.180,,00:24:2C:58:5B:F8,2C:81:58:F5:37:8E,0x62,,,,,,64,0,0,84,86016,8,0,8111,95
07/11-12:20:33.623039 ,1,366,7,"ICMP PING *NIX",ICMP,192.168.137.170,,192.168.137.180,,00:24:2C:58:5B:F8,2C:81:58:F5:37:8E,0x62,,,,,,64,0,0,84,86016,8,0,8111,95
07/11-12:20:33.623039 ,1,51004,2,"PACKET RECEIVED",ICMP,192.168.137.170,,192.168.137.180,,00:24:2C:58:5B:F8,2C:81:58:F5:37:8E,0x62,,,,,,64,0,0,84,86016,8,0,8111,95
07/11-12:20:33.623039 ,1,384,5,"ICMP PING",ICMP,192.168.137.170,,192.168.137.180,,00:24:2C:58:5B:F8,2C:81:58:F5:37:8E,0x62,,,,,,64,0,0,84,86016,8,0,8111,95
07/11-12:20:33.623087 ,1,408,5,"ICMP Echo Reply",ICMP,192.168.137.180,,192.168.137.170,,2C:81:58:F5:37:8E,00:24:2C:58:5B:F8,0x62,,,,,,64,0,35962,84,86016,0,0,8111,95
07/11-12:20:33.923949 ,1,368,6,"ICMP PING BSDtype",ICMP,192.168.137.170,,192.168.137.180,,00:24:2C:58:5B:F8,2C:81:58:F5:37:8E,0x62,,,,,,64,0,0,84,86016,8,0,8111,96
07/11-12:20:33.923949 ,1,366,7,"ICMP PING *NIX",ICMP,192.168.137.170,,192.168.137.180,,00:24:2C:58:5B:F8,2C:81:58:F5:37:8E,0x62,,,,,,64,0,0,84,86016,8,0,8111,96
07/11-12:20:33.923949 ,1,51004,2,"PACKET RECEIVED",ICMP,192.168.137.170,,192.168.137.180,,00:24:2C:58:5B:F8,2C:81:58:F5:37:8E,0x62,,,,,,64,0,0,84,86016,8,0,8111,96
07/11-12:20:33.923949 ,1,384,5,"ICMP PING",ICMP,192.168.137.170,,192.168.137.180,,00:24:2C:58:5B:F8,2C:81:58:F5:37:8E,0x62,,,,,,64,0,0,84,86016,8,0,8111,96
07/11-12:20:33.924004 ,1,408,5,"ICMP Echo Reply",ICMP,192.168.137.180,,192.168.137.170,,2C:81:58:F5:37:8E,00:24:2C:58:5B:F8,0x62,,,,,,64,0,35963,84,86016,0,0,8111,96
07/11-12:20:34.224675 ,1,368,6,"ICMP PING BSDtype",ICMP,192.168.137.170,,192.168.137.180,,00:24:2C:58:5B:F8,2C:81:58:F5:37:8E,0x62,,,,,,64,0,0,84,86016,8,0,8111,97
07/11-12:20:34.224675 ,1,366,7,"ICMP PING *NIX",ICMP,192.168.137.170,,192.168.137.180,,00:24:2C:58:5B:F8,2C:81:58:F5:37:8E,0x62,,,,,,64,0,0,84,86016,8,0,8111,97
07/11-12:20:34.224675 ,1,51004,2,"PACKET RECEIVED",ICMP,192.168.137.170,,192.168.137.180,,00:24:2C:58:5B:F8,2C:81:58:F5:37:8E,0x62,,,,,,64,0,0,84,86016,8,0,8111,97
07/11-12:20:34.224675 ,1,384,5,"ICMP PING",ICMP,192.168.137.170,,192.168.137.180,,00:24:2C:58:5B:F8,2C:81:58:F5:37:8E,0x62,,,,,,64,0,0,84,86016,8,0,8111,97
07/11-12:20:34.224722 ,1,408,5,"ICMP Echo Reply",ICMP,192.168.137.180,,192.168.137.170,,2C:81:58:F5:37:8E,00:24:2C:58:5B:F8,0x62,,,,,,64,0,35964,84,86016,0,0,8111,97
07/11-12:20:34.525396 ,1,368,6,"ICMP PING BSDtype",ICMP,192.168.137.170,,192.168.137.180,,00:24:2C:58:5B:F8,2C:81:58:F5:37:8E,0x62,,,,,,64,0,0,84,86016,8,0,8111,98
07/11-12:20:34.525396 ,1,366,7,"ICMP PING *NIX",ICMP,192.168.137.170,,192.168.137.180,,00:24:2C:58:5B:F8,2C:81:58:F5:37:8E,0x62,,,,,,64,0,0,84,86016,8,0,8111,98
07/11-12:20:34.525396 ,1,51004,2,"PACKET RECEIVED",ICMP,192.168.137.170,,192.168.137.180,,00:24:2C:58:5B:F8,2C:81:58:F5:37:8E,0x62,,,,,,64,0,0,84,86016,8,0,8111,98
07/11-12:20:34.525396 ,1,384,5,"ICMP PING",ICMP,192.168.137.170,,192.168.137.180,,00:24:2C:58:5B:F8,2C:81:58:F5:37:8E,0x62,,,,,,64,0,0,84,86016,8,0,8111,98
07/11-12:20:34.525442 ,1,408,5,"ICMP Echo Reply",ICMP,192.168.137.180,,192.168.137.170,,2C:81:58:F5:37:8E,00:24:2C:58:5B:F8,0x62,,,,,,64,0,35965,84,86016,0,0,8111,98
07/11-12:20:34.826080 ,1,368,6,"ICMP PING BSDtype",ICMP,192.168.137.170,,192.168.137.180,,00:24:2C:58:5B:F8,2C:81:58:F5:37:8E,0x62,,,,,,64,0,0,84,86016,8,0,8111,99
07/11-12:20:34.826080 ,1,366,7,"ICMP PING *NIX",ICMP,192.168.137.170,,192.168.137.180,,00:24:2C:58:5B:F8,2C:81:58:F5:37:8E,0x62,,,,,,64,0,0,84,86016,8,0,8111,99
07/11-12:20:34.826080 ,1,51004,2,"PACKET RECEIVED",ICMP,192.168.137.170,,192.168.137.180,,00:24:2C:58:5B:F8,2C:81:58:F5:37:8E,0x62,,,,,,64,0,0,84,86016,8,0,8111,99
07/11-12:20:34.826080 ,1,51000,2,"TOO MUCH PING",ICMP,192.168.137.170,,192.168.137.180,,00:24:2C:58:5B:F8,2C:81:58:F5:37:8E,0x62,,,,,,64,0,0,84,86016,8,0,8111,99
07/11-12:20:34.826080 ,1,384,5,"ICMP PING",ICMP,192.168.137.170,,192.168.137.180,,00:24:2C:58:5B:F8,2C:81:58:F5:37:8E,0x62,,,,,,64,0,0,84,86016,8,0,8111,99
07/11-12:20:34.826134 ,1,408,5,"ICMP Echo Reply",ICMP,192.168.137.180,,192.168.137.170,,2C:81:58:F5:37:8E,00:24:2C:58:5B:F8,0x62,,,,,,64,0,35966,84,86016,0,0,8111,99
07/11-12:20:35.126893 ,1,368,6,"ICMP PING BSDtype",ICMP,192.168.137.170,,192.168.137.180,,00:24:2C:58:5B:F8,2C:81:58:F5:37:8E,0x62,,,,,,64,0,0,84,86016,8,0,8111,100
07/11-12:20:35.126893 ,1,366,7,"ICMP PING *NIX",ICMP,192.168.137.170,,192.168.137.180,,00:24:2C:58:5B:F8,2C:81:58:F5:37:8E,0x62,,,,,,64,0,0,84,86016,8,0,8111,100
07/11-12:20:35.126893 ,1,51004,2,"PACKET RECEIVED",ICMP,192.168.137.170,,192.168.137.180,,00:24:2C:58:5B:F8,2C:81:58:F5:37:8E,0x62,,,,,,64,0,0,84,86016,8,0,8111,100
07/11-12:20:35.126893 ,1,384,5,"ICMP PING",ICMP,192.168.137.170,,192.168.137.180,,00:24:2C:58:5B:F8,2C:81:58:F5:37:8E,0x62,,,,,,64,0,0,84,86016,8,0,8111,100
07/11-12:20:35.126950 ,1,408,5,"ICMP Echo Reply",ICMP,192.168.137.180,,192.168.137.170,,2C:81:58:F5:37:8E,00:24:2C:58:5B:F8,0x62,,,,,,64,0,35967,84,86016,0,0,8111,100
