07/11-12:09:40.225501 ,1,51004,2,"PACKET RECEIVED",ICMP,192.168.137.170,,192.168.137.180,,00:24:2C:58:5B:F8,2C:81:58:F5:37:8E,0x4A,,,,,,1,0,2933,60,61440,8,0,7645,1
07/11-12:09:40.225501 ,1,385,4,"ICMP traceroute",ICMP,192.168.137.170,,192.168.137.180,,00:24:2C:58:5B:F8,2C:81:58:F5:37:8E,0x4A,,,,,,1,0,2933,60,61440,8,0,7645,1
07/11-12:09:40.225501 ,1,384,5,"ICMP PING",ICMP,192.168.137.170,,192.168.137.180,,00:24:2C:58:5B:F8,2C:81:58:F5:37:8E,0x4A,,,,,,1,0,2933,60,61440,8,0,7645,1
07/11-12:09:40.225559 ,1,408,5,"ICMP Echo Reply",ICMP,192.168.137.180,,192.168.137.170,,2C:81:58:F5:37:8E,00:24:2C:58:5B:F8,0x4A,,,,,,64,0,35652,60,61440,0,0,7645,1
07/11-12:09:40.225604 ,1,51004,2,"PACKET RECEIVED",ICMP,192.168.137.170,,192.168.137.180,,00:24:2C:58:5B:F8,2C:81:58:F5:37:8E,0x4A,,,,,,1,0,2934,60,61440,8,0,7645,2
07/11-12:09:40.225604 ,1,385,4,"ICMP traceroute",ICMP,192.168.137.170,,192.168.137.180,,00:24:2C:58:5B:F8,2C:81:58:F5:37:8E,0x4A,,,,,,1,0,2934,60,61440,8,0,7645,2
07/11-12:09:40.225604 ,1,384,5,"ICMP PING",ICMP,192.168.137.170,,192.168.137.180,,00:24:2C:58:5B:F8,2C:81:58:F5:37:8E,0x4A,,,,,,1,0,2934,60,61440,8,0,7645,2
07/11-12:09:40.225617 ,1,408,5,"ICMP Echo Reply",ICMP,192.168.137.180,,192.168.137.170,,2C:81:58:F5:37:8E,00:24:2C:58:5B:F8,0x4A,,,,,,64,0,35653,60,61440,0,0,7645,2
07/11-12:09:40.229483 ,1,51004,2,"PACKET RECEIVED",ICMP,192.168.137.170,,192.168.137.180,,00:24:2C:58:5B:F8,2C:81:58:F5:37:8E,0x4A,,,,,,1,0,2935,60,61440,8,0,7645,3
07/11-12:09:40.229483 ,1,385,4,"ICMP traceroute",ICMP,192.168.137.170,,192.168.137.180,,00:24:2C:58:5B:F8,2C:81:58:F5:37:8E,0x4A,,,,,,1,0,2935,60,61440,8,0,7645,3
07/11-12:09:40.229483 ,1,384,5,"ICMP PING",ICMP,192.168.137.170,,192.168.137.180,,00:24:2C:58:5B:F8,2C:81:58:F5:37:8E,0x4A,,,,,,1,0,2935,60,61440,8,0,7645,3
07/11-12:09:40.229523 ,1,408,5,"ICMP Echo Reply",ICMP,192.168.137.180,,192.168.137.170,,2C:81:58:F5:37:8E,00:24:2C:58:5B:F8,0x4A,,,,,,64,0,35654,60,61440,0,0,7645,3
07/11-12:09:40.229560 ,1,51004,2,"PACKET RECEIVED",ICMP,192.168.137.170,,192.168.137.180,,00:24:2C:58:5B:F8,2C:81:58:F5:37:8E,0x4A,,,,,,2,0,2936,60,61440,8,0,7645,4
07/11-12:09:40.229560 ,1,384,5,"ICMP PING",ICMP,192.168.137.170,,192.168.137.180,,00:24:2C:58:5B:F8,2C:81:58:F5:37:8E,0x4A,,,,,,2,0,2936,60,61440,8,0,7645,4
07/11-12:09:40.229571 ,1,408,5,"ICMP Echo Reply",ICMP,192.168.137.180,,192.168.137.170,,2C:81:58:F5:37:8E,00:24:2C:58:5B:F8,0x4A,,,,,,64,0,35655,60,61440,0,0,7645,4
07/11-12:09:40.229592 ,1,51004,2,"PACKET RECEIVED",ICMP,192.168.137.170,,192.168.137.180,,00:24:2C:58:5B:F8,2C:81:58:F5:37:8E,0x4A,,,,,,2,0,2937,60,61440,8,0,7645,5
07/11-12:09:40.229592 ,1,384,5,"ICMP PING",ICMP,192.168.137.170,,192.168.137.180,,00:24:2C:58:5B:F8,2C:81:58:F5:37:8E,0x4A,,,,,,2,0,2937,60,61440,8,0,7645,5
07/11-12:09:40.229602 ,1,408,5,"ICMP Echo Reply",ICMP,192.168.137.180,,192.168.137.170,,2C:81:58:F5:37:8E,00:24:2C:58:5B:F8,0x4A,,,,,,64,0,35656,60,61440,0,0,7645,5
07/11-12:09:40.229621 ,1,51004,2,"PACKET RECEIVED",ICMP,192.168.137.170,,192.168.137.180,,00:24:2C:58:5B:F8,2C:81:58:F5:37:8E,0x4A,,,,,,2,0,2938,60,61440,8,0,7645,6
07/11-12:09:40.229621 ,1,384,5,"ICMP PING",ICMP,192.168.137.170,,192.168.137.180,,00:24:2C:58:5B:F8,2C:81:58:F5:37:8E,0x4A,,,,,,2,0,2938,60,61440,8,0,7645,6
07/11-12:09:40.229631 ,1,408,5,"ICMP Echo Reply",ICMP,192.168.137.180,,192.168.137.170,,2C:81:58:F5:37:8E,00:24:2C:58:5B:F8,0x4A,,,,,,64,0,35657,60,61440,0,0,7645,6
07/11-12:09:40.230567 ,1,51004,2,"PACKET RECEIVED",ICMP,192.168.137.170,,192.168.137.180,,00:24:2C:58:5B:F8,2C:81:58:F5:37:8E,0x4A,,,,,,3,0,2939,60,61440,8,0,7645,7
07/11-12:09:40.230567 ,1,384,5,"ICMP PING",ICMP,192.168.137.170,,192.168.137.180,,00:24:2C:58:5B:F8,2C:81:58:F5:37:8E,0x4A,,,,,,3,0,2939,60,61440,8,0,7645,7
07/11-12:09:40.230588 ,1,408,5,"ICMP Echo Reply",ICMP,192.168.137.180,,192.168.137.170,,2C:81:58:F5:37:8E,00:24:2C:58:5B:F8,0x4A,,,,,,64,0,35658,60,61440,0,0,7645,7
07/11-12:09:40.230615 ,1,51004,2,"PACKET RECEIVED",ICMP,192.168.137.170,,192.168.137.180,,00:24:2C:58:5B:F8,2C:81:58:F5:37:8E,0x4A,,,,,,3,0,2940,60,61440,8,0,7645,8
07/11-12:09:40.230615 ,1,384,5,"ICMP PING",ICMP,192.168.137.170,,192.168.137.180,,00:24:2C:58:5B:F8,2C:81:58:F5:37:8E,0x4A,,,,,,3,0,2940,60,61440,8,0,7645,8
07/11-12:09:40.230626 ,1,408,5,"ICMP Echo Reply",ICMP,192.168.137.180,,192.168.137.170,,2C:81:58:F5:37:8E,00:24:2C:58:5B:F8,0x4A,,,,,,64,0,35659,60,61440,0,0,7645,8
07/11-12:09:40.230644 ,1,51004,2,"PACKET RECEIVED",ICMP,192.168.137.170,,192.168.137.180,,00:24:2C:58:5B:F8,2C:81:58:F5:37:8E,0x4A,,,,,,3,0,2941,60,61440,8,0,7645,9
07/11-12:09:40.230644 ,1,384,5,"ICMP PING",ICMP,192.168.137.170,,192.168.137.180,,00:24:2C:58:5B:F8,2C:81:58:F5:37:8E,0x4A,,,,,,3,0,2941,60,61440,8,0,7645,9
07/11-12:09:40.230654 ,1,408,5,"ICMP Echo Reply",ICMP,192.168.137.180,,192.168.137.170,,2C:81:58:F5:37:8E,00:24:2C:58:5B:F8,0x4A,,,,,,64,0,35660,60,61440,0,0,7645,9
07/11-12:09:40.230672 ,1,51004,2,"PACKET RECEIVED",ICMP,192.168.137.170,,192.168.137.180,,00:24:2C:58:5B:F8,2C:81:58:F5:37:8E,0x4A,,,,,,4,0,2942,60,61440,8,0,7645,10
07/11-12:09:40.230672 ,1,384,5,"ICMP PING",ICMP,192.168.137.170,,192.168.137.180,,00:24:2C:58:5B:F8,2C:81:58:F5:37:8E,0x4A,,,,,,4,0,2942,60,61440,8,0,7645,10
07/11-12:09:40.230681 ,1,408,5,"ICMP Echo Reply",ICMP,192.168.137.180,,192.168.137.170,,2C:81:58:F5:37:8E,00:24:2C:58:5B:F8,0x4A,,,,,,64,0,35661,60,61440,0,0,7645,10
07/11-12:09:40.233019 ,1,51004,2,"PACKET RECEIVED",ICMP,192.168.137.170,,192.168.137.180,,00:24:2C:58:5B:F8,2C:81:58:F5:37:8E,0x4A,,,,,,4,0,2943,60,61440,8,0,7645,11
07/11-12:09:40.233019 ,1,384,5,"ICMP PING",ICMP,192.168.137.170,,192.168.137.180,,00:24:2C:58:5B:F8,2C:81:58:F5:37:8E,0x4A,,,,,,4,0,2943,60,61440,8,0,7645,11
07/11-12:09:40.233033 ,1,408,5,"ICMP Echo Reply",ICMP,192.168.137.180,,192.168.137.170,,2C:81:58:F5:37:8E,00:24:2C:58:5B:F8,0x4A,,,,,,64,0,35662,60,61440,0,0,7645,11
07/11-12:09:40.234858 ,1,51004,2,"PACKET RECEIVED",ICMP,192.168.137.170,,192.168.137.180,,00:24:2C:58:5B:F8,2C:81:58:F5:37:8E,0x4A,,,,,,4,0,2944,60,61440,8,0,7645,12
07/11-12:09:40.234858 ,1,384,5,"ICMP PING",ICMP,192.168.137.170,,192.168.137.180,,00:24:2C:58:5B:F8,2C:81:58:F5:37:8E,0x4A,,,,,,4,0,2944,60,61440,8,0,7645,12
07/11-12:09:40.234871 ,1,408,5,"ICMP Echo Reply",ICMP,192.168.137.180,,192.168.137.170,,2C:81:58:F5:37:8E,00:24:2C:58:5B:F8,0x4A,,,,,,64,0,35663,60,61440,0,0,7645,12
07/11-12:09:40.234894 ,1,51004,2,"PACKET RECEIVED",ICMP,192.168.137.170,,192.168.137.180,,00:24:2C:58:5B:F8,2C:81:58:F5:37:8E,0x4A,,,,,,5,0,2945,60,61440,8,0,7645,13
07/11-12:09:40.234894 ,1,384,5,"ICMP PING",ICMP,192.168.137.170,,192.168.137.180,,00:24:2C:58:5B:F8,2C:81:58:F5:37:8E,0x4A,,,,,,5,0,2945,60,61440,8,0,7645,13
07/11-12:09:40.234903 ,1,408,5,"ICMP Echo Reply",ICMP,192.168.137.180,,192.168.137.170,,2C:81:58:F5:37:8E,00:24:2C:58:5B:F8,0x4A,,,,,,64,0,35664,60,61440,0,0,7645,13
07/11-12:09:40.234924 ,1,51004,2,"PACKET RECEIVED",ICMP,192.168.137.170,,192.168.137.180,,00:24:2C:58:5B:F8,2C:81:58:F5:37:8E,0x4A,,,,,,5,0,2946,60,61440,8,0,7645,14
07/11-12:09:40.234924 ,1,384,5,"ICMP PING",ICMP,192.168.137.170,,192.168.137.180,,00:24:2C:58:5B:F8,2C:81:58:F5:37:8E,0x4A,,,,,,5,0,2946,60,61440,8,0,7645,14
07/11-12:09:40.234934 ,1,408,5,"ICMP Echo Reply",ICMP,192.168.137.180,,192.168.137.170,,2C:81:58:F5:37:8E,00:24:2C:58:5B:F8,0x4A,,,,,,64,0,35665,60,61440,0,0,7645,14
07/11-12:09:40.234953 ,1,51004,2,"PACKET RECEIVED",ICMP,192.168.137.170,,192.168.137.180,,00:24:2C:58:5B:F8,2C:81:58:F5:37:8E,0x4A,,,,,,5,0,2947,60,61440,8,0,7645,15
07/11-12:09:40.234953 ,1,384,5,"ICMP PING",ICMP,192.168.137.170,,192.168.137.180,,00:24:2C:58:5B:F8,2C:81:58:F5:37:8E,0x4A,,,,,,5,0,2947,60,61440,8,0,7645,15
07/11-12:09:40.234963 ,1,408,5,"ICMP Echo Reply",ICMP,192.168.137.180,,192.168.137.170,,2C:81:58:F5:37:8E,00:24:2C:58:5B:F8,0x4A,,,,,,64,0,35666,60,61440,0,0,7645,15
07/11-12:09:40.234981 ,1,51004,2,"PACKET RECEIVED",ICMP,192.168.137.170,,192.168.137.180,,00:24:2C:58:5B:F8,2C:81:58:F5:37:8E,0x4A,,,,,,6,0,2948,60,61440,8,0,7645,16
07/11-12:09:40.234981 ,1,384,5,"ICMP PING",ICMP,192.168.137.170,,192.168.137.180,,00:24:2C:58:5B:F8,2C:81:58:F5:37:8E,0x4A,,,,,,6,0,2948,60,61440,8,0,7645,16
07/11-12:09:40.234991 ,1,408,5,"ICMP Echo Reply",ICMP,192.168.137.180,,192.168.137.170,,2C:81:58:F5:37:8E,00:24:2C:58:5B:F8,0x4A,,,,,,64,0,35667,60,61440,0,0,7645,16
