07/11-12:04:24.266527 ,1,51004,2,"PACKET RECEIVED",UDP,192.168.137.170,45444,192.168.137.180,33434,00:24:2C:58:5B:F8,2C:81:58:F5:37:8E,0x4A,,,,,,1,0,2863,60,61440,,,,
07/11-12:04:24.266595 ,1,402,7,"ICMP Destination Unreachable Port Unreachable",ICMP,192.168.137.180,,192.168.137.170,,2C:81:58:F5:37:8E,00:24:2C:58:5B:F8,0x66,,,,,,64,192,35640,88,90112,3,3,0,0
07/11-12:04:24.266644 ,1,51004,2,"PACKET RECEIVED",UDP,192.168.137.170,34036,192.168.137.180,33435,00:24:2C:58:5B:F8,2C:81:58:F5:37:8E,0x4A,,,,,,1,0,2864,60,61440,,,,
07/11-12:04:24.266660 ,1,402,7,"ICMP Destination Unreachable Port Unreachable",ICMP,192.168.137.180,,192.168.137.170,,2C:81:58:F5:37:8E,00:24:2C:58:5B:F8,0x66,,,,,,64,192,35641,88,90112,3,3,0,0
07/11-12:04:24.266684 ,1,51004,2,"PACKET RECEIVED",UDP,192.168.137.170,35572,192.168.137.180,33436,00:24:2C:58:5B:F8,2C:81:58:F5:37:8E,0x4A,,,,,,1,0,2865,60,61440,,,,
07/11-12:04:24.266699 ,1,402,7,"ICMP Destination Unreachable Port Unreachable",ICMP,192.168.137.180,,192.168.137.170,,2C:81:58:F5:37:8E,00:24:2C:58:5B:F8,0x66,,,,,,64,192,35642,88,90112,3,3,0,0
07/11-12:04:24.266722 ,1,51004,2,"PACKET RECEIVED",UDP,192.168.137.170,39964,192.168.137.180,33437,00:24:2C:58:5B:F8,2C:81:58:F5:37:8E,0x4A,,,,,,2,0,2866,60,61440,,,,
07/11-12:04:24.266736 ,1,402,7,"ICMP Destination Unreachable Port Unreachable",ICMP,192.168.137.180,,192.168.137.170,,2C:81:58:F5:37:8E,00:24:2C:58:5B:F8,0x66,,,,,,64,192,35643,88,90112,3,3,0,0
07/11-12:04:24.266760 ,1,51004,2,"PACKET RECEIVED",UDP,192.168.137.170,45220,192.168.137.180,33438,00:24:2C:58:5B:F8,2C:81:58:F5:37:8E,0x4A,,,,,,2,0,2867,60,61440,,,,
07/11-12:04:24.266775 ,1,402,7,"ICMP Destination Unreachable Port Unreachable",ICMP,192.168.137.180,,192.168.137.170,,2C:81:58:F5:37:8E,00:24:2C:58:5B:F8,0x66,,,,,,64,192,35644,88,90112,3,3,0,0
07/11-12:04:24.266798 ,1,51004,2,"PACKET RECEIVED",UDP,192.168.137.170,46311,192.168.137.180,33439,00:24:2C:58:5B:F8,2C:81:58:F5:37:8E,0x4A,,,,,,2,0,2868,60,61440,,,,
07/11-12:04:24.266811 ,1,402,7,"ICMP Destination Unreachable Port Unreachable",ICMP,192.168.137.180,,192.168.137.170,,2C:81:58:F5:37:8E,00:24:2C:58:5B:F8,0x66,,,,,,64,192,35645,88,90112,3,3,0,0
07/11-12:04:24.266834 ,1,51004,2,"PACKET RECEIVED",UDP,192.168.137.170,56352,192.168.137.180,33440,00:24:2C:58:5B:F8,2C:81:58:F5:37:8E,0x4A,,,,,,3,0,2869,60,61440,,,,
07/11-12:04:24.266850 ,1,51004,2,"PACKET RECEIVED",UDP,192.168.137.170,35256,192.168.137.180,33441,00:24:2C:58:5B:F8,2C:81:58:F5:37:8E,0x4A,,,,,,3,0,2870,60,61440,,,,
07/11-12:04:24.266865 ,1,51004,2,"PACKET RECEIVED",UDP,192.168.137.170,41922,192.168.137.180,33442,00:24:2C:58:5B:F8,2C:81:58:F5:37:8E,0x4A,,,,,,3,0,2871,60,61440,,,,
07/11-12:04:24.266878 ,1,51004,2,"PACKET RECEIVED",UDP,192.168.137.170,40752,192.168.137.180,33443,00:24:2C:58:5B:F8,2C:81:58:F5:37:8E,0x4A,,,,,,4,0,2872,60,61440,,,,
07/11-12:04:24.266891 ,1,51004,2,"PACKET RECEIVED",UDP,192.168.137.170,41925,192.168.137.180,33444,00:24:2C:58:5B:F8,2C:81:58:F5:37:8E,0x4A,,,,,,4,0,2873,60,61440,,,,
07/11-12:04:24.266905 ,1,51004,2,"PACKET RECEIVED",UDP,192.168.137.170,56414,192.168.137.180,33445,00:24:2C:58:5B:F8,2C:81:58:F5:37:8E,0x4A,,,,,,4,0,2874,60,61440,,,,
07/11-12:04:24.266918 ,1,51004,2,"PACKET RECEIVED",UDP,192.168.137.170,47771,192.168.137.180,33446,00:24:2C:58:5B:F8,2C:81:58:F5:37:8E,0x4A,,,,,,5,0,2875,60,61440,,,,
07/11-12:04:24.266931 ,1,51004,2,"PACKET RECEIVED",UDP,192.168.137.170,41807,192.168.137.180,33447,00:24:2C:58:5B:F8,2C:81:58:F5:37:8E,0x4A,,,,,,5,0,2876,60,61440,,,,
07/11-12:04:24.266945 ,1,51004,2,"PACKET RECEIVED",UDP,192.168.137.170,49195,192.168.137.180,33448,00:24:2C:58:5B:F8,2C:81:58:F5:37:8E,0x4A,,,,,,5,0,2877,60,61440,,,,
07/11-12:04:24.266958 ,1,51004,2,"PACKET RECEIVED",UDP,192.168.137.170,52057,192.168.137.180,33449,00:24:2C:58:5B:F8,2C:81:58:F5:37:8E,0x4A,,,,,,6,0,2878,60,61440,,,,
07/11-12:04:24.271319 ,1,51004,2,"PACKET RECEIVED",UDP,192.168.137.170,53700,192.168.137.180,33450,00:24:2C:58:5B:F8,2C:81:58:F5:37:8E,0x4A,,,,,,6,0,2879,60,61440,,,,
07/11-12:04:24.271355 ,1,51004,2,"PACKET RECEIVED",UDP,192.168.137.170,40222,192.168.137.180,33451,00:24:2C:58:5B:F8,2C:81:58:F5:37:8E,0x4A,,,,,,6,0,2880,60,61440,,,,
07/11-12:04:24.271368 ,1,51004,2,"PACKET RECEIVED",UDP,192.168.137.170,58130,192.168.137.180,33452,00:24:2C:58:5B:F8,2C:81:58:F5:37:8E,0x4A,,,,,,7,0,2881,60,61440,,,,
07/11-12:04:24.271381 ,1,51004,2,"PACKET RECEIVED",UDP,192.168.137.170,33821,192.168.137.180,33453,00:24:2C:58:5B:F8,2C:81:58:F5:37:8E,0x4A,,,,,,7,0,2882,60,61440,,,,
07/11-12:04:24.271393 ,1,51004,2,"PACKET RECEIVED",UDP,192.168.137.170,59722,192.168.137.180,33454,00:24:2C:58:5B:F8,2C:81:58:F5:37:8E,0x4A,,,,,,7,0,2883,60,61440,,,,
07/11-12:04:24.271405 ,1,51004,2,"PACKET RECEIVED",UDP,192.168.137.170,50341,192.168.137.180,33455,00:24:2C:58:5B:F8,2C:81:58:F5:37:8E,0x4A,,,,,,8,0,2884,60,61440,,,,
07/11-12:04:24.271418 ,1,51004,2,"PACKET RECEIVED",UDP,192.168.137.170,43796,192.168.137.180,33456,00:24:2C:58:5B:F8,2C:81:58:F5:37:8E,0x4A,,,,,,8,0,2885,60,61440,,,,
07/11-12:04:24.271430 ,1,51004,2,"PACKET RECEIVED",UDP,192.168.137.170,39728,192.168.137.180,33457,00:24:2C:58:5B:F8,2C:81:58:F5:37:8E,0x4A,,,,,,8,0,2886,60,61440,,,,
07/11-12:04:24.271442 ,1,51004,2,"PACKET RECEIVED",UDP,192.168.137.170,36801,192.168.137.180,33458,00:24:2C:58:5B:F8,2C:81:58:F5:37:8E,0x4A,,,,,,9,0,2887,60,61440,,,,
07/11-12:04:24.271456 ,1,51004,2,"PACKET RECEIVED",UDP,192.168.137.170,57920,192.168.137.180,33459,00:24:2C:58:5B:F8,2C:81:58:F5:37:8E,0x4A,,,,,,9,0,2888,60,61440,,,,
07/11-12:04:24.271468 ,1,51004,2,"PACKET RECEIVED",UDP,192.168.137.170,46201,192.168.137.180,33460,00:24:2C:58:5B:F8,2C:81:58:F5:37:8E,0x4A,,,,,,9,0,2889,60,61440,,,,
07/11-12:04:24.271480 ,1,51004,2,"PACKET RECEIVED",UDP,192.168.137.170,58694,192.168.137.180,33461,00:24:2C:58:5B:F8,2C:81:58:F5:37:8E,0x4A,,,,,,10,0,2890,60,61440,,,,
07/11-12:04:24.271492 ,1,51004,2,"PACKET RECEIVED",UDP,192.168.137.170,57447,192.168.137.180,33462,00:24:2C:58:5B:F8,2C:81:58:F5:37:8E,0x4A,,,,,,10,0,2891,60,61440,,,,
07/11-12:04:24.271505 ,1,51004,2,"PACKET RECEIVED",UDP,192.168.137.170,47031,192.168.137.180,33463,00:24:2C:58:5B:F8,2C:81:58:F5:37:8E,0x4A,,,,,,10,0,2892,60,61440,,,,
